x_mm,y_mm,z_mm,U,V,W,k,omega,p,nut,R_xx,R_yy,R_zz,R_xy,R_xz,R_yz
-243.0,0.0,339.0,29.3033504486084,-0.0019070549169555306,-0.04539964348077774,10.261842727661133,21616.38671875,-246.10043334960938,0.0006038100109435618,6.7699809074401855,6.859625339508057,6.895092010498047,-0.0002382059901719913,-8.851921081542969,0.00047734033432789147
-243.0,0.0,342.0,35.90220260620117,-0.0018422129796817899,-0.18290415406227112,8.737927436828613,3861.764892578125,-245.9525909423828,0.0024074786342680454,5.546761989593506,5.903092384338379,6.037783145904541,-0.0014428626745939255,-2.726560354232788,3.8087760913185775e-05
-243.0,0.0,345.00000000000006,38.269378662109375,-0.0017962090205401182,-0.30171462893486023,8.295345306396484,2610.020751953125,-245.69622802734375,0.0032182028517127037,5.177566051483154,5.6251301765441895,5.747469902038574,-0.0024815225042402744,-2.3658854961395264,0.00027590387617237866
-243.0,0.0,348.00000000000006,40.357086181640625,-0.001963121583685279,-0.3858792185783386,7.278581619262695,2105.517822265625,-244.57220458984375,0.0034201873932033777,4.5255351066589355,4.93925666809082,5.026908874511719,-0.003544172504916787,-2.1876413822174072,0.0003559644683264196
-243.0,0.0,351.00000000000006,42.17753219604492,-0.0018629124388098717,-0.45334023237228394,6.256516933441162,1889.256591796875,-243.24794006347656,0.0032581437844783068,3.8943119049072266,4.238946437835693,4.3772807121276855,-0.004534375388175249,-1.7768107652664185,0.0002551153302192688
-243.0,0.0,354.0,43.68416213989258,-0.00173799111507833,-0.570602536201477,4.704237461090088,1675.61328125,-241.5117950439453,0.0026188993360847235,2.9102110862731934,3.178124189376831,3.372297525405884,-0.0018745086854323745,-1.2255743741989136,0.00028065359219908714
-243.0,0.0,355.0,44.031845,-0.0017425951,-0.6080075,4.091298,1545.5513,-240.60437,0.0023243423,2.527116,2.7632148,2.9271808,0.0016181692,-1.0007504,-0.00016120348
-243.0,0.0,358.0,45.08982,-0.0017614738,-0.7213815,2.2247837,1151.6853,-237.77931,0.0014288859,1.3611543,1.5022548,1.5870978,0.006986295,-0.45258254,-0.00085225696
-243.0,0.0,363.0,46.00163,-0.0011676386,-0.867993,0.50061345,585.96313,-232.57422,0.00050096854,0.29919955,0.339301,0.36075428,0.0018285296,-0.055724863,-0.00026339205
-243.0,0.0,373.0,45.95062,7.050863e-05,-1.0837059,0.004040806,66.4229,-222.66106,4.2206266e-05,0.0006674535,0.0031375359,0.004299103,3.1387908e-06,0.0021947895,-3.760697e-06
-243.0,0.0,388.0,45.560886,-0.00014919513,-1.3088458,0.0012176733,16.286516,-207.28178,9.415901e-06,0.00048784667,0.00091376517,0.0010344737,1.0153531e-07,0.00044314566,-1.1153696e-06
-203.0,0.0,339.0,34.60428237915039,0.011353972367942333,-1.2973473072052002,11.186203956604004,22043.896484375,-428.72955322265625,0.0008359703351743519,6.534618377685547,7.467650413513184,8.66873836517334,-0.005637769121676683,-13.38779354095459,-0.0012869799975305796
-203.0,0.0,342.0,40.043128967285156,0.005302125588059425,-1.7731471061706543,8.330246925354004,3389.133544921875,-387.5481262207031,0.002591667464002967,5.1223602294921875,5.602304458618164,6.016281604766846,-0.006494910456240177,-1.5021892786026,0.00575728015974164
-203.0,0.0,345.00000000000006,41.73158645629883,0.003032321110367775,-1.978018045425415,7.726345062255859,2389.55859375,-367.2928466796875,0.0032894883770495653,4.678285598754883,5.210320949554443,5.577386856079102,-0.005683792755007744,-1.2200284004211426,0.004098203033208847
-203.0,0.0,348.00000000000006,43.26725769042969,0.001616301597096026,-2.1585774421691895,6.721829414367676,1939.9268798828125,-349.2188720703125,0.0034546772949397564,4.0747270584106445,4.535438060760498,4.84176778793335,-0.0049607292748987675,-1.2565878629684448,0.002869844902306795
-203.0,0.0,351.00000000000006,44.7066535949707,0.0005316026508808136,-2.2929582595825195,5.314844608306885,1718.9849853515625,-334.1022033691406,0.003049226710572839,3.2549304962158203,3.581427812576294,3.7797675132751465,-0.003433355363085866,-1.0022735595703125,0.0022689467296004295
-203.0,0.0,354.0,45.86343765258789,-0.0005685585201717913,-2.392017126083374,3.5846004486083984,1472.1142578125,-321.2511291503906,0.0022613091859966516,2.233339548110962,2.410780429840088,2.5064175128936768,-0.0025370661169290543,-0.5471771359443665,0.0017710081301629543
-203.0,0.0,363.0,47.167908,-0.0012637166,-2.518726,0.3980588,499.40485,-288.43427,0.00045047465,0.25469142,0.26851022,0.27287406,-0.00095539447,0.007056481,0.0001465637
-203.0,0.0,373.0,46.723488,-0.00021473796,-2.543234,0.003435959,58.52233,-261.9555,2.5964759e-05,0.0020325438,0.0025047201,0.002310201,1.2892557e-06,0.0026937374,-2.261879e-06
-203.0,0.0,388.0,46.0543,-0.000535634,-2.529205,0.0012148862,15.382181,-232.62059,6.5090812e-06,0.0007680976,0.0008767422,0.000783741,2.9105014e-08,0.0004881329,-8.430143e-07
-183.0,0.0,330.59999999999997,-9.056132316589355,0.2150580883026123,4.76939582824707,14.159353256225586,18627.68359375,-375.05755615234375,0.0010978252394124866,12.78822135925293,9.293468475341797,5.999594688415527,-0.06290023028850555,1.9455595016479492,-0.13400380313396454
-183.0,0.0,333.59999999999997,6.390716075897217,0.17651481926441193,0.5268819332122803,31.109333038330078,16129.64453125,-375.962158203125,0.001539635588414967,14.899944305419922,20.591644287109375,25.353178024291992,-0.0267245564609766,-9.084303855895996,0.06735806167125702
-183.0,0.0,336.59999999999997,23.30832862854004,0.05174512788653374,-2.3646490573883057,20.653024673461914,14864.7470703125,-354.8641662597656,0.001228480483405292,12.098087310791016,13.729776382446289,15.681143760681152,-0.01869475468993187,-5.707228660583496,0.03458937630057335
-183.0,0.0,339.59999999999997,34.9015998840332,0.009688583202660084,-3.613285779953003,11.61417007446289,8237.5400390625,-334.04229736328125,0.0015773841878399253,6.937522888183594,7.747839450836182,8.532280921936035,0.0007155166822485626,-4.203418254852295,0.016080867499113083
-183.0,0.0,342.59999999999997,39.74589538574219,0.0030097311828285456,-3.742687463760376,8.200332641601562,3688.77490234375,-327.5082092285156,0.002551605459302664,5.004901885986328,5.4920334815979,5.666387557983398,0.004490311723202467,-3.0147221088409424,0.005153341218829155
-183.0,0.0,345.59999999999997,41.947242736816406,0.0026805212255567312,-3.7745232582092285,6.832586288452148,2138.774658203125,-321.0959777832031,0.0032518745865672827,4.3508687019348145,4.584741115570068,4.644591331481934,-0.0021469788625836372,-1.9667710065841675,0.0011645021149888635
-183.0,0.0,346.0,42.180138,0.0026960436,-3.7814612,6.692381,2032.0887,-320.1502,0.0033307723,4.2858477,4.4912887,4.565664,-0.0034039146,-1.8637592,0.0010716317
-183.0,0.0,348.0,43.280376,0.0023072518,-3.8177762,5.8111324,1783.1016,-315.5044,0.003233692,3.770493,3.898613,3.9636476,-0.005693892,-1.5102258,0.0015140892
-183.0,0.0,353.0,45.557865,0.00047793234,-3.8466797,3.216338,1406.4681,-304.67856,0.0021618505,2.149773,2.15305,2.1056252,-0.0034267472,-0.62168664,0.0021178492
-183.0,0.0,358.0,46.696983,-0.0006959325,-3.7766004,1.1545699,844.3834,-291.99567,0.0009916921,0.78823555,0.7729283,0.7387224,0.0031856878,-0.13608477,0.0006300312
-183.0,0.0,363.0,46.986523,-0.00036335044,-3.6801486,0.29222205,411.65872,-280.21274,0.00038722303,0.2072824,0.19627152,0.17976153,0.00071310153,0.0007270299,6.860309e-05
-183.0,0.0,373.0,46.597393,2.7686749e-05,-3.4764867,0.0029547298,51.507427,-258.9335,2.8586497e-05,0.0028178655,0.0021544176,0.00093670224,-2.51616e-07,0.0025384836,-5.357173e-08
-183.0,0.0,388.0,45.99623,-0.0006130136,-3.2544575,0.0012095919,14.612888,-232.07962,6.8491363e-06,0.00091879757,0.0008727228,0.0006273936,-1.190496e-07,0.00047801193,-7.6233545e-07
-163.0,0.0,321.26666666666665,-5.558785915374756,-0.09376029670238495,2.565786600112915,6.678536415100098,11150.767578125,-281.6795959472656,0.0010537824127823114,6.437422275543213,4.3533854484558105,2.554743766784668,0.006327579729259014,1.615240216255188,0.04782090708613396
-163.0,0.0,324.26666666666665,-3.4619314670562744,-0.10025457292795181,1.7280837297439575,19.15093421936035,3701.960205078125,-281.36248779296875,0.005072104744613171,9.966315269470215,12.281603813171387,15.648420333862305,-0.09681732952594757,-4.3094563484191895,0.018083108589053154
-163.0,0.0,327.26666666666665,-0.46843189001083374,-0.07587425410747528,0.9356073141098022,27.59111213684082,5214.25,-281.58447265625,0.00496819568797946,14.681398391723633,17.957334518432617,22.160747528076172,-0.152822807431221,-7.716043949127197,-0.03875771537423134
-163.0,0.0,330.26666666666665,6.219575881958008,0.011935500428080559,-0.4945666193962097,34.98728942871094,7860.5576171875,-281.151611328125,0.003991407807916403,19.246816635131836,23.02972412109375,27.650020599365234,-0.1457095444202423,-11.334748268127441,-0.05005147308111191
-163.0,0.0,333.26666666666665,17.140335083007812,0.07861878722906113,-2.334153652191162,31.79608726501465,9662.8017578125,-280.2442932128906,0.002961934544146061,18.17630386352539,21.05019760131836,24.38570785522461,-0.07908829301595688,-10.843623161315918,0.00138291553594172
-163.0,0.0,336.0,27.63525,0.06879425,-3.6328156,21.419584,8613.21,-279.8881,0.0023047144,12.706236,14.225666,15.914006,-0.028019527,-7.5121765,0.025588142
-163.0,0.0,336.26666666666665,28.6367130279541,0.06509977579116821,-3.7382431030273438,20.211572647094727,8401.4326171875,-279.8808898925781,0.0022504625376313925,12.036821365356445,13.427507400512695,14.964058876037598,-0.024052318185567856,-7.146473407745361,0.02664993703365326
-163.0,0.0,338.0,33.855957,0.045254417,-4.201195,14.043111,6723.117,-280.0041,0.0021422151,8.525438,9.345029,10.210561,-0.0078767985,-5.378454,0.028095338
-163.0,0.0,343.0,40.545967,0.020564264,-4.4619613,7.038101,2410.052,-279.8513,0.0030642033,4.5068192,4.697794,4.865356,0.00052786083,-2.3500385,0.015513227
-163.0,0.0,348.0,43.430397,0.010238323,-4.576563,4.6954794,1590.248,-276.97302,0.002903705,3.0312726,3.1327653,3.2286506,-0.004338812,-1.3931465,0.008954002
-163.0,0.0,353.0,45.4607,0.0048851403,-4.629662,2.1099558,1228.694,-272.64548,0.0016258429,1.4118085,1.4056035,1.3818685,-0.0016970846,-0.42051825,0.002520207
-163.0,0.0,363.0,46.542007,0.0020426007,-4.417614,0.17767383,310.0214,-259.08856,0.0003174331,0.13313463,0.11888226,0.10357861,0.00043544042,0.00028368985,0.00019261743
-163.0,0.0,373.0,46.230675,0.00051801733,-4.1746807,0.0024219616,43.012356,-244.65907,3.475619e-05,0.0029959725,0.0017971237,5.3456984e-05,-7.0087026e-07,0.0022568365,5.149585e-06
-163.0,0.0,388.0,45.76553,-0.0006398305,-3.8733606,0.0012025186,13.5964365,-223.65979,8.329144e-06,0.0010293676,0.0008807105,0.00049504626,-1.16779454e-07,0.00047379005,-8.0562444e-07
-143.00000000000003,0.0,311.93333333333334,-6.407980442047119,-0.04207073524594307,2.985966444015503,6.571357727050781,11225.755859375,-268.445556640625,0.0010692349169403315,6.9360198974609375,4.295504570007324,1.911250352859497,0.005939461290836334,2.047213554382324,0.020481234416365623
-143.00000000000003,0.0,314.93333333333334,-5.252182483673096,-0.045576754957437515,2.5079095363616943,16.926597595214844,2665.776123046875,-269.056640625,0.006597395986318588,9.37939167022705,10.700448989868164,13.540589332580566,-0.025637155398726463,-2.485255718231201,0.0200628824532032
-143.00000000000003,0.0,317.93333333333334,-4.084634304046631,-0.04856746643781662,2.070678472518921,22.906156539916992,2468.214111328125,-269.28857421875,0.009307250380516052,12.680988311767578,14.423833847045898,18.55642318725586,-0.042713385075330734,-4.313281536102295,0.032728008925914764
-143.00000000000003,0.0,320.93333333333334,-2.2332746982574463,-0.05146849527955055,1.4761552810668945,30.3007869720459,2920.15234375,-268.6890563964844,0.009886826388537884,16.352294921875,19.295406341552734,24.86257553100586,-0.0610608272254467,-7.64631986618042,0.028113555163145065
-143.00000000000003,0.0,323.93333333333334,0.929008960723877,-0.04714874550700188,0.6488686203956604,39.05357360839844,4181.93896484375,-267.7730407714844,0.008434552699327469,21.055648803710938,25.289724349975586,31.65459632873535,-0.10348422825336456,-11.572549819946289,0.005745637696236372
-143.00000000000003,0.0,326.93333333333334,6.460054874420166,-0.026095958426594734,-0.5282440781593323,46.87381362915039,5995.412109375,-266.590576171875,0.006712015252560377,25.876962661743164,30.724531173706055,37.05125427246094,-0.14825110137462616,-14.744735717773438,-0.015534340403974056
-143.0,0.0,327.0,6.6015286,-0.025493475,-0.5570615,47.03594,6038.9,-266.56235,0.006675777,25.983603,30.837349,37.156593,-0.14905761,-14.796819,-0.015922507
-143.0,0.0,329.0,11.808903,-0.0034476249,-1.4900861,48.709427,7085.255,-265.42416,0.005917888,27.37465,32.082096,37.913345,-0.15813194,-15.975644,-0.017804187
-143.0,0.0,333.0,24.455872,0.034547597,-3.2915907,36.752617,7651.995,-262.61407,0.0044922405,21.470003,24.34568,27.719059,-0.10231548,-13.178713,0.0066617755
-143.0,0.0,338.0,36.89598,0.027168741,-4.4599066,11.780268,4501.943,-259.71664,0.0026738802,7.228789,7.8376665,8.501889,-0.014447867,-4.30434,0.016359182
-143.0,0.0,343.0,41.363834,0.01470651,-4.7543554,6.0491443,1942.778,-257.29303,0.0031513125,3.745985,4.0256896,4.32476,-0.0024814156,-1.9058424,0.010405069
-143.0,0.0,353.0,45.545147,0.004244955,-5.042097,1.1941129,1010.93896,-250.51784,0.0011140215,0.7907274,0.7924789,0.7927415,-0.000773126,-0.18149512,0.0013378488
-143.0,0.0,363.0,46.12067,0.002192881,-4.890758,0.102015644,221.0379,-240.27193,0.00026077885,0.07675585,0.068106435,0.058196157,0.00026319313,0.003441918,0.00013777723
-143.0,0.0,373.0,45.843193,0.00046314948,-4.67847,0.0019735273,35.118683,-229.32304,3.6066765e-05,0.0026415447,0.0014933707,-0.0001898011,1.1017061e-06,0.0018209466,4.819723e-06
-143.0,0.0,388.0,45.47384,-0.00079910987,-4.3740087,0.001194802,12.45133,-212.42052,9.901695e-06,0.0010926381,0.0008946913,0.000403014,-2.5728106e-08,0.00045918982,-1.011128e-06
-123.0,0.0,302.59999999999997,-7.143033981323242,-0.0248834490776062,3.333763360977173,6.634398937225342,11464.943359375,-258.60394287109375,0.001074622618034482,7.393492221832275,4.356672763824463,1.5162632465362549,0.004173348192125559,2.411902904510498,0.01191596407443285
-123.0,0.0,305.59999999999997,-6.357987403869629,-0.025908272713422775,3.0030832290649414,16.835363388061523,2384.156494140625,-258.88592529296875,0.007481456268578768,9.804336547851562,10.700021743774414,13.096359252929688,-0.011414146982133389,-2.000302314758301,0.00670580891892314
-123.0,0.0,308.59999999999997,-5.586215972900391,-0.026632552966475487,2.692720890045166,21.72123146057129,2007.5523681640625,-259.3497314453125,0.011088334023952484,12.478670120239258,13.664688110351562,17.24746322631836,-0.017957856878638268,-3.1582999229431152,0.01109315175563097
-123.0,0.0,311.59999999999997,-4.495907783508301,-0.027379432693123817,2.275937557220459,27.496553421020508,1963.3099365234375,-259.4030456542969,0.013992886990308762,15.184946060180664,17.254362106323242,22.55604362487793,-0.012834311462938786,-5.28718376159668,0.012100610882043839
-123.0,0.0,314.59999999999997,-3.067701816558838,-0.028331631794571877,1.782394528388977,33.891502380371094,2201.5927734375,-259.0750427246094,0.015307947993278503,18.28248405456543,21.374431610107422,28.14217758178711,-0.004897332284599543,-8.053471565246582,0.01466431375592947
-123.0,0.0,317.59999999999997,-1.0648694038391113,-0.02932879328727722,1.1875370740890503,41.28904342651367,2794.941650390625,-258.4239196777344,0.014279329217970371,22.1405086517334,26.36414337158203,34.12548828125,-0.010431899689137936,-11.42153549194336,0.01634947396814823
-123.0,0.0,318.0,-0.773635,-0.02946156,1.1040537,42.317955,2888.4412,-258.32556,0.014047651,22.7087,27.06642,34.918427,-0.011668477,-11.8269,0.01644711
-123.0,0.0,320.0,1.3408569,-0.029357513,0.56924385,48.098362,3573.5942,-257.77142,0.012335006,25.928173,31.06618,39.266792,-0.036010373,-14.219269,0.014539945
-123.0,0.0,323.0,5.768519,-0.025892368,-0.43604782,56.362114,4785.6143,-256.79102,0.009986181,30.975708,36.80837,44.969917,-0.08322791,-17.050068,0.0065944633
-123.0,0.0,328.0,16.909195,-0.0031069252,-2.5052261,60.794445,6474.0244,-253.89981,0.008574487,34.247906,40.049374,47.30064,-0.15850216,-21.436592,-0.011221407
-123.0,0.0,333.0,29.997854,0.02149079,-4.1214085,33.105976,6024.445,-249.99927,0.005244921,19.698957,21.942688,24.572231,-0.09017452,-11.8181095,0.0071038892
-123.0,0.0,343.0,42.28235,0.010246545,-5.1657987,4.889672,1635.9575,-243.29277,0.0029794823,2.9891968,3.244656,3.5434732,-0.0027664846,-1.4978564,0.007641946
-123.0,0.0,353.0,45.609676,0.003285394,-5.428611,0.6255286,757.5665,-235.27744,0.0007756,0.4204925,0.4139186,0.4096152,-0.00032275464,-0.05803009,0.0007635445
-123.0,0.0,363.0,45.761646,0.0015313674,-5.2866263,0.055480577,148.93921,-225.62723,0.00021603476,0.04378268,0.037112948,0.02959783,0.00012973737,0.006304661,9.510105e-05
-123.0,0.0,373.0,45.494083,-3.0386902e-05,-5.0945387,0.0016701936,28.768902,-215.77245,3.6694102e-05,0.0023394371,0.001317659,-0.00031787658,1.5762511e-06,0.0016153514,2.7853466e-06
-123.0,0.0,388.0,45.174873,-0.0011083515,-4.7943816,0.0011874781,11.302008,-200.85588,1.0964972e-05,0.0011180033,0.00091306155,0.00034421126,3.836456e-08,0.00043983682,-1.4037234e-06
-103.00000000000001,0.0,293.26666666666665,-7.749874114990234,-0.017001094296574593,3.6220202445983887,6.72417688369751,11752.984375,-250.013427734375,0.0010706401662901044,7.780728340148926,4.434359073638916,1.2313268184661865,0.003169467207044363,2.694091558456421,0.008105275221168995
-103.00000000000001,0.0,296.26666666666665,-7.188937187194824,-0.017869452014565468,3.4021592140197754,16.81690216064453,2286.0341796875,-250.10276794433594,0.007860004901885986,10.026329040527344,10.801663398742676,12.76033878326416,-0.0032156475353986025,-1.7131634950637817,0.002098316326737404
-103.00000000000001,0.0,299.2666666666667,-6.554131984710693,-0.01835119165480137,3.14687180519104,21.52532958984375,1835.33154296875,-250.56112670898438,0.01231825165450573,12.386948585510254,13.666905403137207,16.84063148498535,-0.00700291246175766,-2.743941068649292,0.0045014931820333
-103.00000000000001,0.0,302.2666666666667,-5.74159049987793,-0.018863188102841377,2.819840431213379,26.63896369934082,1632.5211181640625,-250.80088806152344,0.01642359048128128,14.792003631591797,16.79226303100586,21.651988983154297,-0.013623954728245735,-4.4115424156188965,0.009093495085835457
-103.00000000000001,0.0,305.26666666666665,-4.747578144073486,-0.019503837451338768,2.434544563293457,31.947275161743164,1644.6925048828125,-250.7679901123047,0.019382411614060402,17.24736785888672,20.093599319458008,26.564373016357422,-0.02114265412092209,-6.387911319732666,0.015277075581252575
-103.00000000000001,0.0,308.26666666666665,-3.553971767425537,-0.02032496966421604,2.0045063495635986,37.55752944946289,1806.5831298828125,-250.5363311767578,0.020756494253873825,19.959136962890625,23.68544578552246,31.449676513671875,-0.029855230823159218,-8.591036796569824,0.021591102704405785
-103.0,0.0,308.0,-3.6668413,-0.02024664,2.0441842,37.045357,1787.7612,-250.56271,0.020683689,19.707653,23.354162,31.009447,-0.029012285,-8.383188,0.021038946
-103.0,0.0,310.0,-2.736186,-0.02085754,1.7295175,41.077858,1975.1776,-250.29866,0.020760356,21.713451,25.998726,34.420044,-0.036911733,-10.095535,0.024937218
-103.0,0.0,313.0,-0.9449464,-0.021796307,1.179283,47.9588,2446.6152,-249.66257,0.019088292,25.339127,30.652998,39.917248,-0.055004753,-13.034918,0.029035633
-103.0,0.0,318.0,4.010262,-0.021930357,-0.09857787,61.83845,3736.4565,-248.28104,0.014023713,33.42719,40.24133,50.01294,-0.10570344,-17.954159,0.028088424
-103.0,0.0,323.0,12.558473,-0.01462184,-1.8875004,70.622185,5091.6943,-246.11986,0.011854968,39.184906,46.350204,55.675003,-0.16934143,-22.483015,0.015166117
-103.0,0.0,333.0,33.869717,0.012807671,-4.7909446,26.000137,4755.0215,-238.91795,0.005130309,15.610603,17.24205,19.143173,-0.08206581,-8.933282,0.0098624285
-103.0,0.0,343.0,43.149868,0.0057514133,-5.641114,3.6076381,1393.1908,-231.43494,0.002552428,2.1976774,2.3883784,2.6284359,-0.0028739353,-1.0469383,0.0043802448
-103.0,0.0,353.0,45.533684,0.002031122,-5.822189,0.30870947,498.68716,-222.45044,0.0005823397,0.21561845,0.20396009,0.19363797,-3.069355e-05,-0.0063938363,0.00043259063
-103.0,0.0,363.0,45.423492,0.0006052153,-5.6652164,0.02887231,98.53252,-212.86562,0.00017654635,0.02492528,0.019609349,0.013041823,2.995609e-05,0.0070673516,3.8675513e-05
-103.0,0.0,373.0,45.169243,-0.00059976586,-5.4754314,0.0014788221,23.814949,-203.3612,3.629324e-05,0.0021447353,0.001244944,-0.00043323252,9.026711e-07,0.0014691148,3.9088226e-07
-103.0,0.0,388.0,44.878483,-0.0014592716,-5.167709,0.0011807911,10.196363,-189.43108,1.1344666e-05,0.0011230657,0.0009340792,0.0003046104,-3.4563254e-08,0.00041105994,-1.7434292e-06
-83.0,0.0,283.93333333333334,-8.223112106323242,-0.013833855278789997,3.82898211479187,7.048768043518066,12181.2158203125,-241.58131408691406,0.0010985687840729952,8.347447395324707,4.664007186889648,1.083225965499878,0.002931588562205434,3.036301851272583,0.006525764241814613
-83.0,0.0,286.93333333333334,-7.877259731292725,-0.013897422701120377,3.681948184967041,16.887990951538086,2227.48779296875,-242.19879150390625,0.008183876052498817,10.208337783813477,10.948948860168457,12.556303024291992,-0.0008090871851891279,-1.324303388595581,0.0006947005167603493
-83.0,0.0,289.93333333333334,-7.373910903930664,-0.01421283558011055,3.483614444732666,21.305004119873047,1685.988525390625,-242.72882080078125,0.013167283497750759,12.697981834411621,13.669095039367676,16.28179168701172,-0.0002744501980487257,-2.304161787033081,0.0024496898986399174
-83.0,0.0,292.93333333333334,-6.6781697273254395,-0.014714560471475124,3.2147014141082764,26.108991622924805,1463.082763671875,-243.04171752929688,0.018119025975465775,14.755372047424316,16.618967056274414,20.859956741333008,-0.004939711652696133,-3.9524641036987305,0.00693108793348074
-83.0,0.0,295.93333333333334,-5.865121841430664,-0.015275691635906696,2.9093198776245117,30.86174201965332,1401.3970947265625,-243.23704528808594,0.022084785625338554,16.881179809570312,19.55344581604004,25.311321258544922,-0.012061906047165394,-5.672592639923096,0.011633510701358318
-83.0,0.0,298.0,-5.228791,-0.01571379,2.6774962,34.18832,1419.5934,-243.31734,0.0240506,18.38967,21.63473,28.370138,-0.016934166,-6.8913755,0.014968368
-83.0,0.0,298.93333333333334,-4.931521415710449,-0.01591862365603447,2.570038318634033,35.69945526123047,1435.0013427734375,-243.346923828125,0.024838751181960106,19.065156936645508,22.583066940307617,29.76351547241211,-0.01914953626692295,-7.463438510894775,0.01653551496565342
-83.0,0.0,300.0,-4.570941,-0.01617557,2.4412568,37.46889,1464.3351,-243.35928,0.025546165,19.864544,23.703247,31.377296,-0.021609424,-8.138341,0.018381793
-83.0,0.0,303.0,-3.4327834,-0.017027438,2.044127,42.705143,1615.7292,-243.26529,0.026421584,22.310858,27.07864,36.01613,-0.02817956,-10.123814,0.02367852
-83.0,0.0,308.0,-0.87686855,-0.018771695,1.2264184,53.005318,2162.961,-242.50397,0.023845952,27.57185,33.9759,44.458374,-0.052288182,-14.218706,0.030800369
-83.0,0.0,313.0,3.2429135,-0.01996087,0.090679415,65.64496,3074.467,-241.2079,0.018322138,34.89809,42.655663,53.73476,-0.092975035,-18.5684,0.031004082
-83.0,0.0,323.0,18.68134,-0.009354915,-3.119378,74.46156,4831.9434,-236.47556,0.014540035,41.569447,48.927456,58.428394,-0.18964078,-25.785776,0.012074534
-83.0,0.0,333.0,36.87684,0.0071829,-5.4444513,18.548977,3739.3145,-229.04619,0.0045866366,11.136345,12.303491,13.6584,-0.054794665,-6.176516,0.008149167
-83.0,0.0,343.0,43.88031,0.0023674339,-6.1483502,2.3015249,1165.7698,-220.31097,0.0019168924,1.4141335,1.5215921,1.6671838,-0.0017641765,-0.590306,0.002033754
-83.0,0.0,353.0,45.326706,0.00091844745,-6.22219,0.15504284,308.31866,-210.66655,0.00047341458,0.115974955,0.102856055,0.088845626,7.9833466e-05,0.012125242,0.0002575963
-83.0,0.0,363.0,45.086224,-0.00025230434,-6.0393715,0.014761215,65.64489,-200.70824,0.000140335,0.014574347,0.010444657,0.0044750473,2.6501953e-05,0.006160149,6.2663014e-07
-83.0,0.0,373.0,44.851063,-0.0011200476,-5.8380117,0.001362763,19.9783,-191.32928,3.222532e-05,0.0019400526,0.0012185965,-0.0004338337,5.1000774e-07,0.0012210623,-1.5046145e-06
-83.0,0.0,388.0,44.581104,-0.0017809788,-5.5093293,0.0011748247,9.16643,-178.00764,1.1203114e-05,0.0011191297,0.0009568049,0.00027377933,-7.2625426e-08,0.00037306006,-1.9705928e-06
-63.0,0.0,274.59999999999997,-7.874878406524658,-0.013786324299871922,3.590009927749634,7.630479335784912,12506.4990234375,-228.08543395996094,0.0011939011747017503,8.87524700164795,5.065650463104248,1.3188426494598389,0.003457240993157029,3.372556209564209,0.006759164854884148
-63.0,0.0,277.59999999999997,-8.007630348205566,-0.012709596194326878,3.484086036682129,17.575759887695312,2099.3837890625,-230.00656127929688,0.009036910720169544,10.779958724975586,11.490181922912598,12.83110523223877,-0.0003339633112773299,-0.03743355721235275,-0.0025170568842440844
-63.0,0.0,280.59999999999997,-7.790248870849609,-0.012287184596061707,3.348078966140747,21.49674415588379,1609.177978515625,-231.7979736328125,0.014131861738860607,12.895740509033203,13.926687240600586,16.02997398376465,-0.0013841973850503564,-0.6868391036987305,-0.0023463403340429068
-63.0,0.0,283.59999999999997,-7.383347988128662,-0.011915858834981918,3.145357608795166,25.80982208251953,1353.1429443359375,-233.09202575683594,0.019385095685720444,15.0509672164917,16.58770751953125,19.981178283691406,-0.004348669666796923,-2.0545175075531006,-0.0013273324584588408
-63.0,0.0,286.59999999999997,-6.810125350952148,-0.01171075738966465,2.918438196182251,30.09619903564453,1269.145263671875,-234.16749572753906,0.023797204717993736,17.15438461303711,19.235536575317383,23.8143253326416,-0.008066976442933083,-3.779111385345459,0.0004982700920663774
-63.0,0.0,289.0,-6.2426624,-0.011706243,2.7228143,33.562695,1263.1316,-234.92809,0.026561404,18.835262,21.395761,26.889957,-0.010994793,-5.2722406,0.002562487
-63.0,0.0,289.59999999999997,-6.092185974121094,-0.011718093417584896,2.672604560852051,34.43602752685547,1265.5948486328125,-235.1102752685547,0.027193088084459305,19.25103187561035,21.94124984741211,27.675870895385742,-0.011737869121134281,-5.665293216705322,0.00315091828815639
-63.0,0.0,291.0,-5.7100034,-0.011797533,2.5488272,36.52058,1281.9766,-235.501,0.028446605,20.230293,23.252598,29.557611,-0.01359474,-6.594725,0.0047938703
-63.0,0.0,293.0,-5.107213,-0.012005707,2.3598945,39.58416,1324.7959,-235.99628,0.029834619,21.638462,25.196854,32.341064,-0.016500996,-7.9464626,0.0076753953
-63.0,0.0,298.0,-3.254522,-0.013159255,1.796314,47.933876,1549.8387,-236.86954,0.030943066,25.418972,30.611216,39.845688,-0.02583754,-11.433742,0.017144332
-63.0,0.0,303.0,-0.8191511,-0.015029294,1.0780926,57.555103,1968.0767,-236.89935,0.028662948,30.03591,37.030502,48.041676,-0.04074305,-15.271008,0.025675705
-63.0,0.0,313.0,8.494875,-0.017340539,-1.2933606,79.86338,3467.434,-234.24837,0.018649545,43.08944,52.279293,64.36166,-0.112136416,-23.019531,0.024340082
-63.0,0.0,323.0,23.752039,-0.006964888,-4.1922626,69.66093,4427.395,-228.05104,0.015694415,39.116093,45.841568,54.37245,-0.18713148,-25.138332,0.014166223
-63.0,0.0,333.0,39.288136,0.0024871796,-6.1428704,12.141757,2863.3965,-219.1494,0.0038750465,7.2727647,8.056276,8.95635,-0.031002648,-3.9069798,0.0046709604
-63.0,0.0,343.0,44.375294,8.870639e-05,-6.6784787,1.2059026,928.83276,-208.79358,0.001228579,0.76275414,0.7980631,0.85096973,-0.0008119658,-0.24019858,0.0007260065
-63.0,0.0,353.0,45.02522,-3.2111468e-05,-6.6276946,0.074974716,187.47139,-198.5497,0.0003768593,0.06331733,0.050829772,0.034484982,0.00011158263,0.01672517,0.00014873655
-63.0,0.0,363.0,44.73741,-0.0010015763,-6.408918,0.007539321,44.594093,-188.26431,0.000110406894,0.009013854,0.005870183,0.0002094931,2.567078e-05,0.0048070014,-1.0305825e-05
-63.0,0.0,373.0,44.52563,-0.0015994402,-6.184185,0.0012924819,16.980648,-179.05174,2.7974154e-05,0.0017926935,0.0012231362,-0.00043141108,1.5757576e-07,0.0009829168,-2.6376672e-06
-63.0,0.0,388.0,44.277298,-0.0021416033,-5.8234344,0.0011695313,8.224406,-166.3344,1.0664361e-05,0.001108484,0.0009780168,0.0002525063,-1.270397e-07,0.00032356242,-2.06326e-06
-43.0,0.0,265.26666666666665,-5.411497592926025,-0.015658775344491005,2.2780447006225586,7.5694074630737305,12142.3466796875,-208.0982666015625,0.0012377053499221802,7.646081924438477,5.0631232261657715,2.4218976497650146,0.004248223267495632,2.867281675338745,0.007781385909765959
-43.0,0.0,268.26666666666665,-6.632138729095459,-0.013859708793461323,2.3480100631713867,16.887359619140625,2172.3798828125,-211.6794891357422,0.008219537325203419,10.921709060668945,11.22959041595459,11.471677780151367,0.0010390481911599636,2.6488497257232666,-0.003414423670619726
-43.0,0.0,271.26666666666665,-7.07132625579834,-0.013191517442464828,2.3175504207611084,20.895036697387695,1639.386962890625,-214.2498779296875,0.013057895936071873,13.307292938232422,13.774477005004883,14.524511337280273,0.0018481187289580703,2.4687960147857666,-0.0029208255000412464
-43.0,0.0,274.26666666666665,-7.284327983856201,-0.012515449896454811,2.2198352813720703,25.21806526184082,1404.36962890625,-216.69512939453125,0.018185876309871674,15.963871955871582,16.461467742919922,18.11679458618164,0.0016328413039445877,1.9861271381378174,-0.003231925191357732
-43.0,0.0,277.26666666666665,-7.225668430328369,-0.011815549805760384,2.1007442474365234,29.444217681884766,1296.093994140625,-218.54368591308594,0.02281370386481285,18.318082809448242,19.063068389892578,21.5668888092041,0.00021144056518096477,0.45757192373275757,-0.0037228106521070004
-43.0,0.0,280.26666666666665,-6.938826560974121,-0.011188680306077003,1.964147925376892,33.70085144042969,1261.6649169921875,-220.27061462402344,0.02672528848052025,20.602310180664062,21.69023323059082,25.12090301513672,-0.002279277890920639,-1.4744138717651367,-0.002990510081872344
-43.0,0.0,281.0,-6.8396277,-0.011053949,1.9272041,34.75818,1260.1755,-220.66438,0.027569592,21.15657,22.345436,26.019169,-0.0030019218,-1.9987621,-0.0026654026
-43.0,0.0,283.0,-6.4952817,-0.010737367,1.8168839,37.689877,1272.7174,-221.66003,0.029579923,22.669327,24.17507,28.540354,-0.0051473263,-3.4730928,-0.0014557143
-43.0,0.0,288.0,-5.2781878,-0.010256149,1.4868745,45.384396,1374.4105,-223.8132,0.032969967,26.47825,29.04859,35.242313,-0.012072315,-7.549981,0.0027996756
-43.0,0.0,293.0,-3.5119781,-0.010288921,1.0567956,53.785458,1581.1954,-225.5196,0.03401035,30.386097,34.497845,42.683537,-0.022373298,-11.886424,0.008914524
-43.0,0.0,303.0,2.352293,-0.012464295,-0.32433274,73.52378,2436.322,-226.48618,0.02753785,39.627647,47.80705,59.614548,-0.06395679,-20.831802,0.025637433
-43.0,0.0,313.0,13.775763,-0.013900033,-2.8265443,86.53432,3552.0374,-223.34247,0.021057133,47.25287,56.772873,69.02878,-0.13424611,-26.687006,0.023517104
-43.0,0.0,323.0,28.116268,-0.006523163,-5.276838,59.55813,4032.5378,-215.94783,0.014770591,33.671223,39.289665,46.15946,-0.16556257,-21.754335,0.013658407
-43.0,0.0,333.0,41.126884,-0.0009923179,-6.8800573,6.887833,2099.595,-205.87381,0.0029765093,4.135455,4.5733013,5.06792,-0.014163674,-2.1215777,0.0020124863
-43.0,0.0,343.0,44.531235,-0.0013686963,-7.193731,0.49419487,656.9278,-194.78667,0.0006925378,0.33185622,0.32874954,0.32786307,-0.00023232584,-0.06260621,0.00017845415
-43.0,0.0,353.0,44.633102,-0.0009366671,-7.017439,0.034014113,110.65365,-184.58057,0.00028778944,0.034954574,0.024532437,0.0076502785,8.285527e-05,0.013731885,9.2752794e-05
-43.0,0.0,363.0,44.36583,-0.0016463646,-6.7593527,0.004034524,31.41605,-174.75717,8.141002e-05,0.0058563277,0.0036443174,-0.0014268372,1.0058685e-05,0.0031784307,-5.1183374e-06
-43.0,0.0,373.0,44.184,-0.0020038793,-6.504104,0.0012494058,14.635582,-166.06427,2.440109e-05,0.0016871139,0.0012448744,-0.0004337225,-9.148177e-08,0.0007604009,-3.2967046e-06
-43.0,0.0,388.0,43.964283,-0.002478727,-6.1059265,0.0011647707,7.38362,-154.24513,1.0001871e-05,0.0010936554,0.0009978154,0.00023805647,-1.5185627e-07,0.00026745506,-2.0532764e-06
-23.0,0.0,255.93333333333334,0.23862430453300476,-0.013616225682199001,-0.4375922381877899,4.746038436889648,9917.2734375,-210.36380004882812,0.000846982526127249,2.975033760070801,3.2367103099823,3.288475751876831,0.0024113331455737352,0.5080888867378235,0.004741688724607229
-23.0,0.0,258.93333333333334,-2.737715721130371,-0.01263736467808485,0.11084052920341492,10.591684341430664,2912.726806640625,-210.23768615722656,0.0035958546213805676,8.149574279785156,7.193725109100342,5.687286376953125,0.002683448838070035,3.115410804748535,-0.0008493176428601146
-23.0,0.0,261.93333333333334,-4.70701789855957,-0.012551817111670971,0.6051381826400757,13.67121696472168,2466.942626953125,-208.6989288330078,0.0056526330299675465,10.747061729431152,9.168146133422852,7.360363483428955,0.004558834712952375,3.240494966506958,-0.0008746614912524819
-23.0,0.0,264.93333333333334,-6.252403736114502,-0.012309026904404163,1.0578304529190063,18.133455276489258,2060.093994140625,-207.421630859375,0.00908005889505148,14.361726760864258,11.996969223022461,9.94068717956543,0.006506665609776974,3.0566658973693848,-0.0011406794656068087
-23.0,0.0,267.93333333333334,-7.020864963531494,-0.01201601978391409,1.3186767101287842,23.52329444885254,1751.964599609375,-206.11293029785156,0.013743812218308449,17.631471633911133,15.397412300109863,14.06554889678955,0.00567106157541275,1.6493427753448486,-0.0006363971042446792
-23.0,0.0,270.93333333333334,-7.239248275756836,-0.011815889738500118,1.4067606925964355,29.27671241760254,1551.0830078125,-205.12437438964844,0.01912599243223667,20.412086486816406,19.01656723022461,19.139545440673828,0.0037488138768821955,-0.29725876450538635,0.0008151442743837833
-23.0,0.0,271.0,-7.2419915,-0.01181195,1.4080203,29.40577,1547.0754,-205.10402,0.019248286,20.465742,19.097406,19.262083,0.003692414,-0.34931287,0.00085819926
-23.0,0.0,273.0,-7.186973,-0.011737891,1.3922997,33.23144,1467.098,-204.65346,0.022834089,22.156826,21.50051,22.807175,0.0027013768,-1.6671082,0.0019800148
-23.0,0.0,278.0,-6.6696744,-0.011607102,1.2113018,42.551647,1385.2251,-203.93556,0.03070571,26.085472,27.35614,31.666376,0.00051313394,-5.1333213,0.004270527
-23.0,0.0,283.0,-5.619247,-0.011406665,0.87478805,51.586323,1455.3175,-203.62482,0.035392515,30.206358,33.099277,39.869835,-0.0040650014,-8.931874,0.005605808
-23.0,0.0,293.0,-1.7765651,-0.010998581,-0.10755911,70.287315,1947.4205,-203.65134,0.03612909,39.518803,45.330143,55.72252,-0.029384037,-18.139095,0.0110468855
-23.0,0.0,303.0,6.0561514,-0.0115802055,-1.7861117,88.39196,2828.6929,-204.21162,0.025459034,48.650993,57.824703,70.29363,-0.081194125,-25.588293,0.02229902
-23.0,0.0,313.0,18.321117,-0.011430363,-4.1909566,86.13451,3465.4038,-201.46497,0.023721792,47.516026,56.544636,68.21556,-0.15032409,-28.987543,0.022080677
-23.0,0.0,323.0,31.945415,-0.0063142474,-6.3038034,45.744946,3650.1729,-195.33704,0.0124431625,26.037382,30.252674,35.203297,-0.12665857,-16.858288,0.011015233
-23.0,0.0,333.0,42.35292,-0.0032502783,-7.542811,3.3201382,1440.8097,-186.77377,0.0020771332,2.0231504,2.2080312,2.4099054,-0.0049882815,-0.9651048,0.0005537844
-23.0,0.0,343.0,44.33402,-0.002189859,-7.616034,0.17065214,386.01196,-177.30316,0.0004214976,0.12815116,0.11543072,0.0977595,-4.4638336e-06,-0.0071296548,2.4443261e-05
-23.0,0.0,353.0,44.18007,-0.0016924876,-7.349556,0.014815094,65.64014,-168.41835,0.00020889367,0.019443281,0.012230044,-0.0027675414,5.301848e-05,0.008282203,4.083062e-05
-23.0,0.0,363.0,43.97357,-0.002149891,-7.0635223,0.002410166,23.226328,-160.03134,5.9323636e-05,0.003986143,0.0025849852,-0.0017461281,8.0120935e-06,0.0018457389,-1.4131319e-05
-23.0,0.0,373.0,43.82857,-0.00233374,-6.7808123,0.001222362,12.7789545,-152.35353,2.1779148e-05,0.0015931806,0.001278528,-0.00042700884,-1.9491665e-07,0.0005597838,-3.5736996e-06
-23.0,0.0,388.0,43.645355,-0.0027951435,-6.3489423,0.0011603237,6.670368,-141.81856,9.420386e-06,0.0010737593,0.0010177003,0.00022919464,-1.5360006e-07,0.00021128288,-1.9932818e-06
-3.0,0.0,246.6,2.8520901203155518,0.00826351623982191,-1.0159258842468262,2.0422823429107666,9769.9541015625,-231.5901336669922,0.00021013451623730361,1.9278496503829956,1.3824899196624756,0.7929447889328003,-0.0003351457417011261,-0.128703311085701,-0.0008337046019732952
-3.0,0.0,249.6,-1.8638797998428345,0.007772607728838921,3.7252848148345947,6.464816093444824,8317.0869140625,-229.26148986816406,0.0007480221684090793,5.982717514038086,4.319794178009033,2.6312174797058105,0.0051056994125247,-0.518787682056427,-0.002464434364810586
-3.0,0.0,252.6,-4.665363311767578,-0.00028141229995526373,6.444819927215576,9.470736503601074,6678.34423828125,-223.12205505371094,0.0015411779750138521,8.168264389038086,6.240599632263184,4.482581615447998,-0.003612817032262683,-1.1193290948867798,0.0122253792360425
-3.0,0.0,255.6,-5.642279624938965,-0.006208979990333319,6.747442245483398,14.46439266204834,4314.4423828125,-212.70834350585938,0.004121534992009401,11.31718921661377,9.40319538116455,8.617168426513672,-0.018436582759022713,-1.6243020296096802,0.023867228999733925
-3.0,0.0,258.6000000000001,-6.431539058685303,-0.009398366324603558,6.61518669128418,19.477779388427734,3169.43896484375,-203.525146484375,0.006973769050091505,11.564655303955078,12.522693634033203,14.844521522521973,0.0006245371769182384,-1.670825481414795,0.006628037896007299
-3.0,0.0,261.0,-6.612169,-0.010040447,6.1058936,23.940437,2476.578,-195.6358,0.010062874,11.861329,15.328523,20.71459,-0.0014686226,-2.5931702,0.0021510532
-3.0,0.0,261.6000000000001,-6.590361595153809,-0.010061455890536308,5.9518632888793945,24.913240432739258,2376.3701171875,-194.23599243164062,0.01093629002571106,12.071603775024414,15.938905715942383,21.820091247558594,-0.0017789247212931514,-2.841547966003418,0.002009507268667221
-3.0,0.0,263.0,-6.5398827,-0.010108736,5.5957313,27.194101,2141.0615,-190.95976,0.012981463,12.50263,17.380045,24.4536,-0.002664968,-3.44167,0.0014216411
-3.0,0.0,268.0,-6.1786885,-0.010860784,4.364596,35.847965,1524.9432,-182.2254,0.021492345,14.912826,22.900497,34.010784,-0.0043752585,-5.480085,0.005333748
-3.0,0.0,273.0,-5.577804,-0.011962286,3.25877,45.024426,1325.8546,-178.32622,0.030108267,18.759418,28.796675,42.40466,-0.00045699338,-7.2289886,0.008934514
-3.0,0.0,283.0,-3.4736855,-0.013308888,1.3583282,63.696987,1523.1322,-175.21683,0.040625893,29.39962,40.87076,57.519936,-0.0050641987,-13.8985405,0.014235943
-3.0,0.0,293.0,0.99738294,-0.0134143,-0.50659174,84.38487,2220.4163,-173.7339,0.034976486,43.255848,54.7554,70.39621,-0.037552685,-22.474009,0.015300267
-3.0,0.0,303.0,10.422524,-0.012277979,-2.8630571,97.07966,2975.6187,-173.94562,0.025941608,52.906128,63.629654,77.78802,-0.08999331,-28.789568,0.018479455
-3.0,0.0,313.0,22.29735,-0.010552486,-5.1585426,80.796425,3336.8064,-172.95271,0.024216732,44.492657,53.08984,63.98623,-0.14841466,-28.75513,0.018749531
-3.0,0.0,323.0,35.309074,-0.006733988,-7.1044025,30.65996,3223.8286,-169.96391,0.009242851,17.53483,20.322523,23.461433,-0.07938452,-11.115699,0.0066683255
-3.0,0.0,333.0,43.00385,-0.0043714293,-7.9964805,1.2988381,939.3117,-164.92001,0.0012327684,0.81565094,0.8675873,0.9144345,-0.0011647509,-0.32962638,1.1805165e-05
-3.0,0.0,343.0,43.9197,-0.0026489026,-7.891935,0.06075472,184.52808,-158.4635,0.00032149715,0.055080745,0.043535307,0.022912744,6.2693995e-05,0.005179916,-4.581855e-06
-3.0,0.0,353.0,43.728653,-0.002276005,-7.5976787,0.00671521,41.91348,-151.72913,0.00014213125,0.010568852,0.006820319,-0.004491062,2.1741542e-05,0.003973458,2.5758405e-05
-3.0,0.0,363.0,43.584923,-0.00257596,-7.300435,0.0017019733,18.115248,-145.01822,4.3378182e-05,0.0027797373,0.0020723904,-0.0014415802,5.5488596e-07,0.0009789903,-4.744359e-06
-3.0,0.0,373.0,43.476196,-0.0026888477,-7.0018373,0.0012046295,11.262856,-138.56224,1.9902785e-05,0.0014852916,0.0013191239,-0.00039487059,-1.8350165e-07,0.0003966635,-3.747109e-06
-3.0,0.0,388.0,43.330864,-0.0031140964,-6.5474243,0.0011560977,6.080317,-129.45503,8.983794e-06,0.0010472274,0.0010386246,0.00022640609,-1.437323e-07,0.00016207519,-1.97398e-06
17.0,0.0,28.0,44.03826,0.06276531,-0.5304616,0.34226424,520.5006,-106.7897,0.0006637528,0.21873882,0.20798737,0.25700673,0.0021268234,0.07603916,-0.0010865808
17.0,0.0,38.0,39.5846,0.021078328,-0.68700904,4.6115317,2225.5295,-100.26261,0.0020048674,3.0744543,3.0156987,3.1350236,0.004151723,1.5563718,0.011243025
17.0,0.0,58.0,2.876973,0.004333338,-2.3856566,33.33424,1765.9991,-109.6553,0.020452544,17.471819,18.596188,30.724562,0.0008146072,8.484883,0.0014116134
17.0,0.0,78.0,-1.4189894,0.0057286588,-4.2036886,43.515804,886.6017,-122.63425,0.049263902,35.701374,20.79219,30.544962,-0.005914595,1.8361605,-0.00070911506
17.0,0.0,98.0,-3.458539,0.005934976,-3.479538,50.129436,852.3291,-110.562744,0.054782923,51.33937,24.588898,24.358269,-0.008705318,-1.2058222,0.0048531047
17.0,0.0,118.0,-4.129416,0.004762755,-1.0778213,52.750984,840.5187,-97.661514,0.0421584,53.772957,28.58923,23.159374,-0.00855733,-1.166896,0.0066728108
17.0,0.0,138.0,-4.074727,0.0030184505,1.8294612,51.63577,814.8883,-96.320564,0.04191132,52.611,28.199799,22.480104,-0.008974669,-0.89432245,0.007572155
17.0,0.0,158.0,-3.610561,0.00093638356,4.4810834,48.587543,784.96954,-106.22409,0.045204125,49.619377,26.07719,21.509827,-0.009352128,-0.23773457,0.0084950775
17.0,0.0,178.0,-2.9860857,-0.0007838668,6.5796704,44.266422,753.5387,-122.7464,0.05210276,45.309074,22.75602,20.491344,-0.009556307,0.9004741,0.0069476897
17.0,0.0,198.0,-2.2936742,-0.0019118236,7.890232,39.35547,715.5893,-141.00479,0.055358205,38.010513,19.774244,20.906162,-0.017799988,2.5300148,0.0066408347
17.0,0.0,218.0,-1.6364977,-0.004051813,8.57962,34.57404,692.7349,-155.52237,0.05029362,30.243603,17.9432,20.966713,-0.0055636847,4.368931,0.003984418
17.0,0.0,238.0,-1.485168,-0.0054691685,8.629941,31.627432,683.7065,-166.65279,0.046525024,22.363337,17.35409,23.575113,-0.0026399645,8.09151,0.0015959917
17.0,0.0,258.0,-1.8654871,-0.007649451,6.685271,34.853428,693.0479,-164.58737,0.031792592,13.940041,21.595228,34.167942,-0.00021625008,3.7501993,0.0051179193
17.0,0.0,278.0,-0.6809644,-0.012907158,2.6329265,58.240902,1259.3965,-154.88019,0.04020659,22.633863,37.43451,56.43338,-0.003230897,-6.135933,0.014568506
17.0,0.0,298.0,9.858661,-0.014195361,-2.3544693,98.93958,2709.682,-150.07816,0.029276658,51.198383,64.756744,81.84891,-0.07246011,-27.789246,0.010398357
17.0,0.0,318.0,32.331917,-0.008675032,-6.8092127,45.99422,3184.5688,-149.27783,0.014346346,25.733215,30.416895,36.07115,-0.10445865,-17.484379,0.009261732
17.0,0.0,338.0,43.520542,-0.0038462856,-8.178042,0.09540224,270.16232,-144.57112,0.0003278544,0.07393267,0.067211054,0.050306108,2.7685024e-05,-0.00358518,-2.0045465e-05
17.0,0.0,358.0,43.279552,-0.0029723546,-7.6248684,0.0019280416,19.58043,-134.01576,5.542609e-05,0.0032071937,0.0025974447,-0.002003602,7.5425817e-07,0.0010046607,8.06319e-06
17.0,0.0,388.0,43.033268,-0.0034365845,-6.7050605,0.001151984,5.5835867,-117.69354,8.627466e-06,0.0010149718,0.0010590665,0.0002298581,-9.6857896e-08,0.00012498733,-1.8911917e-06
37.0,0.0,28.0,44.199127,0.0014855656,-0.7050033,0.44543648,602.25543,-117.22213,0.0007447455,0.28056094,0.26985863,0.33990026,0.0029823028,0.093304515,-0.0017114527
37.0,0.0,38.0,39.601196,-0.010566112,-0.9206962,5.20276,2368.2493,-115.55203,0.0021498795,3.4916623,3.3903313,3.5375226,0.0025581212,1.7120508,-9.832425e-05
37.0,0.0,58.0,4.1428037,0.003112022,-1.773722,52.495377,1952.9369,-132.77835,0.024982778,32.628273,31.086756,41.454582,-0.00019502328,17.186607,-0.011313628
37.0,0.0,78.0,-2.8201842,0.0072015044,-2.6255283,53.13348,863.9062,-134.51167,0.06152887,44.700714,26.842066,34.725082,-0.011983386,11.17024,-0.003200729
37.0,0.0,98.0,-6.277014,0.007464602,-1.8371552,52.708828,738.39496,-125.92177,0.07088378,53.026714,26.637932,25.764082,-0.008613074,4.152923,0.003953285
37.0,0.0,118.0,-7.8070006,0.006696528,-0.17624979,50.45566,657.24884,-118.91487,0.06014061,51.4151,27.56286,21.9331,-0.003446986,-0.70580274,0.0071984255
37.0,0.0,138.0,-7.7134094,0.005106131,1.8863703,48.0182,604.1444,-118.329765,0.05671885,48.640884,27.165165,20.230202,-0.00042495094,-1.710056,0.009170806
37.0,0.0,158.0,-6.771396,0.0030970816,3.8253984,45.512493,566.3247,-126.93899,0.0635454,46.219322,25.511747,19.298958,0.00088625186,-1.2211298,0.01084963
37.0,0.0,178.0,-5.4094543,0.0009843899,5.266207,42.470333,534.7817,-140.76323,0.0788628,42.968094,22.724886,19.239407,0.0027085615,-0.24082239,0.011599223
37.0,0.0,198.0,-3.9632807,-0.0012516609,6.1786823,38.70439,505.34787,-154.0358,0.0765919,35.753956,20.714716,20.938725,0.003199038,0.87693673,0.010533416
37.0,0.0,218.0,-2.5846379,-0.003521384,6.491604,34.946312,476.84607,-163.72064,0.07329387,27.307325,19.053951,23.53082,0.0048699738,2.0833635,0.007920587
37.0,0.0,238.0,-1.2726543,-0.005513611,6.037255,33.23476,468.83313,-166.97314,0.070901185,18.66027,19.06018,28.76118,0.0051188366,2.83386,0.005757498
37.0,0.0,258.0,0.26587448,-0.007987276,4.604917,37.387264,570.69696,-161.0244,0.06382898,14.434703,23.0536,37.290207,0.003905233,0.06936542,0.009381653
37.0,0.0,278.0,3.1119604,-0.013362945,1.8186296,60.14104,1340.6017,-151.3067,0.04404587,24.135302,38.875187,57.268257,-0.0062375283,-8.527398,0.016791524
37.0,0.0,298.0,14.794662,-0.014321758,-3.1389098,97.48243,2637.7666,-144.24265,0.03337484,49.306885,63.79761,81.867134,-0.08243369,-28.442646,0.009891546
37.0,0.0,318.0,35.78616,-0.009005058,-7.3948708,30.682158,2881.1765,-139.2625,0.010386722,17.02826,20.349382,24.025362,-0.06669794,-11.097754,0.0048261536
37.0,0.0,338.0,43.231552,-0.0040625753,-8.303543,0.035635285,127.946594,-132.4848,0.00026616777,0.03121206,0.028434543,0.011725876,5.8823705e-05,0.0048593944,-1.6410517e-05
37.0,0.0,358.0,42.96997,-0.0034373384,-7.7678213,0.0015011046,15.758457,-122.10389,4.2990792e-05,0.002204504,0.0022854046,-0.0014970305,2.6277453e-06,0.0006817723,-1.4237062e-05
37.0,0.0,388.0,42.760044,-0.0037631146,-6.836424,0.0011483072,5.206818,-106.90661,8.334157e-06,0.0009868867,0.0010789477,0.00023520883,-6.557555e-08,0.00010155395,-1.7432467e-06
87.0,0.0,28.0,44.44734,-0.046900667,-0.5653589,0.6935904,748.4683,-137.06163,0.0008966177,0.46469018,0.42066798,0.5021581,-0.0014227196,0.15349226,7.1278664e-05
87.0,0.0,38.0,37.58871,-0.013925515,-0.5599171,18.217638,3523.1562,-141.23294,0.004647181,13.011419,11.883212,11.561562,-0.0060870876,6.708028,-0.012059046
87.0,0.0,58.0,5.5716405,0.012050327,-0.6250663,94.985504,2555.3826,-154.4196,0.030076778,63.277218,59.71332,66.95347,-0.020959781,30.499624,-0.01094039
87.0,0.0,78.0,-6.337681,0.012039017,-1.1527789,74.00478,1275.5858,-154.14102,0.05806082,55.90024,43.56512,48.523663,-0.02505971,19.898174,0.01767852
87.0,0.0,98.0,-11.35526,0.008165968,-0.5760675,57.290676,866.8416,-147.65865,0.0661245,48.066338,34.146626,32.392452,-0.0122735,8.737572,0.010941597
87.0,0.0,118.0,-12.6923,0.0065532215,0.40137297,49.1153,660.61176,-145.28413,0.07436088,41.90837,31.140318,25.180357,-0.0050715026,0.37774295,0.0060541085
87.0,0.0,138.0,-11.98969,0.004665082,1.4019961,46.58971,595.751,-148.53557,0.07820385,38.27229,31.373423,23.532742,0.0009302857,-3.9591515,0.009796477
87.0,0.0,158.0,-10.27981,0.0016416021,2.2800643,45.115772,575.6422,-155.80716,0.078374214,35.22151,30.941204,24.070055,0.0055340873,-5.848463,0.0144847175
87.0,0.0,178.0,-8.011125,-0.0021075478,2.8857687,43.167057,560.1625,-164.90063,0.077061154,31.600494,29.187792,25.543776,0.0071558123,-6.5000696,0.016482083
87.0,0.0,198.0,-5.3776593,-0.0057045203,3.087566,40.880833,542.8706,-173.24551,0.075304426,27.265163,27.070187,27.426754,0.0059865615,-6.6255417,0.01227617
87.0,0.0,218.0,-2.4952538,-0.008575214,2.8332005,39.20271,532.95825,-178.68614,0.07355874,22.890461,25.795902,29.720863,0.0055905343,-6.6021914,0.006717549
87.0,0.0,238.0,0.61056703,-0.01095774,2.0935445,40.272472,593.97064,-180.27101,0.06784564,19.977089,26.744698,33.84507,0.006827924,-6.8002944,0.002802728
87.0,0.0,258.0,4.5949063,-0.013469878,0.6104855,49.68636,936.76355,-176.96458,0.05312093,22.274199,33.089615,44.0091,0.0036911177,-9.40683,0.00053943077
87.0,0.0,278.0,11.832508,-0.015989296,-2.169196,75.47594,1655.517,-168.77092,0.045617096,35.115112,49.791927,66.04738,-0.023858199,-19.157187,0.0024971783
87.0,0.0,298.0,24.952713,-0.014605765,-5.939307,80.300835,2417.2224,-156.477,0.033278853,41.065742,52.999294,66.535446,-0.07680647,-25.099695,0.0022506916
87.0,0.0,318.0,42.03336,-0.009657042,-9.220087,3.284945,1302.2876,-136.0634,0.0019683277,1.9479254,2.2250817,2.3975477,-0.0037724327,-0.7181463,-0.000669128
87.0,0.0,338.0,42.62222,-0.0051855026,-8.851807,0.003677785,31.018757,-114.99451,0.000116590585,0.005411475,0.0069022034,-0.0049583944,1.4289821e-05,0.004070291,-1.0955872e-05
87.0,0.0,358.0,42.35352,-0.004660839,-8.174813,0.0012307094,10.942418,-99.39061,2.4434034e-05,0.0014307302,0.0019360221,-0.0009168304,-1.981627e-07,0.00046214712,-4.742879e-06
87.0,0.0,388.0,42.14588,-0.0045546964,-7.095099,0.0011389205,4.4152026,-82.808914,7.290921e-06,0.00093333435,0.0011022345,0.00024234666,5.6945395e-09,7.078232e-05,-1.2334106e-06
