-0.1493897853,0.01790362966,7.728061823e-17
1.051013591,-0.0008331020043,0
0.9857011244,-0.00149019835,0
-0.0630848192,-0.03798611634,0
1.051968519,7.545421755e-05,0
-0.09735130562,0.04151808321,8.512940212e-21
0.976526356,-0.003289011859,0
1.015948178,-0.000236819866,0
0.5038570631,5.122035526e-05,0
0.9813324498,0.0005965257025,0
-0.1367627378,-0.1769406846,1.015666601e-20
1.051850259,-0.0001759740293,0
-0.05523972677,0.08222012363,0
0.9342367221,-8.235079076e-06,0
-0.09056472387,0.06462154727,-1.273057583e-20
1.050572202,0.0005446568657,0
0.7385888148,-1.51449583e-05,0
-0.1455140356,0.01117456065,0
1.03209226,0.0005507909907,0
-0.05501027712,0.09042597606,0
1.017491273,0.00171009812,0
1.048009894,-0.0002201471304,0
1.050731293,-0.0007512202528,0
0.8740188611,-1.649385763e-05,0
-0.05662560076,0.009630410062,0
1.050463539,-0.0005598327572,0
0.3556668644,0.102994159,0
1.034306493,-0.001414565405,0
0.3734939237,0.0004124689839,5.387549497e-15
-0.1583188622,-0.02454261799,0
-0.1195965272,0.01735757262,1.713760878e-21
-0.1088886329,0.0006511266404,0
0.9983922311,-0.0002211118793,0
-0.2263255014,0.00511423604,0
0.5891590115,0.03980817749,-4.432573717e-21
-0.07576058222,0.05421357092,-9.357641803e-17
-0.2209071927,-0.001285491412,0
0.4020981996,-0.02066774183,-2.661462104e-20
0.223137753,-4.179278011e-05,0
0.5916977727,0.005882746037,-4.897743143e-20
0.6288883484,-0.007736868443,-1.274385771e-20
0.7854409015,-0.008184961098,1.089306108e-21
1.035123163,-0.0002796012491,0
0.9333202765,0.0001189456437,0
0.9874443744,0.0001694406072,0
0.7023968752,0.006360362212,-1.032473353e-21
0.9340165893,0.004052702022,0
-0.1135258435,-0.1659081881,0
0.3745806608,0.0003715280716,5.336907406e-15
1.050729615,-0.0002996126948,0
-0.2103597896,0.003687264787,0
0.5057159149,5.31101762e-05,0
0.8998896716,-0.001874875622,2.240640175e-20
0.7957242906,0.004282725452,-1.647497036e-20
0.8941334905,-0.004030045432,0
1.051829069,0.000127390213,0
1.05020399,0.0002319411876,0
-0.1241427248,-0.07689570305,0
1.049744302,-0.0008806618908,0
1.015533794,0.001341630621,0
-0.07260613974,0.08362575253,0
-0.1969699615,0.008536564069,0
0.6816247055,0.00762115689,0
1.042366571,0.000135972573,0
0.758266881,-0.009830255893,3.398046799e-20
0.6369283895,0.004174629181,-3.367600901e-20
0.4123449044,0.1229117598,6.307339287e-20
-0.03221343298,0.07270868544,1.020791242e-20
0.1211635051,-0.03079827328,0
-0.08628988177,0.01112289918,0
1.022193353,-0.001755255201,0
-0.2175189847,0.006783288482,0
0.9880838735,4.656448447e-05,0
0.7996365719,0.004810381193,1.662121574e-20
1.042889434,-0.0003185982715,0
0.3557335143,-0.02235676793,-8.941055043e-20
0.6436798048,-0.009474774148,-1.50966685e-20
0.9549543331,-0.002153206006,0
0.2907563943,-0.0002775376542,-5.408015094e-21
1.051106357,0.000646296408,0
1.046162007,-0.0001525784567,0
0.2232210419,-4.143734764e-05,7.809612034e-15
1.051742253,-1.733468536e-05,0
1.050969372,-0.0002628880705,0
0.7851398862,-0.007876112109,0
0.9874225973,0.0001634076684,0
-0.0449013345,0.07947365744,2.548540773e-21
0.4876876344,-0.01550296482,0
1.020134394,-0.0008360921756,0
-0.1346747423,0.01054109238,8.728184546e-17
-0.02904150974,0.04774453801,2.244086797e-21
1.050414798,0.0005119510179,0
1.042626808,0.0002812586156,0
0.003163971685,-0.000671440472,1.588428273e-18
1.046312337,-0.001056781777,0
-0.2206874144,-0.003830360825,3.696973398e-21
0.6873414545,0.02027906121,0
-0.004797768212,-0.04953960657,-3.904623751e-19
1.051593733,0.0002998152475,0
-0.1244871609,0.01514944525,0
0.2223285198,-0.01067005545,3.72457204e-21
0.2679648078,-0.03910222735,1.927461055e-19
0.3224869987,-0.01747455181,1.814824539e-19
-0.06498607423,0.09315544871,2.460396238e-19
0.3731641982,0.0003954783375,-5.372105203e-15
1.00709115,0.0001383566075,1.047556658e-15
0.8868943413,0.008600217742,0
0.08728196828,-0.07378896823,0
0.7847661094,-6.868928348e-05,0
1.044686787,-0.001120111128,0
1.022787834,0.001582329828,0
-0.02402504927,-0.072272111,0
-0.158816941,0.006284550888,-7.350309042e-21
1.041427392,-0.0003756211283,0
0.490982245,0.004336147891,9.089747251e-20
-0.03785878763,0.06740326889,1.420642654e-20
1.050877321,0.000260517383,0
-0.2465032171,0.004173376741,-5.459979642e-21
0.6426525692,0.02893194455,-2.339675663e-20
-0.1421223392,-0.1769309509,-1.169974502e-20
0.8516019705,0.00390637211,8.06052651e-21
0.9761603373,0.0001657358631,0
-0.16625005,0.007681402234,0
0.9695134797,0.002229804449,0
1.029056172,0.0001377535643,0
0.5054666546,5.946268312e-05,0
-0.1635036411,0.01087114099,0
0.7911383091,0.01309033462,6.945738446e-21
-0.03793132234,0.07671678504,-1.50077996e-19
0.8376980508,-0.00319192121,0
-0.175634983,0.00531884383,4.367894337e-22
1.044061607,0.0008454029127,0
0.4716270134,-0.005356764702,-1.191890335e-19
1.03212105,-0.0002173732353,0
1.02988784,-0.0002238499809,0
1.033440969,0.00123818623,0
0.5056691253,8.5450604e-08,0
0.8496180109,-0.0001187054675,0
0.7528002374,-0.003175199017,0
0.7994680461,0.01290017918,1.556722329e-21
1.014653698,-0.0001515206424,0
1.048268501,6.278080153e-06,0
0.1922288789,-0.008250977958,8.018102796e-21
1.050913491,-0.0005812844914,0
0.2236630687,-5.924954693e-05,7.737164961e-15
1.005915465,0.0008384406278,0
0.292783609,0.1744944553,1.788477424e-19
-0.09135768581,-0.1305549779,-1.409629333e-19
0.3729224661,0.09938908579,1.55363107e-22
-0.05975886882,0.009563719607,0
1.007016629,0.000109428871,0
1.050832276,-0.0006485285694,0
1.049840385,-0.000147226545,0
0.8497847558,-0.00010129195,0
0.7830361353,3.155182586e-05,0
0.363412171,-0.002712563175,-2.199413438e-20
1.043712263,7.071231807e-05,0
0.4790368535,-0.0170920963,-2.52788342e-20
1.051783675,0.000367789279,0
0.8560232052,0.005567528478,5.38948856e-21
1.017203429,-0.001788236401,0
1.048149134,-0.0008475925067,0
1.02010917,9.992812052e-05,0
1.001916605,2.255289479e-05,0
0.5820319871,-0.01407029195,0
-0.1774095433,-0.04982346022,5.885322984e-21
0.5658474155,-0.0156927997,2.025524711e-20
-0.09667596624,0.05926621923,0
0.04841525523,-0.04103930119,1.460747894e-20
0.8750843695,-1.816343591e-06,0
0.1836479269,-0.05630322204,1.899512173e-19
0.02350641493,-0.02847168537,-2.198775031e-19
1.033090489,0.0008527511341,0
1.037904053,0.001054446114,-4.282909832e-16
0.8395784702,-0.001918637567,4.657060695e-23
1.007005429,3.238709888e-05,0
-0.1744432844,-0.07786778301,5.008849515e-23
1.046879588,-0.0009001841676,0
0.780160209,-0.007093450445,0
1.051321934,-0.00051405884,0
1.047813266,-0.0002322511279,0
0.5685282512,0.02420295464,0
1.005948002,0.001486816551,0
0.6313308,0.002882404477,-3.240894317e-20
0.0886601469,0.01565544488,1.818705665e-19
0.4328565565,-0.00455348124,4.003561766e-20
0.4299413766,-0.002278865472,2.594265302e-21
1.051596607,-0.0003218563638,0
0.9893245662,0.002438492882,0
1.043293073,0.0009006225528,0
-0.03724594727,-0.1276888245,-1.551627805e-19
0.7821144066,-0.008608256795,4.260884175e-20
0.731873364,0.007977132176,0
0.7422882281,-0.003141555352,9.051008583e-23
1.020076593,2.672565954e-05,0
0.5186565275,0.04892853847,1.575737448e-22
1.049835439,-0.0003246097284,0
0.0448720702,-0.07592019503,-5.671358443e-21
0.8498783831,-5.844170793e-05,0
0.5042314592,0.01316671625,1.179232328e-20
0.8331531958,0.0003024091316,-1.394318476e-20
0.2127571183,0.06953418328,1.590979699e-19
1.020928529,-0.001733471194,0
0.799285766,0.0104576134,4.255656493e-20
-0.1249644556,0.01048961529,3.921525266e-22
-0.05259331671,0.08640571815,-1.471507048e-19
-0.05677031552,0.08344680523,-7.300593391e-21
-0.2154106493,-0.02436347905,2.854219096e-22
1.048737292,0.0002576238076,0
1.051749706,0.0002005953356,0
1.051554477,0.0006737436871,0
1.00564625,0.001532320265,0
1.043646837,-0.000293837119,0
-0.1760707789,0.001102173545,-1.224887973e-20
0.6817113231,-0.0001006806526,0
-0.197954894,-0.04687809201,0
0.9846911157,0.002208165028,0
-0.01210303144,-0.03179936102,-1.176392129e-18
-0.1720372547,0.007239324793,-3.625176565e-22
0.9339069717,-0.000161143726,0
-0.03834776474,0.07579366708,-1.591215479e-20
-0.1310604548,0.01561122431,0
0.9312942051,0.005449109789,0
1.02903367,0.0001304620948,0
0.7404230822,-4.233023918e-05,0
0.848676434,9.703524704e-05,0
0.8752142305,-2.374802616e-05,0
-0.003574751265,-0.06867207241,2.044104374e-19
1.023392233,0.0001101395759,0
0.5485646689,0.001932246823,0
0.9343407177,-8.027768528e-05,0
0.8294149975,-0.00706076325,-8.191053993e-21
0.3087014383,0.004684234537,-6.110416572e-17
0.7673116498,-0.003254683643,0
-0.1571696171,0.007439847587,0
1.046860997,-0.0003526636299,0
1.050435801,0.0002201747268,0
0.8306387457,0.007257059736,-5.805446215e-22
0.07418477146,-0.0002845530117,0
0.6622390339,0.00337896631,0
-0.03348774244,0.07502143928,-1.399450904e-19
-0.1780124755,0.01042618541,-1.308549865e-21
-0.06293680122,0.07789676809,-1.144522567e-20
0.9084576835,-0.002546656556,0
0.3769005224,-0.02193240893,-3.288500266e-20
0.9578701588,0.002381078943,0
-0.005130206942,0.06255596373,1.810021452e-19
-0.1174922981,-0.1418252478,0
-0.1428096585,-0.1265057492,2.594304109e-18
1.027647028,-0.001155786113,0
0.7857078631,0.01204315285,1.423941115e-20
-0.05228513996,0.01008738245,0
0.4976424607,0.004749184991,7.849724795e-20
0.759393279,0.01350029695,-1.840441575e-21
0.9655198492,-0.003682761843,0
0.6077401137,0.0242678833,0
-0.07889019763,0.02067382777,0
0.8444247295,0.005484656161,2.123015146e-21
-0.1897751218,0.003630041698,3.59026413e-23
-0.2334344269,0.001061898601,-2.56394914e-21
0.03894878777,0.04364683866,7.850614641e-17
0.9637106224,-0.0001882124657,0
-0.1148185799,0.01067161624,-3.681521272e-22
1.050655867,-0.0004625995437,0
-0.06431000308,0.03518535826,6.288755823e-19
0.6760118286,-0.008429184602,6.878105354e-21
-0.1313958539,-0.1840701362,-1.228304074e-18
0.5048989288,0.07968202501,3.236823128e-20
1.029122729,0.0001879538292,0
0.9816707982,0.003090184201,0
-0.109450279,0.0112954043,0
1.027688681,0.001261795041,0
-0.01922184006,-0.04186692339,0
1.046888397,0.0004270241466,0
1.02972481,0.0001337028904,0
1.050866062,-0.0007757973885,0
0.8771618777,-0.007133971038,0
1.050445187,-1.564541442e-05,0
0.9672502149,-0.004006638824,0
0.9805260987,-0.001279921909,0
-0.05840454047,0.092910244,-4.088180894e-19
1.048096109,0.0007037833106,0
0.9160146268,-7.619816811e-05,0
-0.1195850427,0.024899207,0
0.02922489578,-0.09835241708,0
-0.09853258479,0.03507963251,-7.545497752e-21
0.3744680899,0.0003725825467,-5.339691676e-15
-0.0305988321,0.03876274462,0
0.9169303417,-5.297069903e-05,1.411445322e-15
-0.01120749235,0.01112396451,-8.081253384e-21
0.90829202,0.0009648422129,0
0.0002414181983,0.02803501989,-1.379209466e-20
1.050981904,-0.0001285092053,0
1.007026031,0.0001167118216,0
1.049169874,0.0003448770747,0
0.9798677957,-0.002403598645,0
0.9168738318,-0.0001206055915,0
1.007805918,-0.0002217896815,0
0.9032346049,0.002584140734,-7.373537563e-21
0.7143058922,0.001910959508,3.480527009e-20
0.5052054929,2.437894918e-06,0
-0.0482860154,-0.06809552946,-2.225945254e-18
1.002194563,0.0004730499131,0
0.8503900237,0.006928987858,7.428730367e-22
-0.1434027797,0.009669793552,0
0.5201625413,0.004158037991,1.762000502e-20
1.049473538,0.0002472561502,0
1.051385943,0.0001841042473,0
0.91680588,-0.0001392570725,0
1.016331993,-8.45001045e-05,0
1.00227953,-0.002198278133,0
-0.06195955657,0.08190807436,5.717877031e-21
1.051259842,0.0004342459954,0
-0.0268191865,0.067266274,0
0.930600793,-0.002354085922,0
0.5893004767,0.006542894877,-9.022347537e-23
0.002967650819,0.060242999,0
1.029473932,-0.0002253628838,0
0.8714351791,0.009308728595,8.326855208e-21
1.049198084,-0.0008136557536,3.146855903e-16
-0.01240296149,0.0578792589,6.472266894e-21
0.9881668017,8.261796528e-06,0
1.03290183,0.0005370284743,0
-0.1755477278,-0.06338736106,-1.888356345e-20
1.049827626,0.0001499806919,0
-0.1322507632,0.009890746322,8.415804256e-22
0.9876643032,-0.0001668590284,0
-0.1294704953,0.0134572568,0
-0.237859554,0.0050571032,0
-0.2324940787,-0.003483580839,-4.944544619e-17
1.034475505,0.0001744415858,0
0.07365810996,-0.0002850429149,0
1.049207163,0.0001414372685,0
1.041190807,0.0006851658605,0
1.049926895,-0.0006289401753,0
1.03892261,0.0001179059228,0
0.8188480812,9.252394711e-05,0
0.8745813696,-0.0001161018821,0
1.023591521,9.722023883e-05,0
0.5326026903,-0.01461008829,0
-0.02738825356,-0.07339686005,1.955210454e-21
-0.1943768779,-0.02813840081,6.105130926e-21
-0.1220428801,0.02467337521,5.007880439e-21
0.6821545175,2.06566766e-06,0
0.8727268441,0.009937798779,-7.784950767e-21
0.7534876163,-0.001136785581,3.069333853e-20
0.8484545974,2.653963325e-05,0
-0.09446028052,0.01330188637,1.341383306e-21
0.8368738984,0.01024076568,0
-0.0752548122,0.03341910203,0
1.041156164,0.0006050781746,0
0.3285995111,-0.02740747264,-9.356345669e-20
0.01675829237,0.003231243308,0
1.045274005,-0.0003216365107,0
-0.0453164415,0.07163534028,5.398477671e-19
0.1734258624,0.01232871939,4.223178606e-23
0.6745670246,-0.01138019792,0
1.001860829,-0.001663269586,0
0.6901356363,-0.002639313367,0
0.9449936078,0.003685750521,0
0.933513084,-9.992151078e-05,0
-0.07182289413,0.01183480557,-1.323725732e-21
-0.171068502,0.01071189201,-1.222315626e-21
0.0002553602271,0.0002494944105,-2.401183312e-20
-0.1137536865,-0.148101224,-5.878615674e-21
0.8162241154,0.01171959937,2.753402776e-16
0.998394,0.002189895108,0
0.02415083741,0.05538565282,0
0.9839853936,0.002321813081,0
-0.04324510842,-0.1222716632,3.143260349e-21
0.8749898221,-0.0001346998551,0
0.9160731306,0.003695346402,0
0.3466952552,-0.02511719504,1.203548893e-22
1.005408065,-0.001423423225,0
0.2231665749,-5.626312181e-05,7.764400846e-15
0.56374042,-0.005215364689,-2.387604172e-20
0.04549093823,0.003200647039,6.690842985e-21
1.041172475,0.0007269236603,0
1.050180081,-0.000200534628,0
0.1679858756,0.003501932051,0
0.5717394484,-0.01265765653,-4.326213799e-21
0.989941833,-0.001029092692,0
-0.05332060603,-0.1232587865,-7.841065739e-21
-0.05346390841,0.09049115301,-1.828858401e-19
1.038606276,-0.0008680722269,0
0.7882384789,0.009167673131,-2.771831683e-20
0.004708619475,0.006916387798,-2.139535476e-18
0.8484470759,5.296376413e-05,0
0.6938371607,0.02119526083,0
0.9633697301,-0.0001464961106,0
0.1075246962,-0.0007104965056,0
1.02689052,0.001519323115,0
-0.02315878632,0.009077026917,0
0.950046512,-0.0008557145453,0
-0.08739283213,0.01236000028,0
-0.003330404112,0.004768628,-3.787813496e-21
1.045257176,-0.0002365220904,0
0.6842926781,-0.01123285129,0
0.9629405953,5.798113856e-05,0
0.8076995298,-0.006674849502,1.812781234e-23
0.05033698856,0.03613520226,1.792290241e-19
1.005879305,0.0009176413052,0
1.047073044,7.044275272e-05,0
0.7013571601,-0.01039695953,2.93285849e-20
1.047290822,0.0002578953043,0
-0.08042871682,0.01435542458,-2.604514436e-21
0.3808652334,-0.01386518419,-1.058618674e-20
1.051294717,4.892011692e-05,0
1.042367991,0.0001305215453,0
0.6813512299,-7.902909524e-05,0
0.8742711545,0.0001076808117,0
0.8192371966,-6.990429971e-05,0
1.035171934,0.000112542156,0
1.017858862,-0.001289084428,0
1.029022919,-4.653082343e-06,0
0.3462159029,-0.02131094728,-2.024736156e-20
-0.09403894373,-0.1574412164,1.609697946e-19
0.7847709876,-6.309911972e-05,0
0.08563958487,-0.002853319506,0
-0.05415764514,0.08840365222,-9.522650415e-21
-0.07589845635,0.01103752833,-2.139470448e-21
1.050804016,-0.0006195963875,0
0.8100489442,0.004213867533,4.11113738e-21
-0.1380794217,0.0110795278,4.086576596e-21
0.9809477564,0.0002161074743,0
0.8887496979,0.000546547997,-3.487342868e-20
-0.07656559485,0.08333559867,0
0.6825561429,-1.939636117e-05,0
1.046996942,0.0004093968258,0
-0.1393980544,0.02009657915,-3.253669696e-18
0.7914585888,-0.003778578078,0
1.007967275,-0.00016225485,0
1.018447534,0.0002492973176,0
0.8749185758,0.005964813107,9.635002026e-21
1.02918182,-0.0001270432383,0
0.4841012936,-0.01146719089,-1.082195208e-22
-0.1249746508,0.03281410715,-9.622249257e-24
0.3735991809,0.0003826232523,5.362608704e-15
0.3769739259,-0.0147352878,0
1.049149914,-0.0001210473665,0
1.034368721,6.738598566e-05,0
0.9875815304,-0.00311531709,0
0.6813968121,-8.293532292e-05,0
0.01402270732,0.05362994168,-1.265713125e-19
0.7826912606,0.009937806382,0
1.007059305,0.0001301808816,1.047831007e-15
1.049555355,0.000741160451,2.210321942e-32
0.8197356717,5.388707954e-05,0
1.047006182,-0.000178448691,0
1.036461049,0.000792145879,2.203167946e-16
1.046687946,-0.0002317175255,0
0.4927822765,0.03240839832,-1.472570613e-19
0.8941849247,0.006041146608,9.958842292e-21
1.050856566,7.840665832e-05,0
0.9332556564,0.0001133094059,0
1.051449603,-0.0005012013041,0
1.039001767,-0.000450048697,0
-0.07678818588,0.07423151259,1.057844418e-20
0.9636845492,-0.0001869693179,0
-0.06621978828,0.08745600866,2.148110586e-19
1.050720118,-0.000141840225,0
0.5048056409,7.115192844e-05,0
1.051975518,9.758706705e-05,0
0.2242145741,-5.340465328e-05,0
0.5281204587,-0.01263971605,-9.703897985e-21
1.049269036,-0.0008397602442,0
0.3746437991,0.0004040853643,0
0.9342691099,-0.0001316215688,0
1.035662454,-0.0001046546094,0
1.005899785,-0.0004351443906,0
0.874872719,-0.0001350538085,0
-0.1495509747,0.01053054207,0
0.9693317809,-0.002647567012,0
1.03537587,-0.0006424425454,0
1.042766376,0.0002991801159,0
0.3751431254,0.0003794865107,0
1.02997591,-0.0001840445934,0
0.001875475096,-0.0006481889239,-1.441236269e-16
-0.01967251817,-0.0685299436,-1.43238138e-20
0.7847685346,-4.507083184e-05,0
-0.07114867577,0.06976777774,-1.332596467e-19
0.1364912908,0.1150241893,-1.310402692e-18
1.043309232,8.568263678e-05,0
0.0951834176,-0.01713835876,-1.369651294e-20
0.9351187981,0.003012541728,0
0.5854623996,0.007070949057,-6.624297398e-22
-0.02060668425,0.00644574821,0
0.07412189821,-0.000285749667,0
0.696462126,-0.005733879942,3.187898426e-20
-0.06862074464,-0.147685256,3.491031822e-19
1.046782015,0.000630548562,0
-0.1379598333,-0.04141512153,-3.925117731e-21
0.7831957452,8.130651312e-05,0
0.5462113068,0.01629360116,-4.406192897e-21
-0.1545612616,0.01326685666,0
1.047897842,0.0003353901683,0
-0.06898843043,0.0822150859,-1.460079654e-16
0.5775201155,0.008441382008,-3.058208051e-20
-0.04664121396,-0.1208975484,-1.220417488e-19
-0.2119086504,-0.02373869606,0
-0.04413926229,0.07193402678,4.49989974e-21
0.796702515,0.01273484351,0
1.046590084,0.0008818187977,0
0.6423255296,0.02529012008,9.315722226e-20
0.8752408262,-3.383140357e-05,0
0.5517639985,-0.005361924101,0
1.050684845,-0.0003233883759,0
-0.1815149271,-0.001199911435,0
1.041281976,-0.0004149209675,0
0.9711077009,0.003297854596,0
0.9681333101,-0.0002572915494,0
0.1054434058,0.1054888713,-1.582627351e-18
0.9501130378,-0.0002103849106,0
1.037489005,-0.001330000013,0
0.3414245961,0.06141964679,-1.54424369e-19
0.8367541461,-0.004419715492,0
1.01257552,-9.262990382e-05,0
-0.1521280574,0.004920598153,0
0.7797995432,0.01437310565,0
1.03874988,-0.0002504555588,0
-0.02490378758,0.06521083516,0
-0.06452077169,0.01647583464,2.505949906e-21
0.2239338844,-4.854641652e-05,0
1.03856543,-0.0007491748839,0
0.9658562111,-0.002774468114,0
0.4357674175,-0.01505782624,0
0.8972990526,-0.0001245628676,0
0.9158253576,0.0001107261991,0
0.9270275365,-0.005295472366,0
1.049394031,-0.0004566139818,0
0.8187719259,8.110711443e-05,0
0.53903061,0.01246192381,1.555229838e-20
0.01803579422,0.006074955815,3.165770867e-21
1.038910545,-0.0001194697298,0
1.051346883,0.0002139889332,0
-0.1455396127,0.009868856071,-1.141736472e-21
-0.05111774442,0.03500914635,0
0.4936715533,0.08000562861,1.777942986e-21
-0.1675638717,0.009677901091,0
0.8276240661,0.01031059885,-2.825352937e-16
-0.1931940067,0.004259137768,0
-0.1077498264,-0.06269193411,7.262513815e-21
1.045289603,0.0002829820782,0
0.5616205997,0.03085908815,0
0.6475000307,-0.01065877298,-7.149146834e-21
0.4905477763,0.03628605697,0
0.4983031329,-0.003167393735,-3.691386481e-20
-0.01122773118,0.01617772672,0
0.704918942,0.004287385962,1.745827857e-20
0.8534179175,-0.006268626401,-8.807765339e-22
-0.1798828117,0.01115702277,-3.556161363e-21
-0.09909515687,0.01510992468,1.492092465e-21
0.4858666414,-0.01399789119,1.036395847e-20
1.026883792,-0.001599479208,0
1.050497646,0.0009481878555,0
-0.01324637619,5.290207288e-05,0
0.9499249395,-0.0001144516934,0
0.7799262913,-0.007533618475,0
1.007561833,0.000185774264,0
0.6361364666,0.02870020885,-5.539936499e-20
0.6131892803,-0.01205498097,0
-0.05704401382,-0.1425824197,-1.591621545e-19
0.9154097938,0.004513285546,0
1.022970186,-0.0001690767157,0
0.8650442575,-0.000597175063,-3.178766003e-21
0.4255091386,0.06435413345,-1.066758975e-19
0.6905261109,0.02199907,-2.905279193e-20
1.047631586,-0.0008665519023,0
0.05203259641,-0.03131706036,0
0.05628840116,-0.09193217685,-1.695757532e-19
-0.2005928712,0.007765747669,0
0.4419926945,0.027136139,-1.000918152e-20
0.9980331847,-0.001448084363,0
1.050945552,-0.0004118878296,0
0.8152837084,0.008728422606,-1.351545974e-20
0.5062097977,2.289068355e-05,0
0.374099786,0.0004130058674,0
-0.01041958777,-0.08361605413,0
1.05178452,0.0004737887705,0
0.9638277596,3.348302579e-05,0
1.025815338,0.001378800037,0
0.5075337961,0.04919819326,1.026237726e-19
-0.04902419337,0.03483760716,-6.313826727e-19
1.029852403,5.846501264e-05,0
1.037267279,0.001260504295,0
1.04711725,0.0008363943815,0
0.6809930085,-3.71543136e-05,0
1.049943066,-0.0002722288982,0
-0.04967666686,-0.0134282081,0
0.6410081178,-0.008775383602,0
0.9168587241,-0.0001259858294,0
0.173971828,-0.05509491309,3.171988852e-19
-0.04494942344,-0.1126494715,-1.223254186e-19
0.02063689508,-0.09795760234,-2.567562319e-21
1.050291861,-0.0003428102232,0
1.0511784,-0.0003396215926,0
0.1566230955,-0.001373896538,-7.538853441e-21
-0.07294834996,0.0094793248,0
0.9332266251,-1.550021109e-05,0
1.050304152,-0.0002688882893,0
-0.221780881,0.006381905783,-2.701270479e-21
0.0208678543,0.01368328579,1.927336507e-19
1.023665809,-7.74123785e-05,0
0.143544028,-0.06719688553,0
0.887754008,0.006576601362,0
1.046824452,0.0002741827744,0
0.8974008493,-6.121949021e-05,-1.50161338e-15
1.050424412,-0.0001818911942,0
0.9538239437,-0.004737209482,0
0.1849937869,-0.04464914071,0
1.02005343,-0.0005213199177,0
0.9986017344,-4.386606755e-06,-1.090339163e-15
-0.07256850822,0.01270918726,-1.438337753e-21
-0.06188271452,0.0002688913912,2.335671871e-16
0.9758045245,0.000130627438,0
1.001713924,-0.0007146823588,0
0.8744798864,-0.0001038177567,0
0.9009669982,-0.0007688732232,0
0.6814448821,-8.677897002e-05,0
1.045427265,0.0003508844963,0
0.7597997449,-0.007194465303,5.016965109e-21
0.5338475963,0.05169800002,-2.690479573e-22
0.8190017725,-3.13852525e-05,0
0.8929763018,0.004011259664,0
1.050153299,0.0003411297076,0
-0.1145351886,0.01384064929,0
0.9352886232,-0.0006009057013,0
0.6809778071,-3.55604727e-05,0
1.005857285,0.001611658639,0
0.2700886629,0.007475231515,-1.059972634e-19
0.8429136502,0.00713954109,-2.404386855e-21
1.049639075,0.0004097285258,0
0.7857311698,-0.008470897416,-1.089126157e-21
-0.1208501233,-0.153030321,0
1.046518141,0.0009469167848,0
1.046888236,0.0005447749158,0
1.050542498,4.013233305e-05,0
-0.1032145741,-0.1083576991,-1.428517381e-19
0.9115461529,0.005278982443,0
0.9757512802,0.0001193388205,0
0.9078729358,0.001495398163,0
1.017594212,0.001606706203,0
0.1539696833,-0.007345791548,0
0.01706731169,0.05531860931,1.959515754e-20
1.046994342,-0.0001404827341,0
0.7617698291,0.0065718352,1.381301751e-22
-0.08855633266,0.011664339,1.337630715e-21
0.9335675514,-0.0001140154016,0
0.8265765888,0.002228691011,1.511555354e-20
-0.03521263881,0.01384086809,-8.158777584e-20
-0.1985883575,0.002721898887,0
-0.01196112758,0.01591349194,-1.555998052e-22
0.7511644978,-0.004120796672,2.741889237e-20
0.04839104838,-0.09910566577,6.120051067e-17
-0.06845081643,-0.1245392946,1.492111572e-18
-0.04928172343,0.02754568836,-6.426255791e-17
1.043734606,-0.0008147505085,0
1.050392285,-0.0004156293659,0
-0.1787102316,0.005628168639,4.471552614e-21
0.3739696204,0.0003742113896,-5.353453197e-15
0.8489095906,-7.4915533e-05,0
1.039232704,0.0002752693142,0
0.5183671479,-0.01558071266,-4.913927724e-20
0.4922442339,0.003404271615,-1.119332393e-21
1.051000834,0.0007670315097,0
1.034682804,0.0002550105365,0
0.8686034932,0.0004573214636,0
0.9950792487,7.046732685e-05,0
0.9446000609,-0.002159218075,0
0.7621142422,0.008787622754,0
-0.01728697227,0.0674434281,1.537163275e-19
1.049046662,0.0005513717451,0
0.975705069,3.239434065e-05,0
0.001067151262,0.005276333071,0
0.902416417,0.005027386819,0
-0.09510569651,0.01108635793,3.408639818e-22
0.01486280759,0.05439850779,0
0.7441666399,0.008227947403,-1.716621466e-20
1.050180257,-0.0007117869596,0
0.9157264896,4.712577432e-05,0
1.040898785,-0.0008493526739,0
-0.171043764,0.005484262582,-1.709428864e-16
-0.002628359662,1.556552491e-05,1.750526734e-16
0.5918677853,0.006832308361,-3.994068719e-20
1.049870199,-4.566931721e-05,0
0.65102508,0.02903894274,1.067923553e-19
-0.1234446455,0.02029948238,-2.162931423e-21
0.5589455115,0.03774580763,-9.836766431e-20
0.07411755549,-0.0002845972309,0
0.3986608084,-0.01070076054,0
-0.08886579947,0.003340821201,3.125840839e-23
0.963101247,0.0001378783712,0
0.8750673956,-0.0001285127984,0
0.07417409396,-0.0002837412671,0
0.8961647942,9.191629482e-05,0
0.9976598,3.217412967e-05,0
1.004545226,-0.002185299379,0
0.2430968044,-0.0007683918152,-8.878153815e-20
-0.1400393588,0.0170027045,3.287159769e-21
0.4408202984,-0.01559012863,0
1.051327081,-0.000279786474,0
-0.07013926758,0.09121105646,0
0.7668569301,0.001279213331,0
-0.1148362075,-0.1837999718,-3.733909645e-16
0.8488762922,-6.938220568e-05,0
1.032844169,-0.0002387501825,0
0.8011720557,-0.0004309194271,-4.368451931e-20
-0.05024504325,0.01876626351,-5.538936735e-20
-0.1226047454,0.01234583881,0
0.9764112065,0.0001127832406,0
0.9340859081,3.514146307e-05,0
0.6070287968,-0.0001318672327,0
0.8780629649,0.003634790148,-1.16622802e-20
0.7398134567,2.187290205e-05,0
0.1017378346,0.05291132067,0
0.2332475386,0.1321094224,-4.739833266e-22
0.2705320076,-0.01098985733,-8.829827406e-17
0.679206183,-0.00964819413,-3.271133983e-21
0.9165389562,7.51850974e-05,0
1.051934743,0.0004570144276,0
0.01926637147,-0.07550602992,1.691312298e-19
1.022948326,-0.0001595052929,0
0.6993245469,0.02007567752,6.401329335e-22
-0.07869743523,0.03262963179,2.151645015e-20
0.6057745008,-0.0001675703936,0
0.6308559042,0.001660415931,-2.253224776e-20
1.05079862,-0.0003077854917,0
-0.1281899205,-0.1765663755,6.599156149e-21
-0.1268213493,-0.001389213255,0
0.3973247443,-0.01360115705,1.216213213e-20
1.049442642,0.0009778286003,0
0.5041659696,0.06068817994,-6.545741327e-20
0.9972881724,-0.002248273818,0
-0.009693340264,0.01477101188,0
0.7239186804,0.01743639663,1.849778779e-21
0.1168732039,-0.07720741703,-1.086762031e-20
0.9720773738,0.003373802041,0
0.9492940532,0.0001433924036,0
0.3533479769,-0.01311082866,0
1.035424735,-9.436048846e-05,0
0.06500103977,0.06493990514,-1.912128928e-22
0.6897997327,-0.001871834443,3.117123426e-16
0.8968862873,-0.0001374046951,-1.509522104e-15
-0.1956923726,-0.01284972268,-1.327739482e-16
0.9751945246,0.000525647709,0
0.8148353477,-0.003961429527,1.432115148e-20
1.044191246,-0.001008212029,0
1.023020531,0.0002305290111,0
0.9422885923,-0.001515001236,0
0.9169351131,-6.041771926e-05,1.41140226e-15
1.050990732,0.000562389963,0
0.1919912269,0.09270673319,0
0.5786404634,-0.01401104518,0
0.7830453031,4.643917078e-05,0
1.050393258,0.0005097444151,0
0.5038530757,5.017807724e-05,0
1.0312506,-0.001320012484,0
1.012449121,0.001346278083,0
-0.01585359347,-0.0220873727,-6.48447226e-21
-0.08622809126,0.01093065567,0
0.6348402667,0.00201542269,2.185260095e-20
0.7404019761,-3.727922e-05,0
1.05061511,-0.0003085458281,0
-0.1991190584,-0.02725707996,0
1.041346034,-0.0001741164492,0
0.595525884,-0.01139889124,2.078083101e-20
0.3173594135,-0.008788571186,0
0.7839399075,-9.290860133e-05,0
0.9862427707,-0.00302419182,0
-0.1028297244,0.0323621956,7.601512756e-21
0.8722875847,0.002277875654,1.961521682e-20
0.5264831271,-0.01149565451,0
0.2420454748,-0.009077365923,8.818280197e-20
0.375767972,-0.02169338516,1.344669114e-19
0.8056126645,-0.008109052466,0
0.6825075365,-0.0001155151184,0
1.033046355,0.0006524279897,0
-0.0703144629,-0.06210053282,6.77170955e-21
-0.08422913692,0.01215432874,0
1.043034713,0.001033574009,0
-0.01696563217,0.02328028951,-5.54487593e-21
1.045788058,0.0002191923123,0
0.1352091634,-0.00270044969,-1.590751019e-20
0.9898996811,-0.00111966435,0
0.07417696433,-0.0002838784825,0
0.9876300807,0.0001802276697,0
0.2242888295,-5.368933431e-05,0
0.6053259563,-6.483730198e-05,0
-0.1424184839,0.01454209249,-1.770167825e-21
-0.03754125683,-0.1094674764,1.598584408e-21
1.048020152,-0.0005737777832,0
1.049326205,-0.0009794579689,0
0.8551373764,-0.007809708413,-3.414973766e-21
0.7845545937,-9.627021847e-05,0
-0.1811263519,0.004717409557,0
-0.07320817834,0.07877734379,-1.905729683e-19
-0.00046369232,0.05993704671,-3.185113471e-19
0.9984292872,0.002242322917,0
0.9765288029,-0.0001944591878,0
1.007826369,-0.0002151439246,0
0.8488119115,-5.760082667e-05,0
0.9424467083,0.001714178819,0
1.050460411,-0.0006300216479,0
0.1313846418,0.02003839499,1.535216719e-19
-0.02751758341,-0.04531011089,2.461245264e-18
0.4713321626,0.002201949064,-1.120183369e-19
0.03003601038,0.04939596039,1.956976592e-19
-0.01725123934,0.0223024187,0
1.050466143,-0.0005824579193,0
1.049414143,-0.0006737054226,0
1.03757342,0.001180237085,0
-0.06545975595,0.08811067206,-1.058578272e-20
1.048736823,-0.0004259167347,0
-0.1831300339,0.004734414682,1.815545043e-21
1.05041384,-1.776142262e-05,0
1.023250217,0.0001923911924,0
0.0008329167482,0.01826046241,5.866270328e-21
0.8122572771,0.003200933826,2.458953253e-20
0.6051693208,-0.0001473884943,0
-0.04506462209,0.01881305331,1.555243462e-20
-0.1394309418,0.009487392269,-9.491733641e-22
0.7847621881,-3.958547735e-05,0
1.047381778,0.0002703928635,0
0.916512739,8.238508829e-05,0
0.9348936463,0.003204827265,0
1.029037166,-1.943633645e-05,0
0.008564510073,0.007756039148,0
0.5241008345,0.01340446338,0
1.050342846,-5.964612793e-05,0
0.6357882096,0.02935100697,-7.920947197e-20
1.008526439,-0.0003513651388,0
1.023428921,0.001100995961,0
0.6824573145,-0.0001161843899,0
-0.07019780935,0.03515148982,0
0.1053237928,-0.003577920434,0
0.7404349062,-5.550088874e-05,0
-0.04973639435,-0.08165050224,2.435246236e-18
1.050161598,6.845990273e-05,0
0.7387282222,-3.433970877e-05,0
0.9560320499,-0.0001737908055,0
1.051732625,0.0001399797093,0
-0.01094455305,0.01760303581,0
1.050537216,0.0007652042547,0
1.041371409,0.0001962609199,0
0.002319343753,-0.1140132856,-1.1142665e-19
0.7673283479,-0.00347213667,0
-0.0347270261,0.01062979194,-3.055960024e-21
-0.1688557897,0.008168523621,-6.63805012e-22
0.6609979187,-0.006149134579,2.298593432e-20
0.5634983306,-1.305090898e-05,0
0.8201904965,-1.574309272e-05,0
-0.08403833501,0.06087943942,-7.16131822e-20
0.9420433879,-0.0004385626249,0
-0.1574867265,0.006805309723,-6.118514916e-22
1.02650147,-0.00165432606,0
0.2397039157,-0.04551872368,0
0.7806336067,-4.606087127e-05,-1.241595316e-20
0.07419364257,-0.0002862313357,0
-0.02231872424,0.00664934058,0
-0.07005742542,0.03747323569,6.755186818e-17
1.04696357,-9.693395012e-05,0
-0.1823828168,0.008032788721,0
1.048331017,-0.000186956376,0
1.050145264,-0.0006159776712,0
0.07520786425,0.0151719043,-1.820075891e-20
0.6190641866,0.01350879662,-1.023482691e-22
-0.07160767455,0.08422366665,9.034487699e-22
-0.01083768836,0.02908558759,0
0.7055999575,0.000755424455,8.517316393e-21
1.051472503,0.0001265799476,0
0.8965128718,-8.743381754e-05,0
-0.1206803278,-0.1882504391,-8.711402512e-19
1.008007103,-0.0001068420343,0
0.8925053199,-0.00495673968,0
0.7413510683,-0.00617950924,-8.747730349e-21
0.9540158296,-0.004536580967,0
1.02095905,0.001411332812,0
-0.0927071213,0.04811084486,0
0.0655083176,-0.03237414528,-1.657845489e-19
0.03024939603,0.03328986788,1.609825406e-20
1.005974145,-0.0001144029751,0
0.5845558629,0.005887368482,5.019771614e-20
-0.04156914538,0.07609649482,1.697997485e-19
0.9143577716,0.006632738351,0
0.997724142,-4.461664114e-05,0
0.5253552775,0.00483680641,8.581172905e-21
-0.0534599596,0.04056691631,1.173822986e-20
0.4311031697,0.1253461195,1.079930659e-21
0.9976574211,8.637908283e-05,0
0.9161986127,0.0001232064401,0
1.045305959,-0.0007632890218,0
0.6858857414,-0.01121811909,-1.120861824e-20
1.050374541,7.968747345e-05,0
-0.01867782523,0.01054003503,0
0.8956405344,-0.006580714587,5.554098669e-21
0.7778275879,0.01261021037,1.171972782e-23
1.049960852,-0.0007692869143,0
-0.09889103478,-0.02178724645,0
-0.185518057,0.009947759276,0
1.007376148,-0.0001740747934,0
0.219087074,-0.0438789363,4.553143466e-19
0.9581566696,-0.001818377379,0
0.7766269929,0.005503941351,0
0.9158184848,-3.03350424e-05,0
1.045537902,2.582803302e-06,0
-0.09621259195,0.03212891935,0
-0.03995565687,0.07494715617,-6.16100461e-17
0.3451995442,0.003516703923,5.814660599e-17
1.051563372,-0.0003096080608,0
0.6810630378,1.005895072e-05,0
0.9760730116,0.0001691517089,0
0.3137695681,-0.009914850772,0
1.043106972,0.0009145993639,0
0.7770600336,-0.001291903478,2.194544206e-20
1.027386681,-0.001447788323,0
0.9166939706,2.252171293e-05,0
1.047848356,0.0003880609495,0
1.048128969,-0.0009384473397,0
1.050692127,-0.0007473039418,0
-0.02972029467,-0.1125056741,2.694182069e-21
0.4398047626,-0.01603711052,4.988593597e-21
-0.0536886972,0.08738981288,3.784143859e-21
0.9985231246,-0.0002220794522,0
0.7615076068,0.006931444576,0
-0.06907782081,0.006715759075,0
0.8496698687,-2.470338685e-07,0
0.01850946744,0.0166160432,0
0.5354428969,-0.01513834739,2.23378261e-21
-0.1481920556,0.01284443494,-1.795386796e-21
0.7422038903,0.01646415017,-2.337578046e-20
0.8528233396,0.007824938928,1.167478146e-20
0.5055958708,0.01339137756,0
0.9640110561,-3.506419522e-05,0
1.034376966,0.0001054465702,0
-0.07385252973,0.001385640722,4.61187845e-21
1.045194879,0.0002817552483,0
0.8499168413,4.023310496e-05,-3.272509705e-24
-0.05559377261,0.03413735626,-9.82749038e-21
1.050442834,4.994599373e-05,0
0.1863856703,-0.008392647391,1.156188491e-20
1.048898375,-0.0006860385012,0
1.050521999,-0.0002086493622,0
0.6070585462,-0.0001501735641,0
0.874183893,0.000103687971,0
0.6830777999,-9.14954983e-05,0
1.051306476,-0.000393220952,0
1.043221594,-0.0002802834906,0
0.874100592,-3.15758589e-05,0
1.050834129,0.0003453759695,0
1.032869244,0.0001361185006,0
1.041381495,-0.0002986419657,0
1.039869324,-8.591051437e-05,0
0.9982550128,0.001048499469,0
1.016201572,-0.0002035227264,0
0.6822153652,-1.821259729e-08,0
0.9428843846,-0.002318119597,0
0.7256577727,0.01015756869,-6.710962947e-20
0.0345000454,0.004633671043,0
0.8521646026,-0.005061531374,-3.681873436e-21
0.998255658,0.001921179861,0
0.7087735352,0.002135200693,-5.379223059e-20
1.045637184,0.0006482827942,0
-0.1363149756,0.003393847941,0
-0.03791337936,0.0545536929,-1.753860974e-16
0.7833150863,7.756776955e-05,0
-0.1089551597,-0.1278501188,1.586120943e-19
0.9445139258,-0.002488864905,0
-0.1758714126,0.005606665866,2.356262382e-21
0.7218213256,0.01677738275,-3.798116485e-20
0.9453516284,0.004117033485,0
0.9182732461,-0.00145948785,0
0.2234340453,-4.397842417e-05,-7.807043922e-15
-0.142339604,0.008614753839,-1.931267418e-21
0.8955118443,0.006347047593,7.497301695e-21
0.8490789796,9.198214177e-05,0
1.047497767,0.0004172979944,0
-0.07182848203,0.02384877236,0
0.9169374845,-6.75674816e-05,0
0.7844947156,-8.533820103e-07,0
0.998424461,-0.0005833004007,0
-0.1704439057,0.01297306664,-2.072445956e-21
-0.1456929943,0.0008897159097,1.062301099e-21
0.8369617845,-0.004209597939,0
-0.05919764546,0.09653575569,1.488145563e-16
-0.09255095045,0.05838597924,0
0.5628149947,0.0449215215,-2.183646937e-23
0.9013419378,-0.0003726315573,4.97581899e-20
1.051125867,-0.0004062521679,0
-0.06951768783,0.0002554893924,-1.436464822e-21
1.050213953,-0.0005814169256,0
-0.07856905856,0.04691232878,-5.551710396e-19
1.051600351,-0.0002254366217,0
0.9343424983,-7.399893778e-05,0
1.045821833,0.0002101274548,0
-0.1350947429,-0.0007936366101,-3.548989878e-21
0.624762202,-0.01249549126,1.350922819e-20
0.5808969535,0.001576214479,-2.804548198e-20
0.5473519068,-0.0109950356,4.823286426e-20
0.1725189031,0.01919036637,1.183643707e-21
-0.1357257804,0.01422377133,8.356010918e-22
