x_mm,y_mm,z_mm,U,V,W,urms,vrms,wrms,uv,uw,uuu,vvv,www,uuv,uuw,uvv,uww
-243.0,195.0,340.0,44.0,-6.1,4.43,2.01,1.503,1.59,-1.164,-0.861,-9.88,1.083,3.3,2.453,2.92,-2.005,-3.01
-243.0,195.0,343.0,45.5,-5.69,3.08,1.21,1.09,1.08,-0.466,-0.391,-3.53,0.431,1.89,1.009,1.25,-1.026,-1.38
-243.0,195.0,348.0,46.1,-4.95,1.72,0.507,0.686,0.476,-0.124,-0.018,-0.165,0.065,0.134,0.066,0.035,-0.07,-0.08
-243.0,195.0,358.0,46.1,-4.0,0.573,0.346,0.821,0.285,-0.068,-0.008,-0.007,0.574,0.023,0.001,0.008,0.063,-0.006
-243.0,195.0,388.0,45.3,-2.92,-0.668,0.299,0.589,0.257,-0.06,-0.007,-0.017,-0.022,0.014,-0.015,0.007,0.014,-0.005
-223.0,195.0,340.0,46.0,-7.88,5.2,1.68,1.397,1.39,-0.915,-0.624,-6.95,0.942,2.78,2.252,1.89,-1.876,-2.19
-223.0,195.0,343.0,47.2,-7.44,3.4,0.848,0.903,0.834,-0.254,-0.198,-1.5,0.157,1.14,0.417,0.714,-0.497,-0.69
-223.0,195.0,348.0,47.4,-6.52,1.64,0.38,0.629,0.38,-0.088,-0.01,-0.032,0.021,0.058,-0.002,0.017,-0.014,-0.014
-223.0,195.0,358.0,47.0,-5.32,0.074,0.337,0.58,0.292,-0.074,-0.01,-0.023,-0.03,0.016,-0.011,0.009,0.019,-0.005
-223.0,195.0,388.0,45.6,-3.6,-1.21,0.303,0.554,0.262,-0.067,-0.009,-0.006,-0.062,0.01,-0.02,0.006,0.021,-0.004
-203.0,195.0,340.0,50.4,-13.44,4.84,1.11,1.13,1.06,-0.4,-0.327,-2.47,0.394,1.66,0.717,0.96,-0.84,-1.09
-203.0,195.0,343.0,50.2,-11.63,2.04,0.58,0.748,0.604,-0.155,-0.056,-0.227,0.049,0.39,0.117,0.145,-0.133,-0.118
-203.0,195.0,348.0,49.2,-9.58,-0.045,0.361,0.57,0.349,-0.081,-0.021,-0.018,-0.027,0.023,-0.008,0.015,0.007,-0.006
-203.0,195.0,358.0,47.8,-7.18,-1.38,0.336,0.558,0.289,-0.075,-0.012,-0.008,-0.036,0.014,-0.003,0.009,0.007,-0.004
-203.0,195.0,388.0,45.7,-4.34,-2.0,0.31,0.547,0.289,-0.072,-0.009,-0.009,-0.04,0.01,-0.011,0.005,0.013,-0.004
-183.0,195.0,331.0,48.4,-20.9,13.4,2.1,1.985,1.69,-1.177,-0.88,-6.88,2.185,2.18,2.083,1.82,-1.393,-1.91
-183.0,195.0,333.0,48.7,-23.18,9.7,1.67,1.57,1.37,-0.861,-0.529,-5.44,1.563,1.84,1.671,1.59,-1.352,-1.75
-183.0,195.0,338.0,48.5,-19.32,1.69,0.53,0.795,0.659,-0.121,-0.015,-0.146,0.046,0.201,0.066,0.095,-0.086,-0.1
-183.0,195.0,343.0,48.0,-14.88,-1.48,0.362,0.607,0.417,-0.084,-0.015,-0.003,0.006,0.009,-0.014,0.01,0.006,-0.007
-183.0,195.0,348.0,47.6,-12.03,-2.61,0.329,0.576,0.35,-0.077,-0.017,-0.008,-0.045,0.025,-0.003,0.011,0.015,-0.009
-183.0,195.0,358.0,47.0,-8.81,-3.08,0.331,0.532,0.29,-0.076,-0.014,-0.024,-0.024,0.011,-0.004,0.01,0.006,-0.006
-183.0,195.0,388.0,45.5,-5.06,-2.81,0.305,0.502,0.273,-0.066,-0.011,-0.013,-0.039,0.014,-0.008,0.007,0.013,-0.005
-163.0,195.0,321.0,45.8,-13.74,16.4,2.44,2.108,1.88,-1.829,-1.05,-6.48,1.546,1.46,2.148,1.08,-1.537,-1.37
-163.0,195.0,323.0,46.6,-17.06,15.1,2.24,1.989,1.74,-1.516,-0.978,-7.1,1.998,1.98,1.875,1.78,-1.2,-1.68
-163.0,195.0,328.0,47.7,-22.22,8.85,1.18,1.295,1.04,-0.653,-0.238,-2.32,1.078,1.04,1.366,0.701,-1.111,-0.811
-163.0,195.0,333.0,47.0,-20.3,2.71,0.426,0.721,0.516,-0.111,0.009,-0.015,0.061,0.044,0.068,0.021,-0.035,-0.011
-163.0,195.0,338.0,46.3,-16.97,-0.791,0.355,0.602,0.384,-0.085,-0.002,-0.011,0.0,0.02,-0.017,0.008,-0.002,-0.007
-163.0,195.0,348.0,45.9,-12.2,-3.26,0.33,0.563,0.31,-0.074,-0.014,-0.006,-0.046,0.011,-0.021,0.007,0.009,-0.005
-163.0,195.0,358.0,45.7,-9.39,-3.76,0.321,0.508,0.303,-0.064,-0.013,-0.008,-0.045,0.015,-0.016,0.009,0.013,-0.006
-163.0,195.0,388.0,45.0,-5.57,-3.37,0.322,0.499,0.271,-0.065,-0.01,-0.02,-0.058,0.01,-0.009,0.008,0.014,-0.005
-143.0,195.0,312.0,44.4,-10.51,16.4,2.57,2.244,1.9,-2.059,-0.885,-7.04,5.118,1.42,3.251,1.03,-1.821,-1.41
-143.0,195.0,314.0,45.1,-12.76,15.7,2.37,2.212,1.77,-1.823,-0.874,-6.48,3.415,1.59,2.655,1.13,-1.843,-1.56
-143.0,195.0,318.0,46.4,-18.66,13.4,1.86,1.738,1.46,-1.227,-0.597,-5.48,1.778,1.69,1.898,1.35,-1.328,-1.55
-143.0,195.0,323.0,47.0,-21.59,7.98,0.824,1.095,0.787,-0.44,-0.086,-0.853,0.646,0.499,0.866,0.278,-0.747,-0.317
-143.0,195.0,328.0,46.0,-20.16,3.09,0.393,0.681,0.44,-0.081,0.007,0.005,0.016,0.039,0.004,0.014,-0.004,-0.009
-143.0,195.0,338.0,45.1,-15.28,-1.93,0.313,0.547,0.353,-0.069,-0.008,-0.016,-0.031,0.011,-0.004,0.007,0.0,-0.006
-143.0,195.0,348.0,44.9,-11.75,-3.51,0.323,0.51,0.304,-0.068,-0.011,-0.017,-0.05,0.009,-0.01,0.008,0.009,-0.004
-143.0,195.0,358.0,44.8,-9.47,-4.0,0.329,0.499,0.3,-0.069,-0.013,-0.017,-0.046,0.016,-0.009,0.007,0.01,-0.005
-143.0,195.0,388.0,44.4,-5.92,-3.76,0.33,0.498,0.281,-0.068,-0.01,-0.011,-0.051,0.014,-0.011,0.007,0.012,-0.004
-123.0,195.0,303.0,42.8,-9.72,15.3,2.72,2.201,1.92,-2.317,-0.651,-7.3,3.766,0.854,3.438,0.383,-1.993,-1.36
-123.0,195.0,305.0,43.4,-8.38,15.5,2.58,2.964,1.82,-2.871,-0.811,-6.85,29.957,1.4,7.536,0.914,-5.828,-1.44
-123.0,195.0,308.0,44.3,-13.83,16.0,2.35,2.029,1.8,-1.711,-0.98,-8.05,2.946,2.03,2.453,1.52,-1.67,-1.72
-123.0,195.0,313.0,46.4,-19.09,11.9,1.43,1.497,1.2,-0.936,-0.374,-3.51,1.549,1.43,1.861,0.926,-1.378,-1.07
-123.0,195.0,318.0,46.3,-20.85,7.22,0.579,0.955,0.58,-0.258,-0.008,-0.111,0.461,0.218,0.557,0.078,-0.446,-0.051
-123.0,195.0,328.0,44.7,-17.73,0.377,0.337,0.57,0.359,-0.069,-0.002,-0.014,-0.03,0.009,-0.012,0.006,0.005,-0.003
-123.0,195.0,338.0,44.2,-13.91,-2.57,0.33,0.529,0.319,-0.069,-0.01,-0.006,-0.04,0.015,-0.014,0.007,0.007,-0.005
-123.0,195.0,348.0,44.1,-11.25,-3.67,0.318,0.497,0.298,-0.065,-0.011,-0.004,-0.023,0.009,-0.01,0.005,0.001,-0.003
-123.0,195.0,358.0,44.0,-9.35,-4.1,0.319,0.494,0.291,-0.07,-0.012,-0.008,-0.038,0.017,-0.013,0.007,0.006,-0.005
-123.0,195.0,388.0,43.9,-6.14,-3.98,0.304,0.506,0.28,-0.068,-0.01,-0.01,-0.045,0.012,-0.001,0.008,0.011,-0.005
-103.0,195.0,293.0,41.5,-7.54,15.2,2.83,2.072,2.02,-2.411,-0.917,-8.77,1.542,0.866,3.348,0.831,-1.56,-1.56
-103.0,195.0,295.0,42.2,-8.26,15.0,2.71,2.218,1.91,-2.41,-0.771,-8.17,3.316,0.874,3.489,0.908,-1.959,-1.77
-103.0,195.0,298.0,43.2,-9.92,14.7,2.49,2.259,1.8,-2.208,-0.768,-7.56,5.544,1.29,3.434,1.01,-2.259,-1.81
-103.0,195.0,303.0,45.0,-14.79,13.6,1.97,1.975,1.49,-1.59,-0.574,-5.86,3.107,1.49,2.639,1.1,-1.969,-1.58
-103.0,195.0,308.0,46.2,-18.83,10.7,1.11,1.31,0.932,-0.726,-0.193,-2.02,1.298,0.727,1.537,0.583,-1.211,-0.633
-103.0,195.0,318.0,44.7,-19.22,3.47,0.358,0.599,0.377,-0.072,0.001,-0.011,-0.006,0.019,-0.01,0.007,-0.01,-0.002
-103.0,195.0,328.0,43.8,-15.82,-0.968,0.307,0.542,0.312,-0.061,-0.008,-0.004,-0.041,0.012,-0.012,0.007,0.001,-0.005
-103.0,195.0,338.0,43.5,-12.84,-2.91,0.288,0.512,0.295,-0.06,-0.011,-0.01,-0.016,0.016,-0.005,0.006,0.002,-0.004
-103.0,195.0,348.0,43.5,-10.72,-3.75,0.292,0.511,0.294,-0.066,-0.011,-0.013,-0.023,0.011,-0.009,0.008,0.001,-0.005
-103.0,195.0,358.0,43.4,-9.15,-4.11,0.293,0.498,0.286,-0.062,-0.013,-0.016,-0.023,0.012,-0.004,0.006,0.007,-0.005
-103.0,195.0,388.0,43.4,-6.21,-4.12,0.321,0.509,0.277,-0.067,-0.01,0.357,-0.043,0.011,-0.006,-0.021,0.005,-0.001
-83.0,195.0,283.0,40.2,-5.57,14.3,2.93,2.097,2.02,-2.672,-0.676,-8.93,1.702,0.223,3.169,0.343,-2.03,-1.36
-83.0,195.0,285.0,40.7,-7.43,14.1,2.83,2.095,1.98,-2.511,-0.602,-9.08,2.486,0.548,3.568,0.929,-2.273,-1.65
-83.0,195.0,288.0,41.6,-7.38,13.6,2.66,2.292,1.87,-2.583,-0.594,-7.74,5.969,0.976,4.175,0.476,-3.297,-1.43
-83.0,195.0,293.0,43.3,-10.56,13.9,2.29,2.177,1.65,-2.018,-0.737,-7.71,5.726,1.45,3.685,1.23,-2.619,-1.64
-83.0,195.0,298.0,44.8,-15.47,12.6,1.72,1.651,1.31,-1.198,-0.489,-5.19,2.201,1.44,2.234,1.18,-1.786,-1.43
-83.0,195.0,308.0,44.9,-19.38,6.41,0.43,0.696,0.437,-0.105,0.0,-0.007,0.182,0.043,0.067,0.018,-0.06,-0.002
-83.0,195.0,318.0,43.7,-17.27,1.11,0.308,0.529,0.329,-0.063,-0.004,-0.008,-0.01,0.013,-0.012,0.006,-0.002,-0.003
-83.0,195.0,328.0,43.2,-14.34,-1.67,0.309,0.53,0.317,-0.068,-0.013,-0.014,-0.032,0.009,-0.011,0.008,0.001,-0.005
-83.0,195.0,338.0,43.0,-11.96,-3.05,0.318,0.505,0.279,-0.066,-0.01,-0.018,-0.053,0.012,-0.012,0.008,0.009,-0.005
-83.0,195.0,348.0,42.9,-10.21,-3.72,0.325,0.51,0.287,-0.072,-0.012,-0.021,-0.034,0.009,-0.006,0.007,0.003,-0.004
-83.0,195.0,358.0,42.9,-8.96,-4.04,0.319,0.493,0.288,-0.07,-0.012,-0.016,-0.015,0.011,-0.011,0.007,0.006,-0.004
-83.0,195.0,388.0,43.0,-6.22,-4.11,0.313,0.503,0.278,-0.071,-0.012,-0.017,-0.038,0.012,-0.004,0.006,0.01,-0.003
-63.0,195.0,274.0,39.3,-5.01,13.5,3.0,2.055,2.06,-2.836,-0.597,-9.88,1.738,0.894,3.953,0.572,-2.091,-1.47
-63.0,195.0,276.0,39.7,-5.99,13.5,2.92,2.101,2.03,-2.564,-0.567,-9.77,2.453,0.898,3.338,0.532,-2.009,-1.92
-63.0,195.0,278.0,40.3,-6.5,13.3,2.79,2.168,1.96,-2.596,-0.483,-9.11,3.307,0.748,4.339,0.414,-2.582,-1.64
-63.0,195.0,283.0,41.9,-8.28,13.4,2.45,2.248,1.77,-2.445,-0.622,-7.36,5.78,1.51,4.203,0.792,-3.26,-1.89
-63.0,195.0,288.0,43.9,-12.31,13.0,1.91,1.8,1.45,-1.499,-0.463,-5.76,2.558,1.39,2.789,0.991,-1.983,-1.45
-63.0,195.0,298.0,45.0,-17.9,9.03,0.623,0.969,0.606,-0.265,-0.036,-0.208,0.525,0.215,0.51,0.11,-0.395,-0.09
-63.0,195.0,308.0,43.6,-18.01,3.55,0.312,0.568,0.349,-0.072,-0.004,-0.006,-0.038,0.017,-0.004,0.004,0.0,-0.001
-63.0,195.0,318.0,42.9,-15.53,-0.122,0.325,0.504,0.317,-0.063,-0.01,-0.017,-0.047,0.01,-0.014,0.007,0.009,-0.003
-63.0,195.0,328.0,42.6,-13.1,-2.04,0.322,0.483,0.312,-0.065,-0.012,-0.011,-0.026,0.01,-0.018,0.006,0.007,-0.004
-63.0,195.0,338.0,42.5,-11.23,-3.12,0.32,0.466,0.277,-0.056,-0.012,-0.009,-0.038,0.008,-0.009,0.005,0.009,-0.004
-63.0,195.0,348.0,42.4,-9.72,-3.68,0.318,0.471,0.283,-0.058,-0.01,-0.01,-0.045,0.009,-0.015,0.006,0.011,-0.003
-63.0,195.0,358.0,42.4,-8.69,-3.97,0.322,0.482,0.292,-0.06,-0.014,-0.008,-0.032,0.013,-0.008,0.005,0.011,-0.004
-63.0,195.0,388.0,42.6,-6.12,-4.11,0.317,0.484,0.279,-0.06,-0.01,-0.013,-0.051,0.014,-0.01,0.005,0.015,-0.004
-43.0,195.0,266.0,38.0,-4.77,12.7,3.14,2.15,2.1,-2.831,-0.551,-10.5,2.317,0.911,3.098,0.42,-1.936,-2.17
-43.0,195.0,268.0,38.7,-5.5,12.6,3.05,2.191,2.04,-2.775,-0.659,-11.9,4.641,0.531,4.099,0.783,-2.738,-1.92
-43.0,195.0,273.0,40.3,-6.58,12.6,2.78,2.28,1.92,-2.746,-0.742,-10.8,7.67,1.0,4.559,1.13,-3.871,-2.46
-43.0,195.0,278.0,42.1,-9.07,12.7,2.33,2.059,1.66,-2.009,-0.644,-8.86,4.113,1.7,3.942,1.37,-2.547,-1.96
-43.0,195.0,288.0,44.5,-15.54,10.8,1.04,1.356,0.892,-0.702,-0.181,-1.74,2.324,0.775,1.902,0.544,-1.516,-0.586
-43.0,195.0,298.0,43.7,-17.92,5.84,0.345,0.58,0.372,-0.067,-0.007,-0.007,-0.028,0.022,0.008,0.01,0.004,-0.004
-43.0,195.0,308.0,42.7,-16.41,1.7,0.334,0.54,0.333,-0.066,-0.009,-0.032,-0.031,0.012,-0.015,0.007,0.006,-0.003
-43.0,195.0,318.0,42.3,-14.12,-0.832,0.32,0.512,0.284,-0.061,-0.012,-0.005,-0.049,0.01,-0.014,0.006,0.004,-0.003
-43.0,195.0,328.0,42.1,-12.15,-2.29,0.308,0.497,0.3,-0.056,-0.011,-0.006,-0.044,0.008,-0.016,0.005,0.011,-0.003
-43.0,195.0,338.0,42.1,-10.64,-3.13,0.309,0.486,0.275,-0.055,-0.008,-0.001,-0.031,0.009,-0.008,0.006,0.008,-0.003
-43.0,195.0,348.0,42.0,-9.36,-3.56,0.304,0.459,0.288,-0.051,-0.009,-0.004,-0.05,0.006,-0.014,0.004,0.013,-0.002
-43.0,195.0,358.0,42.0,-8.43,-3.85,0.305,0.487,0.284,-0.055,-0.012,-0.006,-0.039,0.008,-0.013,0.006,0.008,-0.003
-43.0,195.0,388.0,42.2,-6.04,-4.04,0.31,0.48,0.279,-0.058,-0.01,-0.01,-0.053,0.012,-0.008,0.006,0.015,-0.004
-23.0,195.0,256.0,35.9,-3.38,11.7,3.28,2.181,2.18,-3.073,-0.462,-12.0,3.624,0.874,3.378,0.549,-2.338,-1.62
-23.0,195.0,258.0,36.4,-4.25,11.8,3.21,2.198,2.15,-2.911,-0.531,-12.5,4.728,1.2,4.82,-0.121,-2.986,-1.52
-23.0,195.0,263.0,38.0,-4.96,12.0,2.96,2.357,2.04,-2.902,-0.542,-12.0,6.884,1.06,4.97,0.61,-2.738,-2.24
-23.0,195.0,268.0,39.8,-6.71,12.3,2.65,2.229,1.86,-2.547,-0.764,-10.1,5.572,1.31,4.462,1.12,-3.439,-2.31
-23.0,195.0,278.0,43.5,-12.49,11.8,1.46,1.617,1.14,-1.253,-0.38,-4.62,2.293,1.36,3.044,1.08,-1.96,-1.18
-23.0,195.0,288.0,43.5,-16.68,8.11,0.445,0.722,0.466,-0.101,-0.012,0.011,0.168,0.061,0.073,0.029,-0.058,-0.001
-23.0,195.0,298.0,42.5,-16.71,3.82,0.349,0.532,0.356,-0.07,-0.011,-0.005,-0.009,0.01,-0.01,0.006,0.003,-0.002
-23.0,195.0,308.0,41.9,-14.96,0.729,0.307,0.501,0.304,-0.057,-0.012,-0.002,-0.021,0.004,-0.008,0.005,0.002,-0.001
-23.0,195.0,318.0,41.7,-13.02,-1.16,0.289,0.48,0.276,-0.05,-0.01,-0.006,-0.025,0.005,-0.007,0.004,0.005,-0.002
-23.0,195.0,328.0,41.6,-11.4,-2.33,0.285,0.462,0.299,-0.047,-0.012,-0.01,-0.043,0.012,-0.005,0.005,0.007,-0.003
-23.0,195.0,338.0,41.6,-10.04,-2.99,0.286,0.485,0.27,-0.052,-0.01,-0.01,-0.047,0.008,-0.01,0.006,0.011,-0.002
-23.0,195.0,348.0,41.6,-9.01,-3.35,0.28,0.464,0.28,-0.045,-0.008,-0.011,-0.035,0.004,-0.007,0.004,0.008,-0.003
-23.0,195.0,358.0,41.7,-8.11,-3.68,0.284,0.478,0.291,-0.056,-0.014,-0.01,-0.047,0.008,-0.009,0.005,0.011,-0.003
-23.0,195.0,388.0,41.8,-5.91,-3.97,0.287,0.473,0.275,-0.052,-0.01,-0.008,-0.053,0.009,-0.014,0.005,0.014,-0.003
-3.0,195.0,246.0,33.3,-1.15,9.39,3.6,2.322,2.27,-4.067,-0.26,-15.8,4.845,-0.264,8.099,-0.047,-4.033,-2.07
-3.0,195.0,248.0,33.4,-1.24,9.87,3.53,2.718,2.25,-4.663,-0.346,-14.1,13.33,0.141,11.352,-0.348,-8.402,-1.99
-3.0,195.0,253.0,34.8,-2.5,10.9,3.36,2.755,2.17,-4.023,-0.6,-13.9,19.039,0.407,10.448,0.159,-9.589,-1.92
-3.0,195.0,258.0,36.8,-4.09,12.1,3.09,2.655,2.08,-3.762,-0.784,-14.4,17.764,1.3,9.019,1.02,-9.289,-2.34
-3.0,195.0,268.0,41.0,-9.24,12.6,2.19,1.913,1.59,-2.008,-0.775,-9.47,3.609,2.27,4.391,1.72,-3.168,-2.41
-3.0,195.0,278.0,43.0,-14.45,10.2,0.74,1.076,0.695,-0.383,-0.086,-0.42,0.995,0.312,0.959,0.19,-0.725,-0.163
-3.0,195.0,288.0,42.3,-16.15,6.16,0.38,0.557,0.395,-0.07,-0.024,0.002,-0.034,0.012,-0.01,0.006,0.008,-0.002
-3.0,195.0,298.0,41.7,-15.39,2.63,0.305,0.489,0.346,-0.055,-0.014,-0.005,-0.029,0.007,-0.006,0.004,0.002,-0.003
-3.0,195.0,308.0,41.4,-13.71,0.214,0.289,0.483,0.31,-0.049,-0.014,-0.008,-0.041,0.008,-0.007,0.005,0.007,-0.003
-3.0,195.0,318.0,41.3,-12.03,-1.31,0.29,0.486,0.284,-0.053,-0.013,-0.014,-0.042,0.002,-0.008,0.005,0.009,-0.003
-3.0,195.0,328.0,41.3,-10.73,-2.27,0.289,0.471,0.297,-0.047,-0.013,-0.015,-0.02,0.009,0.0,0.005,0.004,-0.003
-3.0,195.0,338.0,41.3,-9.53,-2.82,0.29,0.456,0.276,-0.043,-0.013,-0.014,-0.048,0.012,-0.007,0.005,0.007,-0.004
-3.0,195.0,348.0,41.3,-8.64,-3.2,0.288,0.471,0.281,-0.045,-0.009,-0.013,-0.033,0.005,-0.001,0.005,0.006,-0.004
-3.0,195.0,358.0,41.4,-7.79,-3.53,0.283,0.472,0.279,-0.046,-0.012,-0.013,-0.057,0.006,-0.009,0.004,0.011,-0.004
-3.0,195.0,388.0,41.6,-5.8,-3.82,0.285,0.466,0.28,-0.049,-0.013,-0.01,-0.05,0.011,-0.007,0.005,0.011,-0.004
17.0,195.0,28.0,32.8,0.6,-1.76,3.89,4.094,3.67,-3.621,-2.28,-1.09,12.753,-4.55,-6.072,-3.76,11.315,-1.06
17.0,195.0,38.0,32.7,1.54,-2.58,4.27,4.39,3.7,-6.107,-2.17,13.7,-19.172,-17.8,-18.131,-17.6,31.623,2.23
17.0,195.0,58.0,34.8,-0.72,-1.69,4.83,4.766,3.7,-19.677,-0.064,-91.2,38.746,-10.1,46.248,-4.99,-36.72,-15.1
17.0,195.0,78.0,34.2,-0.73,-0.615,4.47,4.536,3.28,-16.584,0.436,-51.9,31.955,-6.12,34.502,-3.12,-29.942,-11.2
17.0,195.0,98.0,33.4,-0.7,0.173,4.3,4.449,3.08,-15.637,0.3,-44.1,35.568,-2.24,33.088,-0.1,-34.167,-7.56
17.0,195.0,118.0,32.6,-0.58,0.772,4.08,4.216,2.94,-13.986,0.205,-32.4,34.31,-1.25,40.954,-1.2,-31.461,-7.88
17.0,195.0,138.0,32.3,-0.69,1.09,4.04,4.34,2.83,-14.307,0.131,-34.8,29.092,-1.78,35.742,-1.4,-29.739,-6.49
17.0,195.0,158.0,33.2,-0.9,1.82,3.62,3.744,2.56,-10.836,0.108,-17.0,31.768,-0.407,40.064,-0.264,-32.854,-3.45
17.0,195.0,178.0,33.6,-0.68,2.15,3.63,3.734,2.51,-11.198,0.082,-20.4,27.965,-0.158,34.722,-0.178,-27.812,-3.52
17.0,195.0,198.0,32.9,-0.66,2.77,3.66,3.777,2.5,-10.551,0.559,-17.5,30.687,-0.21,29.51,-1.85,-26.852,-3.4
17.0,195.0,218.0,32.5,-0.68,3.86,3.79,3.711,2.54,-10.907,0.53,-20.3,23.533,-2.25,26.493,-2.15,-22.987,-4.02
17.0,195.0,238.0,32.0,-0.33,6.09,4.29,4.025,2.78,-13.188,0.619,-53.3,26.375,-3.7,16.105,-5.83,-21.157,-10.8
17.0,195.0,258.0,37.2,-5.05,12.9,3.17,2.976,2.13,-4.572,-1.57,-21.5,26.094,4.01,12.04,3.53,-13.263,-4.46
17.0,195.0,278.0,42.0,-14.67,8.56,0.474,0.73,0.517,-0.134,-0.036,0.019,0.196,0.072,0.125,0.027,-0.072,0.001
17.0,195.0,298.0,41.1,-14.07,1.91,0.318,0.502,0.37,-0.057,-0.023,-0.013,-0.039,0.013,-0.002,0.006,0.01,-0.003
17.0,195.0,318.0,41.0,-11.26,-1.33,0.309,0.454,0.292,-0.047,-0.016,-0.013,-0.034,0.005,-0.009,0.005,0.006,-0.003
17.0,195.0,338.0,41.0,-9.06,-2.67,0.307,0.449,0.285,-0.047,-0.013,-0.015,-0.025,0.008,0.002,0.004,0.005,-0.004
17.0,195.0,358.0,41.2,-7.48,-3.37,0.294,0.45,0.279,-0.045,-0.012,-0.015,-0.045,0.005,0.002,0.005,0.01,-0.003
17.0,195.0,388.0,41.4,-5.69,-3.69,0.278,0.462,0.27,-0.045,-0.01,-0.014,-0.049,0.007,-0.006,0.004,0.012,-0.004
37.0,195.0,28.0,32.9,0.58,-1.67,3.8,3.855,3.6,-2.77,-2.18,2.45,4.211,-4.07,-5.525,-4.73,10.301,-1.64
37.0,195.0,38.0,32.7,1.34,-2.4,4.44,4.315,3.58,-4.98,-0.936,-1.94,-15.229,-18.5,-17.04,-21.8,28.077,-5.32
37.0,195.0,58.0,33.1,-1.0,-1.42,6.33,5.263,4.76,-23.794,0.271,-205.0,37.214,-17.8,69.854,-15.1,-44.237,-50.1
37.0,195.0,78.0,33.0,-1.04,-0.4,6.09,5.056,4.47,-19.984,0.064,-175.0,29.834,3.19,49.718,-2.57,-35.085,-45.4
37.0,195.0,98.0,32.3,-0.87,0.456,5.84,4.898,4.31,-17.95,-0.049,-154.0,33.905,10.6,38.438,2.4,-30.784,-45.1
37.0,195.0,118.0,32.1,-0.78,1.03,5.45,4.766,4.02,-16.802,-0.464,-142.0,37.673,4.0,39.795,4.72,-39.332,-36.7
37.0,195.0,138.0,31.9,-0.85,1.47,5.26,4.633,3.86,-15.668,0.375,-125.0,41.835,-2.8,45.893,-4.22,-40.902,-32.5
37.0,195.0,158.0,33.2,-1.09,2.1,4.66,4.221,3.42,-13.351,-0.319,-99.8,43.561,7.45,56.864,7.11,-46.713,-27.5
37.0,195.0,178.0,33.0,-0.95,2.05,4.67,4.086,3.3,-12.503,0.378,-84.7,31.378,2.58,40.87,-0.119,-32.259,-23.8
37.0,195.0,198.0,32.8,-0.94,2.67,4.6,4.09,3.2,-12.672,0.696,-79.4,32.974,-1.76,39.344,-2.96,-31.14,-17.2
37.0,195.0,218.0,32.5,-0.87,3.48,4.83,4.168,3.37,-12.775,0.96,-84.9,27.297,-5.49,28.939,-7.74,-24.877,-21.3
37.0,195.0,238.0,30.2,1.79,5.27,6.04,5.262,4.06,-11.565,2.96,-141.0,98.46,-19.0,-19.216,-16.4,3.225,-33.3
37.0,195.0,258.0,37.5,-5.83,12.3,3.54,3.462,2.33,-6.311,-1.05,-42.6,41.982,4.58,13.66,1.96,-17.915,-8.88
37.0,195.0,278.0,41.4,-13.93,7.36,0.4,0.587,0.514,-0.098,-0.038,-0.012,-0.014,0.052,0.018,0.016,-0.003,-0.006
37.0,195.0,298.0,40.8,-12.95,1.46,0.323,0.48,0.381,-0.058,-0.025,-0.008,-0.011,0.022,-0.003,0.006,0.003,-0.006
37.0,195.0,318.0,40.7,-10.55,-1.33,0.316,0.479,0.31,-0.05,-0.017,-0.009,-0.03,0.005,-0.01,0.004,0.003,-0.003
37.0,195.0,338.0,40.8,-8.65,-2.52,0.313,0.482,0.298,-0.051,-0.013,-0.011,-0.032,0.011,-0.005,0.005,0.005,-0.004
37.0,195.0,358.0,41.0,-7.19,-3.2,0.304,0.445,0.271,-0.05,-0.011,-0.014,-0.037,0.007,-0.002,0.006,0.007,-0.003
37.0,195.0,388.0,41.2,-5.57,-3.58,0.29,0.463,0.268,-0.045,-0.011,-0.012,-0.039,0.008,0.003,0.005,0.01,-0.003
87.0,195.0,28.0,33.0,-0.02,-0.793,3.79,3.711,3.5,-2.371,-1.67,-2.17,4.138,-13.8,-5.343,-7.38,8.934,-3.83
87.0,195.0,38.0,32.2,0.17,-0.983,5.21,4.834,4.4,-7.758,1.83,-66.1,24.978,-55.9,-8.339,-49.8,7.994,-28.0
87.0,195.0,58.0,32.8,-1.82,-0.48,7.31,6.192,5.55,-28.469,-2.41,-296.0,131.06,-4.85,106.374,-0.851,-114.417,-79.8
87.0,195.0,78.0,33.3,-2.03,-0.142,7.18,5.94,5.41,-27.369,0.356,-285.0,90.999,-4.04,122.144,-2.7,-96.603,-101.0
87.0,195.0,98.0,32.7,-1.87,0.438,7.03,5.799,5.56,-24.079,-0.476,-273.0,92.536,0.03,108.773,-4.28,-94.792,-89.0
87.0,195.0,118.0,32.1,-1.68,1.15,7.07,5.584,5.56,-21.875,-1.31,-309.0,89.103,27.4,94.437,4.76,-82.511,-93.8
87.0,195.0,138.0,32.4,-1.75,1.85,6.66,5.371,5.48,-19.544,-1.47,-239.0,89.296,19.8,107.657,14.3,-89.81,-93.1
87.0,195.0,158.0,33.6,-1.96,2.43,6.23,4.932,4.92,-17.084,-2.67,-228.0,74.884,27.9,86.148,22.5,-72.58,-78.4
87.0,195.0,178.0,34.9,-2.15,2.51,5.52,4.604,4.34,-14.456,-0.36,-186.0,68.248,5.69,73.912,2.37,-64.931,-53.7
87.0,195.0,198.0,34.5,-1.96,2.68,5.53,4.561,4.23,-14.644,0.031,-166.0,52.119,-3.39,69.127,-2.48,-54.634,-47.0
87.0,195.0,218.0,34.4,-1.88,3.56,5.63,4.494,4.17,-14.683,0.43,-161.0,43.284,-6.22,50.704,-1.84,-42.101,-47.9
87.0,195.0,238.0,34.1,-2.71,3.99,5.56,5.021,4.58,-10.485,2.1,-120.0,103.776,-33.1,33.042,-2.61,-28.018,-33.4
87.0,195.0,258.0,38.9,-5.81,7.8,4.21,4.354,2.93,-7.301,-2.0,-100.0,85.549,13.2,17.318,11.2,-17.195,-22.8
87.0,195.0,278.0,41.2,-11.01,4.55,0.434,0.59,0.584,-0.064,-0.011,-0.012,0.018,0.063,0.008,0.021,0.003,-0.001
87.0,195.0,298.0,40.6,-10.48,0.806,0.337,0.489,0.401,-0.061,-0.004,-0.009,-0.028,0.008,-0.007,0.004,0.01,0.0
87.0,195.0,318.0,40.4,-9.01,-1.21,0.315,0.464,0.33,-0.049,-0.01,-0.008,-0.028,0.008,-0.008,0.005,0.009,-0.003
87.0,195.0,338.0,40.5,-7.65,-2.27,0.301,0.46,0.316,-0.05,-0.01,-0.006,-0.05,0.008,-0.007,0.005,0.009,-0.002
87.0,195.0,358.0,40.6,-6.44,-2.9,0.301,0.468,0.271,-0.047,-0.009,-0.008,-0.037,0.015,-0.002,0.005,0.007,-0.004
87.0,195.0,388.0,40.8,-5.18,-3.27,0.298,0.457,0.261,-0.048,-0.009,-0.008,-0.024,0.006,0.0,0.004,0.009,-0.003
