x_mm,y_mm,z_mm,Cp
-215.0,0.0,338.0,-0.569
-215.0,-30.0,338.0,-0.639
-215.0,-60.0,338.0,-0.674
-215.0,-90.0,338.0,-0.694
-215.0,-120.0,338.0,-0.68
-215.0,-150.0,338.0,-0.71
-215.0,-157.5,338.0,-0.708
-215.0,-165.0,338.0,-0.701
-215.0,-172.5,338.0,-0.689
-215.0,-180.0,338.0,-0.67
-215.0,-187.5,338.0,-0.663
-208.0,0.0,338.0,-0.655
-208.0,-30.0,338.0,-0.737
-208.0,-60.0,338.0,-0.833
-208.0,-90.0,338.0,-0.868
-208.0,-120.0,338.0,-0.817
-208.0,-150.0,338.0,-0.922
-208.0,-157.5,338.0,-0.957
-208.0,-165.0,338.0,-0.955
-208.0,-172.5,338.0,-0.943
-208.0,-180.0,338.0,-0.915
-208.0,-187.5,338.0,-0.895
-215.0,-194.5,57.0,-0.17
-215.0,-194.5,133.0,-0.159
-215.0,-194.5,193.0,-0.187
-215.0,-194.5,253.0,-0.219
-215.0,-194.5,314.0,-0.323
-215.0,-194.5,322.0,-0.359
-215.0,-194.5,330.0,-0.426
-208.0,-194.5,314.0,-0.358
-208.0,-194.5,322.0,-0.404
-208.0,-194.5,330.0,-0.487
-195.51,-194.5,312.35,-0.394
-195.51,-194.5,320.35,-0.47
-195.51,-194.5,328.35,-0.643
-188.26,-194.5,308.97,-0.397
-188.26,-194.5,316.97,-0.47
-188.26,-194.5,324.97,-0.627
-181.01,-194.5,57.0,-0.162
-181.01,-194.5,133.0,-0.217
-181.01,-194.5,193.0,-0.191
-181.01,-194.5,253.0,-0.22
-181.01,-194.5,305.59,-0.396
-181.01,-194.5,313.59,-0.467
-181.01,-194.5,321.59,-0.622
-173.76,-194.5,302.2,-0.393
-173.76,-194.5,310.2,-0.452
-173.76,-194.5,318.2,-0.597
-155.63,-194.5,293.75,-0.366
-155.63,-194.5,301.75,-0.43
-155.63,-194.5,309.75,-0.56
-128.45,-194.5,57.0,-0.15
-128.45,-194.5,133.0,-0.154
-128.45,-194.5,193.0,-0.177
-128.45,-194.5,253.0,-0.251
-128.45,-194.5,281.07,-0.341
-128.45,-194.5,289.07,-0.398
-128.45,-194.5,297.07,-0.507
-101.26,-194.5,268.4,-0.313
-101.26,-194.5,276.4,-0.362
-101.26,-194.5,284.4,-0.45
-74.07,-194.5,57.0,-0.15
-74.07,-194.5,133.0,-0.154
-74.07,-194.5,193.0,-0.179
-74.07,-194.5,255.72,-0.282
-74.07,-194.5,263.72,-0.322
-74.07,-194.5,271.72,-0.397
-46.88,-194.5,243.04,-0.239
-46.88,-194.5,251.04,-0.271
-46.88,-194.5,259.04,-0.329
-28.75,-194.5,234.59,-0.209
-28.75,-194.5,242.59,-0.23
-28.75,-194.5,250.59,-0.271
-21.5,-194.5,231.2,-0.146
-21.5,-194.5,239.2,-0.144
-21.5,-194.5,247.2,-0.145
-21.0,-194.5,57.0,-0.151
-21.0,-194.5,65.0,-0.158
-21.0,-194.5,73.0,-0.168
-21.0,-194.5,103.0,-0.176
-21.0,-194.5,163.0,-0.199
-21.0,-194.5,193.0,-0.212
-21.0,-194.5,223.0,-0.247
-14.25,-194.5,227.82,-0.146
-14.25,-194.5,235.82,-0.143
-14.25,-194.5,243.82,-0.144
-14.0,-194.5,57.0,-0.153
-14.0,-194.5,65.0,-0.162
-14.0,-194.5,73.0,-0.17
-14.0,-194.5,103.0,-0.179
-14.0,-194.5,163.0,-0.183
-14.0,-194.5,193.0,-0.195
-14.0,-194.5,223.0,-0.214
-7.0,-194.5,57.0,-0.138
-7.0,-194.5,65.0,-0.138
-7.0,-194.5,73.0,-0.141
-7.0,-194.5,103.0,-0.15
-7.0,-194.5,133.0,-0.16
-7.0,-194.5,163.0,-0.166
-7.0,-194.5,193.0,-0.178
-7.0,-194.5,224.44,-0.179
-7.0,-194.5,232.44,-0.184
-7.0,-194.5,240.44,-0.196
-195.51,0.0,335.35,-0.853
-195.51,-30.0,335.35,-1.074
-195.51,-60.0,335.35,-1.059
-195.51,-90.0,335.35,-1.18
-195.51,-120.0,335.35,-1.196
-195.51,-150.0,335.35,-1.263
-195.51,-157.5,335.35,-1.197
-195.51,-165.0,335.35,-1.181
-195.51,-172.5,335.35,-1.108
-195.51,-180.0,335.35,-1.032
-195.51,-187.5,335.35,-1.092
-188.26,0.0,331.97,-0.868
-188.26,-30.0,331.97,-1.045
-188.26,-60.0,331.97,-1.005
-188.26,-90.0,331.97,-1.072
-188.26,-120.0,331.97,-1.203
-188.26,-150.0,331.97,-1.088
-188.26,-157.5,331.97,-0.83
-188.26,-165.0,331.97,-0.9
-188.26,-172.5,331.97,-0.852
-188.26,-180.0,331.97,-0.849
-188.26,-187.5,331.97,-1.126
-181.01,0.0,328.59,-0.891
-181.01,-30.0,328.59,-0.994
-181.01,-60.0,328.59,-0.969
-181.01,-90.0,328.59,-0.951
-181.01,-120.0,328.59,-1.082
-181.01,-150.0,328.59,-0.875
-181.01,-157.5,328.59,-0.955
-181.01,-165.0,328.59,-0.772
-181.01,-172.5,328.59,-0.744
-181.01,-180.0,328.59,-0.787
-181.01,-187.5,328.59,-1.42
-173.76,0.0,325.2,-0.898
-173.76,-30.0,325.2,-0.9
-173.76,-60.0,325.2,-0.899
-173.76,-90.0,325.2,-0.826
-173.76,-120.0,325.2,-0.894
-173.76,-150.0,325.2,-0.749
-173.76,-157.5,325.2,-0.723
-173.76,-165.0,325.2,-0.682
-173.76,-172.5,325.2,-0.68
-173.76,-180.0,325.2,-0.773
-173.76,-187.5,325.2,-1.566
-155.63,0.0,316.75,-0.836
-155.63,-30.0,316.75,-0.703
-155.63,-60.0,316.75,-0.689
-155.63,-90.0,316.75,-0.63
-155.63,-120.0,316.75,-0.593
-155.63,-150.0,316.75,-0.55
-155.63,-157.5,316.75,-0.544
-155.63,-165.0,316.75,-0.557
-155.63,-172.5,316.75,-0.611
-155.63,-180.0,316.75,-0.909
-155.63,-187.5,316.75,-1.302
-128.45,0.0,304.07,-0.598
-128.45,-30.0,304.07,-0.517
-128.45,-60.0,304.07,-0.492
-128.45,-90.0,304.07,-0.46
-128.45,-120.0,304.07,-0.421
-128.45,-150.0,304.07,-0.416
-128.45,-157.5,304.07,-0.443
-128.45,-165.0,304.07,-0.498
-128.45,-172.5,304.07,-0.661
-128.45,-180.0,304.07,-1.145
-128.45,-187.5,304.07,-0.933
-101.26,0.0,291.4,-0.413
-101.26,-30.0,291.4,-0.39
-101.26,-60.0,291.4,-0.371
-101.26,-90.0,291.4,-0.356
-101.26,-120.0,291.4,-0.328
-101.26,-150.0,291.4,-0.366
-101.26,-157.5,291.4,-0.411
-101.26,-165.0,291.4,-0.528
-101.26,-172.5,291.4,-0.812
-101.26,-180.0,291.4,-1.017
-101.26,-187.5,291.4,-0.748
-74.07,0.0,278.72,-0.304
-74.07,-30.0,278.72,-0.301
-74.07,-60.0,278.72,-0.29
-74.07,-90.0,278.72,-0.279
-74.07,-120.0,278.72,-0.266
-74.07,-150.0,278.72,-0.344
-74.07,-157.5,278.72,-0.423
-74.07,-165.0,278.72,-0.594
-74.07,-172.5,278.72,-0.832
-74.07,-180.0,278.72,-0.763
-74.07,-187.5,278.72,-0.603
-46.88,0.0,266.04,-0.235
-46.88,-30.0,266.04,-0.239
-46.88,-60.0,266.04,-0.231
-46.88,-90.0,266.04,-0.225
-46.88,-120.0,266.04,-0.224
-46.88,-150.0,266.04,-0.333
-46.88,-157.5,266.04,-0.443
-46.88,-165.0,266.04,-0.614
-46.88,-172.5,266.04,-0.712
-46.88,-180.0,266.04,-0.56
-46.88,-187.5,266.04,-0.49
-28.75,0.0,257.59,-0.205
-28.75,-30.0,257.59,-0.208
-28.75,-60.0,257.59,-0.205
-28.75,-90.0,257.59,-0.197
-28.75,-120.0,257.59,-0.202
-28.75,-150.0,257.59,-0.323
-28.75,-157.5,257.59,-0.435
-28.75,-165.0,257.59,-0.57
-28.75,-172.5,257.59,-0.576
-28.75,-180.0,257.59,-0.423
-28.75,-187.5,257.59,-0.383
-21.5,0.0,254.2,-0.197
-21.5,-30.0,254.2,-0.199
-21.5,-60.0,254.2,-0.195
-21.5,-90.0,254.2,-0.189
-21.5,-120.0,254.2,-0.203
-21.5,-150.0,254.2,-0.311
-21.5,-157.5,254.2,-0.416
-21.5,-165.0,254.2,-0.527
-21.5,-172.5,254.2,-0.505
-21.5,-180.0,254.2,-0.36
-21.5,-187.5,254.2,-0.331
-14.25,0.0,250.82,-0.188
-14.25,-30.0,250.82,-0.193
-14.25,-60.0,250.82,-0.189
-14.25,-90.0,250.82,-0.183
-14.25,-120.0,250.82,-0.19
-14.25,-150.0,250.82,-0.294
-14.25,-157.5,250.82,-0.386
-14.25,-165.0,250.82,-0.464
-14.25,-172.5,250.82,-0.42
-14.25,-180.0,250.82,-0.292
-14.25,-187.5,250.82,-0.274
-7.0,0.0,247.44,-0.182
-7.0,-30.0,247.44,-0.184
-7.0,-60.0,247.44,-0.184
-7.0,-90.0,247.44,-0.177
-7.0,-120.0,247.44,-0.183
-7.0,-150.0,247.44,-0.259
-7.0,-157.5,247.44,-0.324
-7.0,-165.0,247.44,-0.37
-7.0,-172.5,247.44,-0.317
-7.0,-180.0,247.44,-0.226
-7.0,-187.5,247.44,-0.215
-215.0,0.0,50.0,-0.152
-215.0,-30.0,50.0,-0.147
-215.0,-60.0,50.0,-0.145
-215.0,-90.0,50.0,-0.146
-215.0,-120.0,50.0,-0.155
-215.0,-150.0,50.0,-0.16
-215.0,-157.5,50.0,-0.158
-215.0,-165.0,50.0,-0.156
-215.0,-172.5,50.0,-0.156
-215.0,-180.0,50.0,-0.16
-215.0,-187.5,50.0,-0.163
-181.01,0.0,50.0,-0.139
-181.01,-30.0,50.0,-0.135
-181.01,-60.0,50.0,-0.153
-181.01,-90.0,50.0,-0.15
-181.01,-120.0,50.0,-0.152
-181.01,-150.0,50.0,-0.153
-181.01,-157.5,50.0,-0.153
-181.01,-165.0,50.0,-0.152
-181.01,-172.5,50.0,-0.152
-181.01,-180.0,50.0,-0.154
-181.01,-187.5,50.0,-0.159
-128.45,0.0,50.0,-0.158
-128.45,-30.0,50.0,-0.156
-128.45,-60.0,50.0,-0.154
-128.45,-90.0,50.0,-0.156
-128.45,-120.0,50.0,-0.151
-128.45,-150.0,50.0,-0.15
-128.45,-157.5,50.0,-0.154
-128.45,-165.0,50.0,-0.152
-128.45,-172.5,50.0,-0.153
-128.45,-180.0,50.0,-0.156
-128.45,-187.5,50.0,-0.159
-74.07,0.0,50.0,-0.147
-74.07,-30.0,50.0,-0.147
-74.07,-60.0,50.0,-0.149
-74.07,-90.0,50.0,-0.147
-74.07,-120.0,50.0,-0.149
-74.07,-150.0,50.0,-0.15
-74.07,-157.5,50.0,-0.149
-74.07,-165.0,50.0,-0.148
-74.07,-172.5,50.0,-0.148
-74.07,-180.0,50.0,-0.15
-74.07,-187.5,50.0,-0.153
-21.0,0.0,50.0,-0.142
-21.0,-30.0,50.0,-0.141
-21.0,-60.0,50.0,-0.144
-21.0,-90.0,50.0,-0.148
-21.0,-120.0,50.0,-0.152
-21.0,-150.0,50.0,-0.151
-21.0,-157.5,50.0,-0.149
-21.0,-165.0,50.0,-0.148
-21.0,-172.5,50.0,-0.148
-21.0,-180.0,50.0,-0.147
-21.0,-187.5,50.0,-0.148
-14.0,0.0,50.0,-0.141
-14.0,-30.0,50.0,-0.142
-14.0,-60.0,50.0,-0.146
-14.0,-90.0,50.0,-0.15
-14.0,-120.0,50.0,-0.153
-14.0,-150.0,50.0,-0.152
-14.0,-157.5,50.0,-0.152
-14.0,-165.0,50.0,-0.15
-14.0,-172.5,50.0,-0.149
-14.0,-180.0,50.0,-0.153
-14.0,-187.5,50.0,-0.148
-7.0,0.0,50.0,-0.136
-7.0,-30.0,50.0,-0.14
-7.0,-60.0,50.0,-0.144
-7.0,-90.0,50.0,-0.147
-7.0,-120.0,50.0,-0.155
-7.0,-150.0,50.0,-0.154
-7.0,-157.5,50.0,-0.152
-7.0,-165.0,50.0,-0.152
-7.0,-172.5,50.0,-0.15
-7.0,-180.0,50.0,-0.147
-7.0,-187.5,50.0,-0.145
0.0,0.0,232.18,-0.192
0.0,-30.0,232.18,-0.19
0.0,-60.0,232.18,-0.185
0.0,-90.0,232.18,-0.179
0.0,-120.0,232.18,-0.177
0.0,-150.0,232.18,-0.172
0.0,-157.5,232.18,-0.174
0.0,-165.0,232.18,-0.17
0.0,-172.5,232.18,-0.168
0.0,-180.0,232.18,-0.169
0.0,-187.5,232.18,-0.165
0.0,0.0,224.18,-0.19
0.0,-30.0,224.18,-0.189
0.0,-60.0,224.18,-0.185
0.0,-90.0,224.18,-0.181
0.0,-120.0,224.18,-0.178
0.0,-150.0,224.18,-0.175
0.0,-157.5,224.18,-0.175
0.0,-165.0,224.18,-0.173
0.0,-172.5,224.18,-0.171
0.0,-180.0,224.18,-0.169
0.0,-187.5,224.18,-0.17
0.0,0.0,216.18,-0.193
0.0,-30.0,216.18,-0.191
0.0,-60.0,216.18,-0.188
0.0,-90.0,216.18,-0.186
0.0,-120.0,216.18,-0.181
0.0,-150.0,216.18,-0.178
0.0,-157.5,216.18,-0.175
0.0,-165.0,216.18,-0.175
0.0,-172.5,216.18,-0.177
0.0,-180.0,216.18,-0.176
0.0,-187.5,216.18,-0.173
0.0,0.0,188.0,-0.204
0.0,-30.0,188.0,-0.203
0.0,-60.0,188.0,-0.203
0.0,-90.0,188.0,-0.199
0.0,-120.0,188.0,-0.193
0.0,-150.0,188.0,-0.188
0.0,-157.5,188.0,-0.187
0.0,-165.0,188.0,-0.185
0.0,-172.5,188.0,-0.184
0.0,-180.0,188.0,-0.18
0.0,-187.5,188.0,-0.18
0.0,0.0,158.0,-0.221
0.0,-30.0,158.0,-0.217
0.0,-60.0,158.0,-0.213
0.0,-90.0,158.0,-0.204
0.0,-120.0,158.0,-0.196
0.0,-150.0,158.0,-0.187
0.0,-157.5,158.0,-0.188
0.0,-165.0,158.0,-0.185
0.0,-172.5,158.0,-0.183
0.0,-180.0,158.0,-0.181
0.0,-187.5,158.0,-0.176
0.0,0.0,128.0,-0.215
0.0,-30.0,128.0,-0.211
0.0,-60.0,128.0,-0.204
0.0,-90.0,128.0,-0.192
0.0,-120.0,128.0,-0.184
0.0,-150.0,128.0,-0.181
0.0,-157.5,128.0,-0.18
0.0,-165.0,128.0,-0.177
0.0,-172.5,128.0,-0.175
0.0,-180.0,128.0,-0.171
0.0,-187.5,128.0,-0.165
0.0,0.0,98.0,-0.181
0.0,-30.0,98.0,-0.178
0.0,-60.0,98.0,-0.174
0.0,-90.0,98.0,-0.171
0.0,-120.0,98.0,-0.168
0.0,-150.0,98.0,-0.171
0.0,-157.5,98.0,-0.171
0.0,-165.0,98.0,-0.169
0.0,-172.5,98.0,-0.166
0.0,-180.0,98.0,-0.161
0.0,-187.5,98.0,-0.155
0.0,0.0,68.0,-0.145
0.0,-30.0,68.0,-0.144
0.0,-60.0,68.0,-0.149
0.0,-90.0,68.0,-0.157
0.0,-120.0,68.0,-0.163
0.0,-150.0,68.0,-0.167
0.0,-157.5,68.0,-0.166
0.0,-165.0,68.0,-0.163
0.0,-172.5,68.0,-0.16
0.0,-180.0,68.0,-0.155
0.0,-187.5,68.0,-0.149
0.0,0.0,60.0,-0.141
0.0,-30.0,60.0,-0.143
0.0,-60.0,60.0,-0.144
0.0,-90.0,60.0,-0.153
0.0,-120.0,60.0,-0.163
0.0,-150.0,60.0,-0.165
0.0,-157.5,60.0,-0.163
0.0,-165.0,60.0,-0.161
0.0,-172.5,60.0,-0.157
0.0,-180.0,60.0,-0.153
0.0,-187.5,60.0,-0.144
0.0,0.0,52.0,-0.137
0.0,-30.0,52.0,-0.135
0.0,-60.0,52.0,-0.143
0.0,-90.0,52.0,-0.15
0.0,-120.0,52.0,-0.158
0.0,-150.0,52.0,-0.162
0.0,-157.5,52.0,-0.16
0.0,-165.0,52.0,-0.16
0.0,-172.5,52.0,-0.154
0.0,-180.0,52.0,-0.15
0.0,-187.5,52.0,-0.145
