zone,x/Dj,y/Dj,u/Uj,v/Uj,u'v'/Uj^2,k/Uj^2
x/Dj=2,2.0,-1.379999995,0.009805999696,0.006324000191,2.822999932e-06,0.0002276300074
x/Dj=2,2.0,-1.360000014,0.009789999574,0.006262999959,2.777999953e-06,0.000220144997
x/Dj=2,2.0,-1.340000033,0.009797999635,0.006357999984,2.9549999e-06,0.0002181399905
x/Dj=2,2.0,-1.320000052,0.009793000296,0.006403999869,3.029000027e-06,0.0002152800007
x/Dj=2,2.0,-1.299999952,0.009824999608,0.006560000125,3.223000022e-06,0.0002139400021
x/Dj=2,2.0,-1.279999971,0.009782000445,0.006539000198,2.897000059e-06,0.0002052100026
x/Dj=2,2.0,-1.25999999,0.009631000459,0.006240000017,1.761000021e-06,0.0001703150047
x/Dj=2,2.0,-1.24000001,0.009642999619,0.00632000016,1.739000027e-06,0.0001680400019
x/Dj=2,2.0,-1.220000029,0.009690999985,0.006529000122,1.68400004e-06,0.0001694100065
x/Dj=2,2.0,-1.200000048,0.009704000317,0.006632999983,1.519999955e-06,0.0001701400033
x/Dj=2,2.0,-1.179999948,0.009721999988,0.00684799999,1.464999968e-06,0.0001720849978
x/Dj=2,2.0,-1.159999967,0.009719000198,0.006934999954,1.322000003e-06,0.0001717499981
x/Dj=2,2.0,-1.139999986,0.009752999991,0.00718599977,1.543000053e-06,0.0001741099986
x/Dj=2,2.0,-1.120000005,0.009765000083,0.007323000114,1.634e-06,0.0001746399939
x/Dj=2,2.0,-1.100000024,0.009863000363,0.007635000162,1.558999998e-06,0.0001803299965
x/Dj=2,2.0,-1.080000043,0.009898999706,0.00776699977,1.58499995e-06,0.0001835149887
x/Dj=2,2.0,-1.059999943,0.01009,0.008074999787,9.991000525e-07,0.0001956100023
x/Dj=2,2.0,-1.039999962,0.01013999991,0.008204000071,7.374000006e-07,0.000201435003
x/Dj=2,2.0,-1.019999981,0.0105100004,0.008561999537,-1.529999963e-06,0.0002223000047
x/Dj=2,2.0,-1.0,0.01059999969,0.008756999858,-2.087999974e-06,0.0002347000118
x/Dj=2,2.0,-0.9800000191,0.01137000043,0.009154999629,-8.275999789e-06,0.0002785499964
x/Dj=2,2.0,-0.9599999785,0.01155999955,0.009348999709,-9.559999853e-06,0.0002996000112
x/Dj=2,2.0,-0.9399999976,0.01295999996,0.009677000344,-2.494e-05,0.000373649993
x/Dj=2,2.0,-0.9200000167,0.01333000045,0.009894000366,-2.735000089e-05,0.0004099000071
x/Dj=2,2.0,-0.8999999762,0.01592000015,0.01025999989,-6.235000183e-05,0.0005515000084
x/Dj=2,2.0,-0.8799999952,0.01692000031,0.01054999977,-7.357999857e-05,0.0006398499827
x/Dj=2,2.0,-0.8600000143,0.02147999965,0.01078000013,-0.0001486999972,0.0008969999617
x/Dj=2,2.0,-0.8399999738,0.02318000048,0.01102000009,-0.0001705000032,0.001043549972
x/Dj=2,2.0,-0.8199999928,0.03102999926,0.01094000041,-0.0003229999857,0.001499950071
x/Dj=2,2.0,-0.8000000119,0.0345400013,0.01116999984,-0.0003836000105,0.001798500074
x/Dj=2,2.0,-0.7799999714,0.04867000133,0.01061000023,-0.0006765999715,0.002622500062
x/Dj=2,2.0,-0.7599999905,0.05474000052,0.01066000015,-0.0007942999946,0.003093500156
x/Dj=2,2.0,-0.7400000095,0.07468000054,0.009504999965,-0.001209000009,0.004184000194
x/Dj=2,2.0,-0.7200000286,0.0837899968,0.009262000211,-0.001392000006,0.004833499901
x/Dj=2,2.0,-0.6999999881,0.1155000031,0.007495999802,-0.002028000075,0.006581500173
x/Dj=2,2.0,-0.6800000072,0.1313000023,0.006972999778,-0.002357000019,0.007675999776
x/Dj=2,2.0,-0.6600000262,0.1757999957,0.004279999994,-0.003194000106,0.0100095002
x/Dj=2,2.0,-0.6399999857,0.192900002,0.003575999988,-0.003536999924,0.01110900007
x/Dj=2,2.0,-0.6200000048,0.2520999908,0.0001778000005,-0.004416000098,0.0138170002
x/Dj=2,2.0,-0.6000000238,0.2795000076,-0.001416999963,-0.004900000058,0.01537000015
x/Dj=2,2.0,-0.5799999833,0.3688000143,-0.00583499996,-0.005783999804,0.01866000146
x/Dj=2,2.0,-0.5600000024,0.4115000069,-0.008565999568,-0.006355999969,0.02057700045
x/Dj=2,2.0,-0.5400000215,0.5202000141,-0.01238999981,-0.006620999891,0.02213850059
x/Dj=2,2.0,-0.5199999809,0.5784000158,-0.01525999978,-0.006812000182,0.02283049934
x/Dj=2,2.0,-0.5,0.7001000047,-0.01782999933,-0.006043000147,0.0201305002
x/Dj=2,2.0,-0.4799999893,0.7706000209,-0.02016000077,-0.005408999976,0.0175870005
x/Dj=2,2.0,-0.4600000083,0.8525999784,-0.01878999919,-0.003932999913,0.01270250045
x/Dj=2,2.0,-0.4399999976,0.8855999708,-0.01737000048,-0.003171999939,0.01032300014
x/Dj=2,2.0,-0.4199999869,0.925999999,-0.01434000023,-0.002136999974,0.007402000017
x/Dj=2,2.0,-0.400000006,0.9434000254,-0.01226999983,-0.001657000044,0.005966000259
x/Dj=2,2.0,-0.3799999952,0.9659000039,-0.009074999951,-0.001004999969,0.004160000011
x/Dj=2,2.0,-0.3600000143,0.9789999723,-0.006550000049,-0.0006377000245,0.002972000046
x/Dj=2,2.0,-0.3400000036,0.9889000058,-0.004174000118,-0.0003562000056,0.002067500027
x/Dj=2,2.0,-0.3199999928,0.9929000139,-0.003098000074,-0.000239800007,0.001646100078
x/Dj=2,2.0,-0.3000000119,0.9958000183,-0.002191999927,-0.0001453000004,0.0012996
x/Dj=2,2.0,-0.2800000012,0.9973000288,-0.00170100003,-9.28599984e-05,0.001062899944
x/Dj=2,2.0,-0.2599999905,0.9983999729,-0.001184000052,-5.235999924e-05,0.0008348500123
x/Dj=2,2.0,-0.2399999946,0.9988999963,-0.0008959000115,-3.063999975e-05,0.0006941499887
x/Dj=2,2.0,-0.2199999988,0.9991000295,-0.0006594000151,-1.820000034e-05,0.0005947999889
x/Dj=2,2.0,-0.200000003,0.9991000295,-0.0005450000172,-1.195000004e-05,0.0005378500209
x/Dj=2,2.0,-0.1800000072,0.9991000295,-0.000457999995,-7.61199999e-06,0.0004854500003
x/Dj=2,2.0,-0.1599999964,0.9991000295,-0.0004085999972,-4.415000149e-06,0.0004460999917
x/Dj=2,2.0,-0.1400000006,0.9988999963,-0.0004472000001,-2.468000048e-06,0.0004141000099
x/Dj=2,2.0,-0.1199999973,0.9988999963,-0.0004283000017,-1.353000016e-06,0.0003940500028
x/Dj=2,2.0,-0.1000000015,0.9988999963,-0.0003877000127,-9.058999808e-07,0.0003766000154
x/Dj=2,2.0,-0.07999999821,0.9987999797,-0.0003614999878,-5.892999866e-07,0.0003644000099
x/Dj=2,2.0,-0.05999999866,0.9987999797,-0.0002145000035,-2.817000109e-07,0.0003539000172
x/Dj=2,2.0,-0.03999999911,0.9987000227,0.0001065000033,-5.329999908e-08,0.0003435499966
x/Dj=2,2.0,-0.01999999955,0.9987000227,0.0001602999982,4.477000104e-08,0.0003395999956
x/Dj=2,2.0,1.501999947e-07,0.9986000061,0.0,0.0,0.0003382000141
x/Dj=2,2.0,0.01999999955,0.9987000227,-0.0001602999982,-4.477000104e-08,0.0003395999956
x/Dj=2,2.0,0.03999999911,0.9987000227,-0.0001065000033,5.329999908e-08,0.0003435499966
x/Dj=2,2.0,0.05999999866,0.9987999797,0.0002145000035,2.817000109e-07,0.0003539000172
x/Dj=2,2.0,0.07999999821,0.9987999797,0.0003614999878,5.892999866e-07,0.0003644000099
x/Dj=2,2.0,0.1000000015,0.9988999963,0.0003877000127,9.058999808e-07,0.0003766000154
x/Dj=2,2.0,0.1199999973,0.9988999963,0.0004283000017,1.353000016e-06,0.0003940500028
x/Dj=2,2.0,0.1400000006,0.9988999963,0.0004472000001,2.468000048e-06,0.0004141000099
x/Dj=2,2.0,0.1599999964,0.9991000295,0.0004085999972,4.415000149e-06,0.0004460999917
x/Dj=2,2.0,0.1800000072,0.9991000295,0.000457999995,7.61199999e-06,0.0004854500003
x/Dj=2,2.0,0.200000003,0.9991000295,0.0005450000172,1.195000004e-05,0.0005378500209
x/Dj=2,2.0,0.2199999988,0.9991000295,0.0006594000151,1.820000034e-05,0.0005947999889
x/Dj=2,2.0,0.2399999946,0.9988999963,0.0008959000115,3.063999975e-05,0.0006941499887
x/Dj=2,2.0,0.2599999905,0.9983999729,0.001184000052,5.235999924e-05,0.0008348500123
x/Dj=2,2.0,0.2800000012,0.9973000288,0.00170100003,9.28599984e-05,0.001062899944
x/Dj=2,2.0,0.3000000119,0.9958000183,0.002191999927,0.0001453000004,0.0012996
x/Dj=2,2.0,0.3199999928,0.9929000139,0.003098000074,0.000239800007,0.001646100078
x/Dj=2,2.0,0.3400000036,0.9889000058,0.004174000118,0.0003562000056,0.002067500027
x/Dj=2,2.0,0.3600000143,0.9789999723,0.006550000049,0.0006377000245,0.002972000046
x/Dj=2,2.0,0.3799999952,0.9659000039,0.009074999951,0.001004999969,0.004160000011
x/Dj=2,2.0,0.400000006,0.9434000254,0.01226999983,0.001657000044,0.005966000259
x/Dj=2,2.0,0.4199999869,0.925999999,0.01434000023,0.002136999974,0.007402000017
x/Dj=2,2.0,0.4399999976,0.8855999708,0.01737000048,0.003171999939,0.01032300014
x/Dj=2,2.0,0.4600000083,0.8525999784,0.01878999919,0.003932999913,0.01270250045
x/Dj=2,2.0,0.4799999893,0.7706000209,0.02016000077,0.005408999976,0.0175870005
x/Dj=2,2.0,0.5,0.7001000047,0.01782999933,0.006043000147,0.0201305002
x/Dj=2,2.0,0.5199999809,0.5784000158,0.01525999978,0.006812000182,0.02283049934
x/Dj=2,2.0,0.5400000215,0.5202000141,0.01238999981,0.006620999891,0.02213850059
x/Dj=2,2.0,0.5600000024,0.4115000069,0.008565999568,0.006355999969,0.02057700045
x/Dj=2,2.0,0.5799999833,0.3688000143,0.00583499996,0.005783999804,0.01866000146
x/Dj=2,2.0,0.6000000238,0.2795000076,0.001416999963,0.004900000058,0.01537000015
x/Dj=2,2.0,0.6200000048,0.2520999908,-0.0001778000005,0.004416000098,0.0138170002
x/Dj=2,2.0,0.6399999857,0.192900002,-0.003575999988,0.003536999924,0.01110900007
x/Dj=2,2.0,0.6600000262,0.1757999957,-0.004279999994,0.003194000106,0.0100095002
x/Dj=2,2.0,0.6800000072,0.1313000023,-0.006972999778,0.002357000019,0.007675999776
x/Dj=2,2.0,0.6999999881,0.1155000031,-0.007495999802,0.002028000075,0.006581500173
x/Dj=2,2.0,0.7200000286,0.0837899968,-0.009262000211,0.001392000006,0.004833499901
x/Dj=2,2.0,0.7400000095,0.07468000054,-0.009504999965,0.001209000009,0.004184000194
x/Dj=2,2.0,0.7599999905,0.05474000052,-0.01066000015,0.0007942999946,0.003093500156
x/Dj=2,2.0,0.7799999714,0.04867000133,-0.01061000023,0.0006765999715,0.002622500062
x/Dj=2,2.0,0.8000000119,0.0345400013,-0.01116999984,0.0003836000105,0.001798500074
x/Dj=2,2.0,0.8199999928,0.03102999926,-0.01094000041,0.0003229999857,0.001499950071
x/Dj=2,2.0,0.8399999738,0.02318000048,-0.01102000009,0.0001705000032,0.001043549972
x/Dj=2,2.0,0.8600000143,0.02147999965,-0.01078000013,0.0001486999972,0.0008969999617
x/Dj=2,2.0,0.8799999952,0.01692000031,-0.01054999977,7.357999857e-05,0.0006398499827
x/Dj=2,2.0,0.8999999762,0.01592000015,-0.01025999989,6.235000183e-05,0.0005515000084
x/Dj=2,2.0,0.9200000167,0.01333000045,-0.009894000366,2.735000089e-05,0.0004099000071
x/Dj=2,2.0,0.9399999976,0.01295999996,-0.009677000344,2.494e-05,0.000373649993
x/Dj=2,2.0,0.9599999785,0.01155999955,-0.009348999709,9.559999853e-06,0.0002996000112
x/Dj=2,2.0,0.9800000191,0.01137000043,-0.009154999629,8.275999789e-06,0.0002785499964
x/Dj=2,2.0,1.0,0.01059999969,-0.008756999858,2.087999974e-06,0.0002347000118
x/Dj=2,2.0,1.019999981,0.0105100004,-0.008561999537,1.529999963e-06,0.0002223000047
x/Dj=2,2.0,1.039999962,0.01013999991,-0.008204000071,-7.374000006e-07,0.000201435003
x/Dj=2,2.0,1.059999943,0.01009,-0.008074999787,-9.991000525e-07,0.0001956100023
x/Dj=2,2.0,1.080000043,0.009898999706,-0.00776699977,-1.58499995e-06,0.0001835149887
x/Dj=2,2.0,1.100000024,0.009863000363,-0.007635000162,-1.558999998e-06,0.0001803299965
x/Dj=2,2.0,1.120000005,0.009765000083,-0.007323000114,-1.634e-06,0.0001746399939
x/Dj=2,2.0,1.139999986,0.009752999991,-0.00718599977,-1.543000053e-06,0.0001741099986
x/Dj=2,2.0,1.159999967,0.009719000198,-0.006934999954,-1.322000003e-06,0.0001717499981
x/Dj=2,2.0,1.179999948,0.009721999988,-0.00684799999,-1.464999968e-06,0.0001720849978
x/Dj=2,2.0,1.200000048,0.009704000317,-0.006632999983,-1.519999955e-06,0.0001701400033
x/Dj=2,2.0,1.220000029,0.009690999985,-0.006529000122,-1.68400004e-06,0.0001694100065
x/Dj=2,2.0,1.24000001,0.009642999619,-0.00632000016,-1.739000027e-06,0.0001680400019
x/Dj=2,2.0,1.25999999,0.009631000459,-0.006240000017,-1.761000021e-06,0.0001703150047
x/Dj=2,2.0,1.279999971,0.009782000445,-0.006539000198,-2.897000059e-06,0.0002052100026
x/Dj=2,2.0,1.299999952,0.009824999608,-0.006560000125,-3.223000022e-06,0.0002139400021
x/Dj=2,2.0,1.320000052,0.009793000296,-0.006403999869,-3.029000027e-06,0.0002152800007
x/Dj=2,2.0,1.340000033,0.009797999635,-0.006357999984,-2.9549999e-06,0.0002181399905
x/Dj=2,2.0,1.360000014,0.009789999574,-0.006262999959,-2.777999953e-06,0.000220144997
x/Dj=2,2.0,1.379999995,0.009805999696,-0.006324000191,-2.822999932e-06,0.0002276300074
x/Dj=5,5.0,-1.379999995,0.01245000027,0.009898000397,-2.91099991e-06,0.0004562499817
x/Dj=5,5.0,-1.360000014,0.01262999978,0.009894000366,-4.018999789e-06,0.000475000008
x/Dj=5,5.0,-1.340000033,0.01338999998,0.01006999984,-1.295000038e-05,0.000523249968
x/Dj=5,5.0,-1.320000052,0.0136900004,0.01016999967,-1.562000034e-05,0.0005569499917
x/Dj=5,5.0,-1.299999952,0.01506999973,0.01037999988,-3.343999924e-05,0.000649499998
x/Dj=5,5.0,-1.279999971,0.01558000036,0.01039000042,-3.994000144e-05,0.0006985000218
x/Dj=5,5.0,-1.25999999,0.01730000041,0.01006999984,-6.54500036e-05,0.0007772999816
x/Dj=5,5.0,-1.24000001,0.01796999946,0.01018999983,-7.13699992e-05,0.0008416000055
x/Dj=5,5.0,-1.220000029,0.02115000039,0.01028000005,-0.0001132999969,0.001033499953
x/Dj=5,5.0,-1.200000048,0.02277000062,0.01042000018,-0.0001308000064,0.001180400024
x/Dj=5,5.0,-1.179999948,0.02758000046,0.01032000035,-0.0002016000071,0.001468400005
x/Dj=5,5.0,-1.159999967,0.02945999987,0.01035000011,-0.0002250999969,0.001620099996
x/Dj=5,5.0,-1.139999986,0.03539000079,0.01020000037,-0.0003204999957,0.001955500105
x/Dj=5,5.0,-1.120000005,0.03816999868,0.01028000005,-0.0003616999893,0.002175499918
x/Dj=5,5.0,-1.100000024,0.04712000117,0.009987000376,-0.0005191999953,0.0027040001
x/Dj=5,5.0,-1.080000043,0.05130999908,0.009921000339,-0.0005840000231,0.003034000052
x/Dj=5,5.0,-1.059999943,0.06174999848,0.009433000349,-0.0007772999816,0.003613000037
x/Dj=5,5.0,-1.039999962,0.06582999974,0.009359000251,-0.0008468999877,0.003918500151
x/Dj=5,5.0,-1.019999981,0.07881999761,0.008708000183,-0.001102000009,0.004641999956
x/Dj=5,5.0,-1.0,0.08551000059,0.008475000039,-0.001232999959,0.005152999889
x/Dj=5,5.0,-0.9800000191,0.1024999991,0.007371000014,-0.00159400003,0.006119499914
x/Dj=5,5.0,-0.9599999785,0.1096000001,0.007160999812,-0.00173899997,0.006638499908
x/Dj=5,5.0,-0.9399999976,0.1272000074,0.0058840001,-0.002114000032,0.007599500008
x/Dj=5,5.0,-0.9200000167,0.1349000037,0.005570999812,-0.002275000094,0.008162999526
x/Dj=5,5.0,-0.8999999762,0.1562000066,0.004042999819,-0.00272800005,0.0093545001
x/Dj=5,5.0,-0.8799999952,0.1661999971,0.003539999947,-0.002930999966,0.0100650005
x/Dj=5,5.0,-0.8600000143,0.189199999,0.002008999931,-0.003408000106,0.01128100045
x/Dj=5,5.0,-0.8399999738,0.1982000023,0.001518000034,-0.003593999892,0.01188600063
x/Dj=5,5.0,-0.8199999928,0.2228000015,-6.53399984e-05,-0.004108000081,0.01311849989
x/Dj=5,5.0,-0.8000000119,0.234799996,-0.0009487000061,-0.004373000003,0.01387250051
x/Dj=5,5.0,-0.7799999714,0.2648000121,-0.002495999914,-0.004976000171,0.01530900039
x/Dj=5,5.0,-0.7599999905,0.2777999938,-0.003174999962,-0.005245999899,0.01604999974
x/Dj=5,5.0,-0.7400000095,0.3066999912,-0.004788000137,-0.005801000167,0.01726100035
x/Dj=5,5.0,-0.7200000286,0.3197999895,-0.005636000074,-0.006082000211,0.01797949895
x/Dj=5,5.0,-0.6999999881,0.3531999886,-0.007449999917,-0.006637000013,0.01927000098
x/Dj=5,5.0,-0.6800000072,0.3704999983,-0.00848999992,-0.006938999984,0.02007950097
x/Dj=5,5.0,-0.6600000262,0.4061000049,-0.009944000281,-0.007383000106,0.02120999992
x/Dj=5,5.0,-0.6399999857,0.4203000069,-0.01049000025,-0.007571999915,0.02173699997
x/Dj=5,5.0,-0.6200000048,0.4562000036,-0.01162999962,-0.007884999737,0.0225609988
x/Dj=5,5.0,-0.6000000238,0.4733999968,-0.01252999995,-0.008040999994,0.02297849953
x/Dj=5,5.0,-0.5799999833,0.5153999925,-0.01374999993,-0.008255000226,0.02357000113
x/Dj=5,5.0,-0.5600000024,0.5365999937,-0.01456999965,-0.008364999667,0.02378500067
x/Dj=5,5.0,-0.5400000215,0.5745000243,-0.01520000026,-0.008356000297,0.02382500097
x/Dj=5,5.0,-0.5199999809,0.5917000175,-0.01578000002,-0.008321000263,0.02379499935
x/Dj=5,5.0,-0.5,0.6302999854,-0.01621999964,-0.008128999732,0.02340400033
x/Dj=5,5.0,-0.4799999893,0.6536999941,-0.0167999994,-0.007995000109,0.02299050055
x/Dj=5,5.0,-0.4600000083,0.695900023,-0.01706000045,-0.007561999839,0.02201949991
x/Dj=5,5.0,-0.4399999976,0.717599988,-0.01707999967,-0.007271000184,0.02128849924
x/Dj=5,5.0,-0.4199999869,0.7522000074,-0.0167999994,-0.006684999913,0.02003600076
x/Dj=5,5.0,-0.400000006,0.7705000043,-0.01675000042,-0.006341999862,0.01913250051
x/Dj=5,5.0,-0.3799999952,0.8059999943,-0.01628999971,-0.005557999946,0.01730649918
x/Dj=5,5.0,-0.3600000143,0.8309000134,-0.01589000039,-0.004951000214,0.01571149938
x/Dj=5,5.0,-0.3400000036,0.8622999787,-0.01486000046,-0.004170000087,0.01370050013
x/Dj=5,5.0,-0.3199999928,0.8791999817,-0.01403999981,-0.003735000035,0.01247099973
x/Dj=5,5.0,-0.3000000119,0.9010000229,-0.01290000044,-0.003103999887,0.01090800017
x/Dj=5,5.0,-0.2800000012,0.9161000252,-0.01195000019,-0.002646999899,0.009711000137
x/Dj=5,5.0,-0.2599999905,0.9362999797,-0.01037000027,-0.002007999923,0.008079499938
x/Dj=5,5.0,-0.2399999946,0.9495000243,-0.009114000015,-0.001587999985,0.006899500266
x/Dj=5,5.0,-0.2199999988,0.9616000056,-0.007703999989,-0.001204999979,0.00588450022
x/Dj=5,5.0,-0.200000003,0.9689000249,-0.006719999947,-0.0009774999926,0.005216999911
x/Dj=5,5.0,-0.1800000072,0.9761999846,-0.005582000129,-0.000735700014,0.004548000172
x/Dj=5,5.0,-0.1599999964,0.9819999933,-0.004544000141,-0.0005594000104,0.003986000083
x/Dj=5,5.0,-0.1400000006,0.986800015,-0.003552000038,-0.0003966999939,0.003488500137
x/Dj=5,5.0,-0.1199999973,0.9900000095,-0.002870999975,-0.0002922000131,0.003161000088
x/Dj=5,5.0,-0.1000000015,0.992299974,-0.002175000031,-0.000208700003,0.002908499911
x/Dj=5,5.0,-0.07999999821,0.993900001,-0.001570999972,-0.0001460000058,0.002717500087
x/Dj=5,5.0,-0.05999999866,0.9950000048,-0.0009043000173,-0.0001028999977,0.002557500033
x/Dj=5,5.0,-0.03999999911,0.9958999753,-0.0003589999978,-6.425999891e-05,0.002434999915
x/Dj=5,5.0,-0.01999999955,0.9962999821,-0.0001243000006,-3.07199989e-05,0.002379500074
x/Dj=5,5.0,1.501999947e-07,0.9965000153,0.0,0.0,0.002363000065
x/Dj=5,5.0,0.01999999955,0.9962999821,0.0001243000006,3.07199989e-05,0.002379500074
x/Dj=5,5.0,0.03999999911,0.9958999753,0.0003589999978,6.425999891e-05,0.002434999915
x/Dj=5,5.0,0.05999999866,0.9950000048,0.0009043000173,0.0001028999977,0.002557500033
x/Dj=5,5.0,0.07999999821,0.993900001,0.001570999972,0.0001460000058,0.002717500087
x/Dj=5,5.0,0.1000000015,0.992299974,0.002175000031,0.000208700003,0.002908499911
x/Dj=5,5.0,0.1199999973,0.9900000095,0.002870999975,0.0002922000131,0.003161000088
x/Dj=5,5.0,0.1400000006,0.986800015,0.003552000038,0.0003966999939,0.003488500137
x/Dj=5,5.0,0.1599999964,0.9819999933,0.004544000141,0.0005594000104,0.003986000083
x/Dj=5,5.0,0.1800000072,0.9761999846,0.005582000129,0.000735700014,0.004548000172
x/Dj=5,5.0,0.200000003,0.9689000249,0.006719999947,0.0009774999926,0.005216999911
x/Dj=5,5.0,0.2199999988,0.9616000056,0.007703999989,0.001204999979,0.00588450022
x/Dj=5,5.0,0.2399999946,0.9495000243,0.009114000015,0.001587999985,0.006899500266
x/Dj=5,5.0,0.2599999905,0.9362999797,0.01037000027,0.002007999923,0.008079499938
x/Dj=5,5.0,0.2800000012,0.9161000252,0.01195000019,0.002646999899,0.009711000137
x/Dj=5,5.0,0.3000000119,0.9010000229,0.01290000044,0.003103999887,0.01090800017
x/Dj=5,5.0,0.3199999928,0.8791999817,0.01403999981,0.003735000035,0.01247099973
x/Dj=5,5.0,0.3400000036,0.8622999787,0.01486000046,0.004170000087,0.01370050013
x/Dj=5,5.0,0.3600000143,0.8309000134,0.01589000039,0.004951000214,0.01571149938
x/Dj=5,5.0,0.3799999952,0.8059999943,0.01628999971,0.005557999946,0.01730649918
x/Dj=5,5.0,0.400000006,0.7705000043,0.01675000042,0.006341999862,0.01913250051
x/Dj=5,5.0,0.4199999869,0.7522000074,0.0167999994,0.006684999913,0.02003600076
x/Dj=5,5.0,0.4399999976,0.717599988,0.01707999967,0.007271000184,0.02128849924
x/Dj=5,5.0,0.4600000083,0.695900023,0.01706000045,0.007561999839,0.02201949991
x/Dj=5,5.0,0.4799999893,0.6536999941,0.0167999994,0.007995000109,0.02299050055
x/Dj=5,5.0,0.5,0.6302999854,0.01621999964,0.008128999732,0.02340400033
x/Dj=5,5.0,0.5199999809,0.5917000175,0.01578000002,0.008321000263,0.02379499935
x/Dj=5,5.0,0.5400000215,0.5745000243,0.01520000026,0.008356000297,0.02382500097
x/Dj=5,5.0,0.5600000024,0.5365999937,0.01456999965,0.008364999667,0.02378500067
x/Dj=5,5.0,0.5799999833,0.5153999925,0.01374999993,0.008255000226,0.02357000113
x/Dj=5,5.0,0.6000000238,0.4733999968,0.01252999995,0.008040999994,0.02297849953
x/Dj=5,5.0,0.6200000048,0.4562000036,0.01162999962,0.007884999737,0.0225609988
x/Dj=5,5.0,0.6399999857,0.4203000069,0.01049000025,0.007571999915,0.02173699997
x/Dj=5,5.0,0.6600000262,0.4061000049,0.009944000281,0.007383000106,0.02120999992
x/Dj=5,5.0,0.6800000072,0.3704999983,0.00848999992,0.006938999984,0.02007950097
x/Dj=5,5.0,0.6999999881,0.3531999886,0.007449999917,0.006637000013,0.01927000098
x/Dj=5,5.0,0.7200000286,0.3197999895,0.005636000074,0.006082000211,0.01797949895
x/Dj=5,5.0,0.7400000095,0.3066999912,0.004788000137,0.005801000167,0.01726100035
x/Dj=5,5.0,0.7599999905,0.2777999938,0.003174999962,0.005245999899,0.01604999974
x/Dj=5,5.0,0.7799999714,0.2648000121,0.002495999914,0.004976000171,0.01530900039
x/Dj=5,5.0,0.8000000119,0.234799996,0.0009487000061,0.004373000003,0.01387250051
x/Dj=5,5.0,0.8199999928,0.2228000015,6.53399984e-05,0.004108000081,0.01311849989
x/Dj=5,5.0,0.8399999738,0.1982000023,-0.001518000034,0.003593999892,0.01188600063
x/Dj=5,5.0,0.8600000143,0.189199999,-0.002008999931,0.003408000106,0.01128100045
x/Dj=5,5.0,0.8799999952,0.1661999971,-0.003539999947,0.002930999966,0.0100650005
x/Dj=5,5.0,0.8999999762,0.1562000066,-0.004042999819,0.00272800005,0.0093545001
x/Dj=5,5.0,0.9200000167,0.1349000037,-0.005570999812,0.002275000094,0.008162999526
x/Dj=5,5.0,0.9399999976,0.1272000074,-0.0058840001,0.002114000032,0.007599500008
x/Dj=5,5.0,0.9599999785,0.1096000001,-0.007160999812,0.00173899997,0.006638499908
x/Dj=5,5.0,0.9800000191,0.1024999991,-0.007371000014,0.00159400003,0.006119499914
x/Dj=5,5.0,1.0,0.08551000059,-0.008475000039,0.001232999959,0.005152999889
x/Dj=5,5.0,1.019999981,0.07881999761,-0.008708000183,0.001102000009,0.004641999956
x/Dj=5,5.0,1.039999962,0.06582999974,-0.009359000251,0.0008468999877,0.003918500151
x/Dj=5,5.0,1.059999943,0.06174999848,-0.009433000349,0.0007772999816,0.003613000037
x/Dj=5,5.0,1.080000043,0.05130999908,-0.009921000339,0.0005840000231,0.003034000052
x/Dj=5,5.0,1.100000024,0.04712000117,-0.009987000376,0.0005191999953,0.0027040001
x/Dj=5,5.0,1.120000005,0.03816999868,-0.01028000005,0.0003616999893,0.002175499918
x/Dj=5,5.0,1.139999986,0.03539000079,-0.01020000037,0.0003204999957,0.001955500105
x/Dj=5,5.0,1.159999967,0.02945999987,-0.01035000011,0.0002250999969,0.001620099996
x/Dj=5,5.0,1.179999948,0.02758000046,-0.01032000035,0.0002016000071,0.001468400005
x/Dj=5,5.0,1.200000048,0.02277000062,-0.01042000018,0.0001308000064,0.001180400024
x/Dj=5,5.0,1.220000029,0.02115000039,-0.01028000005,0.0001132999969,0.001033499953
x/Dj=5,5.0,1.24000001,0.01796999946,-0.01018999983,7.13699992e-05,0.0008416000055
x/Dj=5,5.0,1.25999999,0.01730000041,-0.01006999984,6.54500036e-05,0.0007772999816
x/Dj=5,5.0,1.279999971,0.01558000036,-0.01039000042,3.994000144e-05,0.0006985000218
x/Dj=5,5.0,1.299999952,0.01506999973,-0.01037999988,3.343999924e-05,0.000649499998
x/Dj=5,5.0,1.320000052,0.0136900004,-0.01016999967,1.562000034e-05,0.0005569499917
x/Dj=5,5.0,1.340000033,0.01338999998,-0.01006999984,1.295000038e-05,0.000523249968
x/Dj=5,5.0,1.360000014,0.01262999978,-0.009894000366,4.018999789e-06,0.000475000008
x/Dj=5,5.0,1.379999995,0.01245000027,-0.009898000397,2.91099991e-06,0.0004562499817
x/Dj=10,10.0,-1.379999995,0.1042999998,0.004850000143,-0.001435999991,0.006114999764
x/Dj=10,10.0,-1.360000014,0.1061000004,0.004705000203,-0.001470000017,0.006213000044
x/Dj=10,10.0,-1.340000033,0.1143999994,0.004106000066,-0.001634999993,0.006628000177
x/Dj=10,10.0,-1.320000052,0.1181000024,0.003938000184,-0.001706999959,0.006928000133
x/Dj=10,10.0,-1.299999952,0.1281999946,0.003368000034,-0.00190100004,0.00747299986
x/Dj=10,10.0,-1.279999971,0.1316999942,0.003382999916,-0.001962000038,0.007707000244
x/Dj=10,10.0,-1.25999999,0.1400000006,0.002982999897,-0.002128999913,0.008063999936
x/Dj=10,10.0,-1.24000001,0.1437000036,0.002746999962,-0.002212000079,0.008314000443
x/Dj=10,10.0,-1.220000029,0.1543000042,0.002216999885,-0.002453000052,0.008900499903
x/Dj=10,10.0,-1.200000048,0.159799993,0.00197699992,-0.00255399989,0.009247500449
x/Dj=10,10.0,-1.179999948,0.1708000004,0.00149699999,-0.002776999958,0.009810999967
x/Dj=10,10.0,-1.159999967,0.174999997,0.001267999993,-0.002867999952,0.01009549946
x/Dj=10,10.0,-1.139999986,0.1854999959,0.0007257999969,-0.003078999929,0.01062749978
x/Dj=10,10.0,-1.120000005,0.1905000061,0.0005476999795,-0.003182000015,0.01096600015
x/Dj=10,10.0,-1.100000024,0.2032999992,-1.104999956e-05,-0.003428000025,0.01159249991
x/Dj=10,10.0,-1.080000043,0.2092999965,-6.849999772e-05,-0.003514999989,0.01191699971
x/Dj=10,10.0,-1.059999943,0.2211000025,-0.0005812000018,-0.00370900007,0.01243999973
x/Dj=10,10.0,-1.039999962,0.2259999961,-0.0006545999786,-0.003780999919,0.01269400027
x/Dj=10,10.0,-1.019999981,0.2386000007,-0.001350000035,-0.003994000144,0.0132360002
x/Dj=10,10.0,-1.0,0.2453999966,-0.001695999992,-0.004143000115,0.01366350055
x/Dj=10,10.0,-0.9800000191,0.2594999969,-0.002465999918,-0.00438300008,0.01428500004
x/Dj=10,10.0,-0.9599999785,0.2657000124,-0.002801999915,-0.004499000032,0.01462549996
x/Dj=10,10.0,-0.9399999976,0.2788000107,-0.003531999886,-0.004699999932,0.01514199935
x/Dj=10,10.0,-0.9200000167,0.285100013,-0.003978000022,-0.004796999972,0.0154459998
x/Dj=10,10.0,-0.8999999762,0.2996999919,-0.004714000039,-0.004964999855,0.01598799974
x/Dj=10,10.0,-0.8799999952,0.307099998,-0.005152000114,-0.005032999907,0.01632349938
x/Dj=10,10.0,-0.8600000143,0.3210000098,-0.005706000142,-0.005173000041,0.0168129988
x/Dj=10,10.0,-0.8399999738,0.3274999857,-0.005991000216,-0.005222000182,0.01706250012
x/Dj=10,10.0,-0.8199999928,0.342200011,-0.006382999942,-0.005348999985,0.01756050065
x/Dj=10,10.0,-0.8000000119,0.3501999974,-0.006856000051,-0.005425999872,0.0178504996
x/Dj=10,10.0,-0.7799999714,0.3666999936,-0.00738399988,-0.005592000205,0.01834550127
x/Dj=10,10.0,-0.7599999905,0.3743999898,-0.007608999964,-0.005681000184,0.01863449998
x/Dj=10,10.0,-0.7400000095,0.3889999986,-0.007864000276,-0.005818000063,0.0190045014
x/Dj=10,10.0,-0.7200000286,0.3964000046,-0.007934999652,-0.005894000176,0.01919649914
x/Dj=10,10.0,-0.6999999881,0.4129999876,-0.008222999983,-0.005981999915,0.01953350008
x/Dj=10,10.0,-0.6800000072,0.4226000011,-0.008528999984,-0.006037999876,0.0198270008
x/Dj=10,10.0,-0.6600000262,0.4390999973,-0.00867800042,-0.006136999931,0.0202239994
x/Dj=10,10.0,-0.6399999857,0.4465999901,-0.00887400005,-0.006194000132,0.02043350041
x/Dj=10,10.0,-0.6200000048,0.462199986,-0.008990000002,-0.006293999963,0.02074149996
x/Dj=10,10.0,-0.6000000238,0.4711999893,-0.00916299969,-0.006347999908,0.02092000097
x/Dj=10,10.0,-0.5799999833,0.4896000028,-0.009327000007,-0.006378000136,0.02117250115
x/Dj=10,10.0,-0.5600000024,0.5005000234,-0.009479999542,-0.006380999926,0.02128849924
x/Dj=10,10.0,-0.5400000215,0.5164999962,-0.009727999568,-0.006388999987,0.02138349973
x/Dj=10,10.0,-0.5199999809,0.5248000026,-0.009974000044,-0.006384999957,0.02140649967
x/Dj=10,10.0,-0.5,0.5410000086,-0.0101300003,-0.006370000076,0.02143399976
x/Dj=10,10.0,-0.4799999893,0.5521000028,-0.01035999972,-0.006362999789,0.02145250142
x/Dj=10,10.0,-0.4600000083,0.5705000162,-0.01039000042,-0.00632000016,0.02144899964
x/Dj=10,10.0,-0.4399999976,0.5803999901,-0.01040999964,-0.006277000066,0.02141850069
x/Dj=10,10.0,-0.4199999869,0.5953000188,-0.01032999996,-0.006182999816,0.02137649991
x/Dj=10,10.0,-0.400000006,0.6039000154,-0.01020999998,-0.006116999779,0.02132200077
x/Dj=10,10.0,-0.3799999952,0.6202999949,-0.009944000281,-0.005938999821,0.02118900046
x/Dj=10,10.0,-0.3600000143,0.6323999763,-0.009821999818,-0.005778999999,0.02098299935
x/Dj=10,10.0,-0.3400000036,0.6485000253,-0.009651999921,-0.005532000214,0.02074149996
x/Dj=10,10.0,-0.3199999928,0.6578000188,-0.009533000179,-0.005406000186,0.0205854997
x/Dj=10,10.0,-0.3000000119,0.6707000136,-0.009286999702,-0.00516200019,0.02033199929
x/Dj=10,10.0,-0.2800000012,0.6800000072,-0.009189000353,-0.004976999946,0.0200849995
x/Dj=10,10.0,-0.2599999905,0.6938999891,-0.008597999811,-0.00462799985,0.01967750117
x/Dj=10,10.0,-0.2399999946,0.704400003,-0.00819600001,-0.004379000049,0.01932400092
x/Dj=10,10.0,-0.2199999988,0.7159000039,-0.007677000016,-0.004040000029,0.01898949966
x/Dj=10,10.0,-0.200000003,0.7235999703,-0.007335999981,-0.003790999996,0.01873400062
x/Dj=10,10.0,-0.1800000072,0.7325999737,-0.006761999801,-0.003436000086,0.01843599975
x/Dj=10,10.0,-0.1599999964,0.7404999733,-0.006326000206,-0.003116999986,0.01818699948
x/Dj=10,10.0,-0.1400000006,0.7491000295,-0.005768000148,-0.002680999925,0.01793250069
x/Dj=10,10.0,-0.1199999973,0.755400002,-0.005214999896,-0.002342999913,0.01772800088
x/Dj=10,10.0,-0.1000000015,0.7610999942,-0.004492999986,-0.001951999962,0.01753049903
x/Dj=10,10.0,-0.07999999821,0.7652999759,-0.003783999942,-0.001616999973,0.01737499982
x/Dj=10,10.0,-0.05999999866,0.769299984,-0.002902999986,-0.001198000042,0.01718449965
x/Dj=10,10.0,-0.03999999911,0.7721999884,-0.001945000025,-0.0008131000213,0.01704199985
x/Dj=10,10.0,-0.01999999955,0.7734000087,-0.0008773999871,-0.000392899994,0.01699399948
x/Dj=10,10.0,1.501999947e-07,0.7741000056,0.0,0.0,0.0169879999
x/Dj=10,10.0,0.01999999955,0.7734000087,0.0008773999871,0.000392899994,0.01699399948
x/Dj=10,10.0,0.03999999911,0.7721999884,0.001945000025,0.0008131000213,0.01704199985
x/Dj=10,10.0,0.05999999866,0.769299984,0.002902999986,0.001198000042,0.01718449965
x/Dj=10,10.0,0.07999999821,0.7652999759,0.003783999942,0.001616999973,0.01737499982
x/Dj=10,10.0,0.1000000015,0.7610999942,0.004492999986,0.001951999962,0.01753049903
x/Dj=10,10.0,0.1199999973,0.755400002,0.005214999896,0.002342999913,0.01772800088
x/Dj=10,10.0,0.1400000006,0.7491000295,0.005768000148,0.002680999925,0.01793250069
x/Dj=10,10.0,0.1599999964,0.7404999733,0.006326000206,0.003116999986,0.01818699948
x/Dj=10,10.0,0.1800000072,0.7325999737,0.006761999801,0.003436000086,0.01843599975
x/Dj=10,10.0,0.200000003,0.7235999703,0.007335999981,0.003790999996,0.01873400062
x/Dj=10,10.0,0.2199999988,0.7159000039,0.007677000016,0.004040000029,0.01898949966
x/Dj=10,10.0,0.2399999946,0.704400003,0.00819600001,0.004379000049,0.01932400092
x/Dj=10,10.0,0.2599999905,0.6938999891,0.008597999811,0.00462799985,0.01967750117
x/Dj=10,10.0,0.2800000012,0.6800000072,0.009189000353,0.004976999946,0.0200849995
x/Dj=10,10.0,0.3000000119,0.6707000136,0.009286999702,0.00516200019,0.02033199929
x/Dj=10,10.0,0.3199999928,0.6578000188,0.009533000179,0.005406000186,0.0205854997
x/Dj=10,10.0,0.3400000036,0.6485000253,0.009651999921,0.005532000214,0.02074149996
x/Dj=10,10.0,0.3600000143,0.6323999763,0.009821999818,0.005778999999,0.02098299935
x/Dj=10,10.0,0.3799999952,0.6202999949,0.009944000281,0.005938999821,0.02118900046
x/Dj=10,10.0,0.400000006,0.6039000154,0.01020999998,0.006116999779,0.02132200077
x/Dj=10,10.0,0.4199999869,0.5953000188,0.01032999996,0.006182999816,0.02137649991
x/Dj=10,10.0,0.4399999976,0.5803999901,0.01040999964,0.006277000066,0.02141850069
x/Dj=10,10.0,0.4600000083,0.5705000162,0.01039000042,0.00632000016,0.02144899964
x/Dj=10,10.0,0.4799999893,0.5521000028,0.01035999972,0.006362999789,0.02145250142
x/Dj=10,10.0,0.5,0.5410000086,0.0101300003,0.006370000076,0.02143399976
x/Dj=10,10.0,0.5199999809,0.5248000026,0.009974000044,0.006384999957,0.02140649967
x/Dj=10,10.0,0.5400000215,0.5164999962,0.009727999568,0.006388999987,0.02138349973
x/Dj=10,10.0,0.5600000024,0.5005000234,0.009479999542,0.006380999926,0.02128849924
x/Dj=10,10.0,0.5799999833,0.4896000028,0.009327000007,0.006378000136,0.02117250115
x/Dj=10,10.0,0.6000000238,0.4711999893,0.00916299969,0.006347999908,0.02092000097
x/Dj=10,10.0,0.6200000048,0.462199986,0.008990000002,0.006293999963,0.02074149996
x/Dj=10,10.0,0.6399999857,0.4465999901,0.00887400005,0.006194000132,0.02043350041
x/Dj=10,10.0,0.6600000262,0.4390999973,0.00867800042,0.006136999931,0.0202239994
x/Dj=10,10.0,0.6800000072,0.4226000011,0.008528999984,0.006037999876,0.0198270008
x/Dj=10,10.0,0.6999999881,0.4129999876,0.008222999983,0.005981999915,0.01953350008
x/Dj=10,10.0,0.7200000286,0.3964000046,0.007934999652,0.005894000176,0.01919649914
x/Dj=10,10.0,0.7400000095,0.3889999986,0.007864000276,0.005818000063,0.0190045014
x/Dj=10,10.0,0.7599999905,0.3743999898,0.007608999964,0.005681000184,0.01863449998
x/Dj=10,10.0,0.7799999714,0.3666999936,0.00738399988,0.005592000205,0.01834550127
x/Dj=10,10.0,0.8000000119,0.3501999974,0.006856000051,0.005425999872,0.0178504996
x/Dj=10,10.0,0.8199999928,0.342200011,0.006382999942,0.005348999985,0.01756050065
x/Dj=10,10.0,0.8399999738,0.3274999857,0.005991000216,0.005222000182,0.01706250012
x/Dj=10,10.0,0.8600000143,0.3210000098,0.005706000142,0.005173000041,0.0168129988
x/Dj=10,10.0,0.8799999952,0.307099998,0.005152000114,0.005032999907,0.01632349938
x/Dj=10,10.0,0.8999999762,0.2996999919,0.004714000039,0.004964999855,0.01598799974
x/Dj=10,10.0,0.9200000167,0.285100013,0.003978000022,0.004796999972,0.0154459998
x/Dj=10,10.0,0.9399999976,0.2788000107,0.003531999886,0.004699999932,0.01514199935
x/Dj=10,10.0,0.9599999785,0.2657000124,0.002801999915,0.004499000032,0.01462549996
x/Dj=10,10.0,0.9800000191,0.2594999969,0.002465999918,0.00438300008,0.01428500004
x/Dj=10,10.0,1.0,0.2453999966,0.001695999992,0.004143000115,0.01366350055
x/Dj=10,10.0,1.019999981,0.2386000007,0.001350000035,0.003994000144,0.0132360002
x/Dj=10,10.0,1.039999962,0.2259999961,0.0006545999786,0.003780999919,0.01269400027
x/Dj=10,10.0,1.059999943,0.2211000025,0.0005812000018,0.00370900007,0.01243999973
x/Dj=10,10.0,1.080000043,0.2092999965,6.849999772e-05,0.003514999989,0.01191699971
x/Dj=10,10.0,1.100000024,0.2032999992,1.104999956e-05,0.003428000025,0.01159249991
x/Dj=10,10.0,1.120000005,0.1905000061,-0.0005476999795,0.003182000015,0.01096600015
x/Dj=10,10.0,1.139999986,0.1854999959,-0.0007257999969,0.003078999929,0.01062749978
x/Dj=10,10.0,1.159999967,0.174999997,-0.001267999993,0.002867999952,0.01009549946
x/Dj=10,10.0,1.179999948,0.1708000004,-0.00149699999,0.002776999958,0.009810999967
x/Dj=10,10.0,1.200000048,0.159799993,-0.00197699992,0.00255399989,0.009247500449
x/Dj=10,10.0,1.220000029,0.1543000042,-0.002216999885,0.002453000052,0.008900499903
x/Dj=10,10.0,1.24000001,0.1437000036,-0.002746999962,0.002212000079,0.008314000443
x/Dj=10,10.0,1.25999999,0.1400000006,-0.002982999897,0.002128999913,0.008063999936
x/Dj=10,10.0,1.279999971,0.1316999942,-0.003382999916,0.001962000038,0.007707000244
x/Dj=10,10.0,1.299999952,0.1281999946,-0.003368000034,0.00190100004,0.00747299986
x/Dj=10,10.0,1.320000052,0.1181000024,-0.003938000184,0.001706999959,0.006928000133
x/Dj=10,10.0,1.340000033,0.1143999994,-0.004106000066,0.001634999993,0.006628000177
x/Dj=10,10.0,1.360000014,0.1061000004,-0.004705000203,0.001470000017,0.006213000044
x/Dj=10,10.0,1.379999995,0.1042999998,-0.004850000143,0.001435999991,0.006114999764
x/Dj=15,15.0,-1.379999995,0.1897000074,-0.002369999886,-0.002602000022,0.009500999935
x/Dj=15,15.0,-1.360000014,0.1914999932,-0.002556999912,-0.002633000026,0.009572500363
x/Dj=15,15.0,-1.340000033,0.1981000006,-0.002832999919,-0.002719999989,0.009775999933
x/Dj=15,15.0,-1.320000052,0.2011999935,-0.002950000111,-0.002767999889,0.009913000278
x/Dj=15,15.0,-1.299999952,0.2085999995,-0.00315600005,-0.002866999945,0.01017600019
x/Dj=15,15.0,-1.279999971,0.2113000005,-0.003308000043,-0.0029180001,0.01030500047
x/Dj=15,15.0,-1.25999999,0.2175000012,-0.003552000038,-0.003020999953,0.01046000049
x/Dj=15,15.0,-1.24000001,0.2203000039,-0.003653999884,-0.003064000048,0.01054999977
x/Dj=15,15.0,-1.220000029,0.2277999967,-0.003911000211,-0.003155000042,0.01078149956
x/Dj=15,15.0,-1.200000048,0.2314999998,-0.004040000029,-0.003199999919,0.01094700024
x/Dj=15,15.0,-1.179999948,0.238499999,-0.00433900021,-0.003273000009,0.01116850041
x/Dj=15,15.0,-1.159999967,0.2414000034,-0.004426000174,-0.00330500002,0.0113049997
x/Dj=15,15.0,-1.139999986,0.2486000061,-0.004803000018,-0.003373000072,0.01152900048
x/Dj=15,15.0,-1.120000005,0.2522000074,-0.004956000019,-0.003422999987,0.01167299971
x/Dj=15,15.0,-1.100000024,0.2606000006,-0.005371000152,-0.00349500007,0.01193149947
x/Dj=15,15.0,-1.080000043,0.2644999921,-0.005522999913,-0.003532999894,0.01209949981
x/Dj=15,15.0,-1.059999943,0.2718000114,-0.005845999811,-0.003581000026,0.01228300016
x/Dj=15,15.0,-1.039999962,0.2752000093,-0.006004999857,-0.0035949999,0.0123839993
x/Dj=15,15.0,-1.019999981,0.2829000056,-0.006204999983,-0.003653000109,0.01256449986
x/Dj=15,15.0,-1.0,0.2870999873,-0.006318000145,-0.00366799999,0.01266549993
x/Dj=15,15.0,-0.9800000191,0.2955000103,-0.006517000031,-0.003726999974,0.01284549944
x/Dj=15,15.0,-0.9599999785,0.2991000116,-0.006531000137,-0.003745000111,0.01290000044
x/Dj=15,15.0,-0.9399999976,0.3066000044,-0.006711000111,-0.003776999889,0.0130105
x/Dj=15,15.0,-0.9200000167,0.3106000125,-0.006767000072,-0.003800000064,0.0130754998
x/Dj=15,15.0,-0.8999999762,0.3190999925,-0.006907999981,-0.003849999979,0.01322250068
x/Dj=15,15.0,-0.8799999952,0.3237000108,-0.007145000156,-0.003893000074,0.01332500018
x/Dj=15,15.0,-0.8600000143,0.3318000138,-0.007278000005,-0.003926999867,0.01349100005
x/Dj=15,15.0,-0.8399999738,0.3352000117,-0.007354999892,-0.003934999928,0.01357400045
x/Dj=15,15.0,-0.8199999928,0.342900008,-0.007385999896,-0.00395799987,0.01371400058
x/Dj=15,15.0,-0.8000000119,0.3474000096,-0.007579000201,-0.003967000172,0.01380699966
x/Dj=15,15.0,-0.7799999714,0.3560000062,-0.007629999891,-0.00400000019,0.01394250058
x/Dj=15,15.0,-0.7599999905,0.3603000045,-0.007679000031,-0.004019999877,0.01404799987
x/Dj=15,15.0,-0.7400000095,0.3679000139,-0.007838999853,-0.004029999953,0.01415350009
x/Dj=15,15.0,-0.7200000286,0.3716999888,-0.007938000374,-0.004029000178,0.01421099994
x/Dj=15,15.0,-0.6999999881,0.3799999952,-0.008028999902,-0.004009000026,0.01428999938
x/Dj=15,15.0,-0.6800000072,0.3851999938,-0.008201000281,-0.003988999873,0.01430799998
x/Dj=15,15.0,-0.6600000262,0.3935000002,-0.008291999809,-0.00395799987,0.01436350029
x/Dj=15,15.0,-0.6399999857,0.3973999918,-0.00829599984,-0.003928000107,0.01438299939
x/Dj=15,15.0,-0.6200000048,0.4047999978,-0.00829999987,-0.003864000086,0.01440900005
x/Dj=15,15.0,-0.6000000238,0.4088999927,-0.008294999599,-0.00383400009,0.01442850009
x/Dj=15,15.0,-0.5799999833,0.4169999957,-0.008089000359,-0.003758999985,0.01443499979
x/Dj=15,15.0,-0.5600000024,0.4214000106,-0.008000999689,-0.003705000039,0.01441399939
x/Dj=15,15.0,-0.5400000215,0.4282000065,-0.007890000008,-0.003615000052,0.01441700011
x/Dj=15,15.0,-0.5199999809,0.4318000078,-0.00781300012,-0.003583000042,0.01442349982
x/Dj=15,15.0,-0.5,0.4384000003,-0.0075699999,-0.003487000009,0.01439500041
x/Dj=15,15.0,-0.4799999893,0.4427999854,-0.007557999808,-0.00342600001,0.01436250005
x/Dj=15,15.0,-0.4600000083,0.4498000145,-0.007385999896,-0.003290999914,0.01428150013
x/Dj=15,15.0,-0.4399999976,0.4535000026,-0.007211999968,-0.003215000033,0.01422599982
x/Dj=15,15.0,-0.4199999869,0.4591999948,-0.007050999906,-0.003119000001,0.01417849958
x/Dj=15,15.0,-0.400000006,0.4623999894,-0.006967999972,-0.003051999956,0.01416299958
x/Dj=15,15.0,-0.3799999952,0.4684000015,-0.006740000099,-0.002920000115,0.0140894996
x/Dj=15,15.0,-0.3600000143,0.4727999866,-0.006546000019,-0.002836999949,0.01403299998
x/Dj=15,15.0,-0.3400000036,0.4781999886,-0.00622199988,-0.002722000005,0.01395549998
x/Dj=15,15.0,-0.3199999928,0.481400013,-0.006025999784,-0.002651999937,0.01392900012
x/Dj=15,15.0,-0.3000000119,0.485799998,-0.005690999795,-0.002525999909,0.01388449967
x/Dj=15,15.0,-0.2800000012,0.4891000092,-0.005514999852,-0.002438999945,0.01384750009
x/Dj=15,15.0,-0.2599999905,0.4936000109,-0.004962000065,-0.002239000052,0.01376000047
x/Dj=15,15.0,-0.2399999946,0.4970999956,-0.0046740002,-0.002061000094,0.01368500013
x/Dj=15,15.0,-0.2199999988,0.5005999804,-0.004277999979,-0.001878999989,0.01360750012
x/Dj=15,15.0,-0.200000003,0.503099978,-0.004015000071,-0.001743000001,0.01355350018
x/Dj=15,15.0,-0.1800000072,0.506099999,-0.003704000032,-0.001571999979,0.01346550044
x/Dj=15,15.0,-0.1599999964,0.50849998,-0.003407000098,-0.001426000032,0.01337900013
x/Dj=15,15.0,-0.1400000006,0.5109999776,-0.003169999924,-0.001225000015,0.01331750024
x/Dj=15,15.0,-0.1199999973,0.5127000213,-0.002861999907,-0.001076000044,0.0132635003
x/Dj=15,15.0,-0.1000000015,0.5141999722,-0.002492000116,-0.0009028000059,0.0132360002
x/Dj=15,15.0,-0.07999999821,0.5155000091,-0.002105999971,-0.0007467999822,0.01320399996
x/Dj=15,15.0,-0.05999999866,0.5167000294,-0.001607000013,-0.0005442000111,0.01321000047
x/Dj=15,15.0,-0.03999999911,0.5174999833,-0.001067999983,-0.0003655999899,0.01325100008
x/Dj=15,15.0,-0.01999999955,0.5177000165,-0.0005821000086,-0.0001745000045,0.01329000015
x/Dj=15,15.0,1.501999947e-07,0.5178999901,0.0,0.0,0.01331599988
x/Dj=15,15.0,0.01999999955,0.5177000165,0.0005821000086,0.0001745000045,0.01329000015
x/Dj=15,15.0,0.03999999911,0.5174999833,0.001067999983,0.0003655999899,0.01325100008
x/Dj=15,15.0,0.05999999866,0.5167000294,0.001607000013,0.0005442000111,0.01321000047
x/Dj=15,15.0,0.07999999821,0.5155000091,0.002105999971,0.0007467999822,0.01320399996
x/Dj=15,15.0,0.1000000015,0.5141999722,0.002492000116,0.0009028000059,0.0132360002
x/Dj=15,15.0,0.1199999973,0.5127000213,0.002861999907,0.001076000044,0.0132635003
x/Dj=15,15.0,0.1400000006,0.5109999776,0.003169999924,0.001225000015,0.01331750024
x/Dj=15,15.0,0.1599999964,0.50849998,0.003407000098,0.001426000032,0.01337900013
x/Dj=15,15.0,0.1800000072,0.506099999,0.003704000032,0.001571999979,0.01346550044
x/Dj=15,15.0,0.200000003,0.503099978,0.004015000071,0.001743000001,0.01355350018
x/Dj=15,15.0,0.2199999988,0.5005999804,0.004277999979,0.001878999989,0.01360750012
x/Dj=15,15.0,0.2399999946,0.4970999956,0.0046740002,0.002061000094,0.01368500013
x/Dj=15,15.0,0.2599999905,0.4936000109,0.004962000065,0.002239000052,0.01376000047
x/Dj=15,15.0,0.2800000012,0.4891000092,0.005514999852,0.002438999945,0.01384750009
x/Dj=15,15.0,0.3000000119,0.485799998,0.005690999795,0.002525999909,0.01388449967
x/Dj=15,15.0,0.3199999928,0.481400013,0.006025999784,0.002651999937,0.01392900012
x/Dj=15,15.0,0.3400000036,0.4781999886,0.00622199988,0.002722000005,0.01395549998
x/Dj=15,15.0,0.3600000143,0.4727999866,0.006546000019,0.002836999949,0.01403299998
x/Dj=15,15.0,0.3799999952,0.4684000015,0.006740000099,0.002920000115,0.0140894996
x/Dj=15,15.0,0.400000006,0.4623999894,0.006967999972,0.003051999956,0.01416299958
x/Dj=15,15.0,0.4199999869,0.4591999948,0.007050999906,0.003119000001,0.01417849958
x/Dj=15,15.0,0.4399999976,0.4535000026,0.007211999968,0.003215000033,0.01422599982
x/Dj=15,15.0,0.4600000083,0.4498000145,0.007385999896,0.003290999914,0.01428150013
x/Dj=15,15.0,0.4799999893,0.4427999854,0.007557999808,0.00342600001,0.01436250005
x/Dj=15,15.0,0.5,0.4384000003,0.0075699999,0.003487000009,0.01439500041
x/Dj=15,15.0,0.5199999809,0.4318000078,0.00781300012,0.003583000042,0.01442349982
x/Dj=15,15.0,0.5400000215,0.4282000065,0.007890000008,0.003615000052,0.01441700011
x/Dj=15,15.0,0.5600000024,0.4214000106,0.008000999689,0.003705000039,0.01441399939
x/Dj=15,15.0,0.5799999833,0.4169999957,0.008089000359,0.003758999985,0.01443499979
x/Dj=15,15.0,0.6000000238,0.4088999927,0.008294999599,0.00383400009,0.01442850009
x/Dj=15,15.0,0.6200000048,0.4047999978,0.00829999987,0.003864000086,0.01440900005
x/Dj=15,15.0,0.6399999857,0.3973999918,0.00829599984,0.003928000107,0.01438299939
x/Dj=15,15.0,0.6600000262,0.3935000002,0.008291999809,0.00395799987,0.01436350029
x/Dj=15,15.0,0.6800000072,0.3851999938,0.008201000281,0.003988999873,0.01430799998
x/Dj=15,15.0,0.6999999881,0.3799999952,0.008028999902,0.004009000026,0.01428999938
x/Dj=15,15.0,0.7200000286,0.3716999888,0.007938000374,0.004029000178,0.01421099994
x/Dj=15,15.0,0.7400000095,0.3679000139,0.007838999853,0.004029999953,0.01415350009
x/Dj=15,15.0,0.7599999905,0.3603000045,0.007679000031,0.004019999877,0.01404799987
x/Dj=15,15.0,0.7799999714,0.3560000062,0.007629999891,0.00400000019,0.01394250058
x/Dj=15,15.0,0.8000000119,0.3474000096,0.007579000201,0.003967000172,0.01380699966
x/Dj=15,15.0,0.8199999928,0.342900008,0.007385999896,0.00395799987,0.01371400058
x/Dj=15,15.0,0.8399999738,0.3352000117,0.007354999892,0.003934999928,0.01357400045
x/Dj=15,15.0,0.8600000143,0.3318000138,0.007278000005,0.003926999867,0.01349100005
x/Dj=15,15.0,0.8799999952,0.3237000108,0.007145000156,0.003893000074,0.01332500018
x/Dj=15,15.0,0.8999999762,0.3190999925,0.006907999981,0.003849999979,0.01322250068
x/Dj=15,15.0,0.9200000167,0.3106000125,0.006767000072,0.003800000064,0.0130754998
x/Dj=15,15.0,0.9399999976,0.3066000044,0.006711000111,0.003776999889,0.0130105
x/Dj=15,15.0,0.9599999785,0.2991000116,0.006531000137,0.003745000111,0.01290000044
x/Dj=15,15.0,0.9800000191,0.2955000103,0.006517000031,0.003726999974,0.01284549944
x/Dj=15,15.0,1.0,0.2870999873,0.006318000145,0.00366799999,0.01266549993
x/Dj=15,15.0,1.019999981,0.2829000056,0.006204999983,0.003653000109,0.01256449986
x/Dj=15,15.0,1.039999962,0.2752000093,0.006004999857,0.0035949999,0.0123839993
x/Dj=15,15.0,1.059999943,0.2718000114,0.005845999811,0.003581000026,0.01228300016
x/Dj=15,15.0,1.080000043,0.2644999921,0.005522999913,0.003532999894,0.01209949981
x/Dj=15,15.0,1.100000024,0.2606000006,0.005371000152,0.00349500007,0.01193149947
x/Dj=15,15.0,1.120000005,0.2522000074,0.004956000019,0.003422999987,0.01167299971
x/Dj=15,15.0,1.139999986,0.2486000061,0.004803000018,0.003373000072,0.01152900048
x/Dj=15,15.0,1.159999967,0.2414000034,0.004426000174,0.00330500002,0.0113049997
x/Dj=15,15.0,1.179999948,0.238499999,0.00433900021,0.003273000009,0.01116850041
x/Dj=15,15.0,1.200000048,0.2314999998,0.004040000029,0.003199999919,0.01094700024
x/Dj=15,15.0,1.220000029,0.2277999967,0.003911000211,0.003155000042,0.01078149956
x/Dj=15,15.0,1.24000001,0.2203000039,0.003653999884,0.003064000048,0.01054999977
x/Dj=15,15.0,1.25999999,0.2175000012,0.003552000038,0.003020999953,0.01046000049
x/Dj=15,15.0,1.279999971,0.2113000005,0.003308000043,0.0029180001,0.01030500047
x/Dj=15,15.0,1.299999952,0.2085999995,0.00315600005,0.002866999945,0.01017600019
x/Dj=15,15.0,1.320000052,0.2011999935,0.002950000111,0.002767999889,0.009913000278
x/Dj=15,15.0,1.340000033,0.1981000006,0.002832999919,0.002719999989,0.009775999933
x/Dj=15,15.0,1.360000014,0.1914999932,0.002556999912,0.002633000026,0.009572500363
x/Dj=15,15.0,1.379999995,0.1897000074,0.002369999886,0.002602000022,0.009500999935
x/Dj=20,20.0,-1.379999995,0.2105000019,-0.005181000102,-0.002318999963,0.008514500223
x/Dj=20,20.0,-1.360000014,0.2117999941,-0.005270999856,-0.00233999989,0.008531999774
x/Dj=20,20.0,-1.340000033,0.2161999941,-0.005462000147,-0.002379999962,0.008608000353
x/Dj=20,20.0,-1.320000052,0.2182999998,-0.005441000219,-0.002395000076,0.008651499636
x/Dj=20,20.0,-1.299999952,0.2229000032,-0.005503000226,-0.002413999988,0.008712000214
x/Dj=20,20.0,-1.279999971,0.2246000022,-0.005466000177,-0.002411999973,0.008700000122
x/Dj=20,20.0,-1.25999999,0.2286999971,-0.005816999823,-0.002420000033,0.008684
x/Dj=20,20.0,-1.24000001,0.2304999977,-0.005909000058,-0.002428000094,0.00867450051
x/Dj=20,20.0,-1.220000029,0.2354000062,-0.006209999789,-0.002449000021,0.008741999976
x/Dj=20,20.0,-1.200000048,0.2381000072,-0.006434999872,-0.002447000006,0.00877050031
x/Dj=20,20.0,-1.179999948,0.2425999939,-0.00665100012,-0.002447000006,0.008830999956
x/Dj=20,20.0,-1.159999967,0.2442999929,-0.006725999992,-0.002431999892,0.008844999596
x/Dj=20,20.0,-1.139999986,0.2484000027,-0.006570999976,-0.002424000064,0.008886000142
x/Dj=20,20.0,-1.120000005,0.2509000003,-0.006481000222,-0.002421000041,0.008921000175
x/Dj=20,20.0,-1.100000024,0.2560000122,-0.006564000156,-0.002421000041,0.008998000063
x/Dj=20,20.0,-1.080000043,0.2587000132,-0.006756000221,-0.002424000064,0.00906999968
x/Dj=20,20.0,-1.059999943,0.2630999982,-0.006903000176,-0.002424000064,0.009147500619
x/Dj=20,20.0,-1.039999962,0.2651999891,-0.006878000218,-0.002425000072,0.009186499752
x/Dj=20,20.0,-1.019999981,0.2696999907,-0.006709999871,-0.002423000056,0.009220000356
x/Dj=20,20.0,-1.0,0.2718999982,-0.006697000004,-0.00240899995,0.009240499698
x/Dj=20,20.0,-0.9800000191,0.2766000032,-0.006845999975,-0.002394000068,0.009274999611
x/Dj=20,20.0,-0.9599999785,0.2786000073,-0.006856999826,-0.002387000015,0.009283499792
x/Dj=20,20.0,-0.9399999976,0.2825999856,-0.006810000166,-0.002364000073,0.009306499735
x/Dj=20,20.0,-0.9200000167,0.2847000062,-0.006781999953,-0.002359000035,0.009327500127
x/Dj=20,20.0,-0.8999999762,0.2892000079,-0.006643999834,-0.002332000062,0.009340999648
x/Dj=20,20.0,-0.8799999952,0.2917000055,-0.006740999874,-0.002310999902,0.009346500039
x/Dj=20,20.0,-0.8600000143,0.296299994,-0.00694799982,-0.002281999914,0.009344999678
x/Dj=20,20.0,-0.8399999738,0.2984000146,-0.006974999793,-0.002271000063,0.009337499738
x/Dj=20,20.0,-0.8199999928,0.3028999865,-0.007005000021,-0.002245000098,0.00935550034
x/Dj=20,20.0,-0.8000000119,0.3052999973,-0.007063999772,-0.002245000098,0.00935850013
x/Dj=20,20.0,-0.7799999714,0.3097000122,-0.006992000155,-0.002204000019,0.009371000342
x/Dj=20,20.0,-0.7599999905,0.3116999865,-0.007098999806,-0.002184000099,0.009384999983
x/Dj=20,20.0,-0.7400000095,0.315200001,-0.007129000034,-0.002135999966,0.009395500645
x/Dj=20,20.0,-0.7200000286,0.3170999885,-0.007125999779,-0.0021230001,0.009407499805
x/Dj=20,20.0,-0.6999999881,0.3213,-0.007058999967,-0.002096999902,0.009408500046
x/Dj=20,20.0,-0.6800000072,0.3237999976,-0.006926999893,-0.002082000021,0.009416500106
x/Dj=20,20.0,-0.6600000262,0.3276999891,-0.006763999816,-0.002043999964,0.009438499808
x/Dj=20,20.0,-0.6399999857,0.3294999897,-0.006825000048,-0.00202600006,0.0094569996
x/Dj=20,20.0,-0.6200000048,0.3328999877,-0.006957000121,-0.00197699992,0.009473999962
x/Dj=20,20.0,-0.6000000238,0.3350999951,-0.006932000164,-0.001949000056,0.00945150014
x/Dj=20,20.0,-0.5799999833,0.3393000066,-0.006740000099,-0.001884000027,0.009421000257
x/Dj=20,20.0,-0.5600000024,0.3415000141,-0.006455999799,-0.001854000031,0.009420000017
x/Dj=20,20.0,-0.5400000215,0.3447999954,-0.006285999902,-0.001811000053,0.009429000318
x/Dj=20,20.0,-0.5199999809,0.3465999961,-0.006244000047,-0.001787999994,0.009438499808
x/Dj=20,20.0,-0.5,0.3495999873,-0.006196000148,-0.001730000018,0.009425500408
x/Dj=20,20.0,-0.4799999893,0.3517000079,-0.006023999769,-0.001674000057,0.009407000616
x/Dj=20,20.0,-0.4600000083,0.3551999927,-0.005717999768,-0.00159999996,0.009389000013
x/Dj=20,20.0,-0.4399999976,0.3571000099,-0.005501000211,-0.001575000002,0.009376499802
x/Dj=20,20.0,-0.4199999869,0.3596999943,-0.005359999835,-0.001512999996,0.00936049968
x/Dj=20,20.0,-0.400000006,0.3610000014,-0.005332999863,-0.001481999992,0.009344000369
x/Dj=20,20.0,-0.3799999952,0.3634000123,-0.005179000087,-0.001407000003,0.009319500066
x/Dj=20,20.0,-0.3600000143,0.3650999963,-0.005001999903,-0.001336000045,0.009283000603
x/Dj=20,20.0,-0.3400000036,0.3673000038,-0.004738999996,-0.001251999987,0.00925500039
x/Dj=20,20.0,-0.3199999928,0.3686000109,-0.004554000217,-0.001206999994,0.009249499999
x/Dj=20,20.0,-0.3000000119,0.3702000082,-0.004362999927,-0.001132000005,0.009225999936
x/Dj=20,20.0,-0.2800000012,0.3711000085,-0.004370000213,-0.001089000027,0.009215500206
x/Dj=20,20.0,-0.2599999905,0.3727999926,-0.004106000066,-0.0009979000315,0.009194999933
x/Dj=20,20.0,-0.2399999946,0.3741999865,-0.003898000112,-0.0009242999949,0.009174499661
x/Dj=20,20.0,-0.2199999988,0.3758000135,-0.0037130001,-0.0008466999861,0.009158499539
x/Dj=20,20.0,-0.200000003,0.3770000041,-0.003412999911,-0.0007913999725,0.009147999808
x/Dj=20,20.0,-0.1800000072,0.3783999979,-0.003067000071,-0.0007119000074,0.009122000076
x/Dj=20,20.0,-0.1599999964,0.3794000149,-0.002857000101,-0.0006446000189,0.009077500552
x/Dj=20,20.0,-0.1400000006,0.3802999854,-0.002548000077,-0.0005445000133,0.009051499888
x/Dj=20,20.0,-0.1199999973,0.381099999,-0.002178000053,-0.0004682999861,0.009022000246
x/Dj=20,20.0,-0.1000000015,0.3817999959,-0.001833999995,-0.0003877000127,0.009004499763
x/Dj=20,20.0,-0.07999999821,0.3822999895,-0.001500000013,-0.0003125999938,0.009005500004
x/Dj=20,20.0,-0.05999999866,0.3826999962,-0.0009460999863,-0.0002316000027,0.009006000124
x/Dj=20,20.0,-0.03999999911,0.3829999864,-0.0005946999881,-0.0001635999943,0.008984000422
x/Dj=20,20.0,-0.01999999955,0.383100003,-0.0003249000001,-7.955999899e-05,0.009006500244
x/Dj=20,20.0,1.501999947e-07,0.383100003,0.0,0.0,0.009013500065
x/Dj=20,20.0,0.01999999955,0.383100003,0.0003249000001,7.955999899e-05,0.009006500244
x/Dj=20,20.0,0.03999999911,0.3829999864,0.0005946999881,0.0001635999943,0.008984000422
x/Dj=20,20.0,0.05999999866,0.3826999962,0.0009460999863,0.0002316000027,0.009006000124
x/Dj=20,20.0,0.07999999821,0.3822999895,0.001500000013,0.0003125999938,0.009005500004
x/Dj=20,20.0,0.1000000015,0.3817999959,0.001833999995,0.0003877000127,0.009004499763
x/Dj=20,20.0,0.1199999973,0.381099999,0.002178000053,0.0004682999861,0.009022000246
x/Dj=20,20.0,0.1400000006,0.3802999854,0.002548000077,0.0005445000133,0.009051499888
x/Dj=20,20.0,0.1599999964,0.3794000149,0.002857000101,0.0006446000189,0.009077500552
x/Dj=20,20.0,0.1800000072,0.3783999979,0.003067000071,0.0007119000074,0.009122000076
x/Dj=20,20.0,0.200000003,0.3770000041,0.003412999911,0.0007913999725,0.009147999808
x/Dj=20,20.0,0.2199999988,0.3758000135,0.0037130001,0.0008466999861,0.009158499539
x/Dj=20,20.0,0.2399999946,0.3741999865,0.003898000112,0.0009242999949,0.009174499661
x/Dj=20,20.0,0.2599999905,0.3727999926,0.004106000066,0.0009979000315,0.009194999933
x/Dj=20,20.0,0.2800000012,0.3711000085,0.004370000213,0.001089000027,0.009215500206
x/Dj=20,20.0,0.3000000119,0.3702000082,0.004362999927,0.001132000005,0.009225999936
x/Dj=20,20.0,0.3199999928,0.3686000109,0.004554000217,0.001206999994,0.009249499999
x/Dj=20,20.0,0.3400000036,0.3673000038,0.004738999996,0.001251999987,0.00925500039
x/Dj=20,20.0,0.3600000143,0.3650999963,0.005001999903,0.001336000045,0.009283000603
x/Dj=20,20.0,0.3799999952,0.3634000123,0.005179000087,0.001407000003,0.009319500066
x/Dj=20,20.0,0.400000006,0.3610000014,0.005332999863,0.001481999992,0.009344000369
x/Dj=20,20.0,0.4199999869,0.3596999943,0.005359999835,0.001512999996,0.00936049968
x/Dj=20,20.0,0.4399999976,0.3571000099,0.005501000211,0.001575000002,0.009376499802
x/Dj=20,20.0,0.4600000083,0.3551999927,0.005717999768,0.00159999996,0.009389000013
x/Dj=20,20.0,0.4799999893,0.3517000079,0.006023999769,0.001674000057,0.009407000616
x/Dj=20,20.0,0.5,0.3495999873,0.006196000148,0.001730000018,0.009425500408
x/Dj=20,20.0,0.5199999809,0.3465999961,0.006244000047,0.001787999994,0.009438499808
x/Dj=20,20.0,0.5400000215,0.3447999954,0.006285999902,0.001811000053,0.009429000318
x/Dj=20,20.0,0.5600000024,0.3415000141,0.006455999799,0.001854000031,0.009420000017
x/Dj=20,20.0,0.5799999833,0.3393000066,0.006740000099,0.001884000027,0.009421000257
x/Dj=20,20.0,0.6000000238,0.3350999951,0.006932000164,0.001949000056,0.00945150014
x/Dj=20,20.0,0.6200000048,0.3328999877,0.006957000121,0.00197699992,0.009473999962
x/Dj=20,20.0,0.6399999857,0.3294999897,0.006825000048,0.00202600006,0.0094569996
x/Dj=20,20.0,0.6600000262,0.3276999891,0.006763999816,0.002043999964,0.009438499808
x/Dj=20,20.0,0.6800000072,0.3237999976,0.006926999893,0.002082000021,0.009416500106
x/Dj=20,20.0,0.6999999881,0.3213,0.007058999967,0.002096999902,0.009408500046
x/Dj=20,20.0,0.7200000286,0.3170999885,0.007125999779,0.0021230001,0.009407499805
x/Dj=20,20.0,0.7400000095,0.315200001,0.007129000034,0.002135999966,0.009395500645
x/Dj=20,20.0,0.7599999905,0.3116999865,0.007098999806,0.002184000099,0.009384999983
x/Dj=20,20.0,0.7799999714,0.3097000122,0.006992000155,0.002204000019,0.009371000342
x/Dj=20,20.0,0.8000000119,0.3052999973,0.007063999772,0.002245000098,0.00935850013
x/Dj=20,20.0,0.8199999928,0.3028999865,0.007005000021,0.002245000098,0.00935550034
x/Dj=20,20.0,0.8399999738,0.2984000146,0.006974999793,0.002271000063,0.009337499738
x/Dj=20,20.0,0.8600000143,0.296299994,0.00694799982,0.002281999914,0.009344999678
x/Dj=20,20.0,0.8799999952,0.2917000055,0.006740999874,0.002310999902,0.009346500039
x/Dj=20,20.0,0.8999999762,0.2892000079,0.006643999834,0.002332000062,0.009340999648
x/Dj=20,20.0,0.9200000167,0.2847000062,0.006781999953,0.002359000035,0.009327500127
x/Dj=20,20.0,0.9399999976,0.2825999856,0.006810000166,0.002364000073,0.009306499735
x/Dj=20,20.0,0.9599999785,0.2786000073,0.006856999826,0.002387000015,0.009283499792
x/Dj=20,20.0,0.9800000191,0.2766000032,0.006845999975,0.002394000068,0.009274999611
x/Dj=20,20.0,1.0,0.2718999982,0.006697000004,0.00240899995,0.009240499698
x/Dj=20,20.0,1.019999981,0.2696999907,0.006709999871,0.002423000056,0.009220000356
x/Dj=20,20.0,1.039999962,0.2651999891,0.006878000218,0.002425000072,0.009186499752
x/Dj=20,20.0,1.059999943,0.2630999982,0.006903000176,0.002424000064,0.009147500619
x/Dj=20,20.0,1.080000043,0.2587000132,0.006756000221,0.002424000064,0.00906999968
x/Dj=20,20.0,1.100000024,0.2560000122,0.006564000156,0.002421000041,0.008998000063
x/Dj=20,20.0,1.120000005,0.2509000003,0.006481000222,0.002421000041,0.008921000175
x/Dj=20,20.0,1.139999986,0.2484000027,0.006570999976,0.002424000064,0.008886000142
x/Dj=20,20.0,1.159999967,0.2442999929,0.006725999992,0.002431999892,0.008844999596
x/Dj=20,20.0,1.179999948,0.2425999939,0.00665100012,0.002447000006,0.008830999956
x/Dj=20,20.0,1.200000048,0.2381000072,0.006434999872,0.002447000006,0.00877050031
x/Dj=20,20.0,1.220000029,0.2354000062,0.006209999789,0.002449000021,0.008741999976
x/Dj=20,20.0,1.24000001,0.2304999977,0.005909000058,0.002428000094,0.00867450051
x/Dj=20,20.0,1.25999999,0.2286999971,0.005816999823,0.002420000033,0.008684
x/Dj=20,20.0,1.279999971,0.2246000022,0.005466000177,0.002411999973,0.008700000122
x/Dj=20,20.0,1.299999952,0.2229000032,0.005503000226,0.002413999988,0.008712000214
x/Dj=20,20.0,1.320000052,0.2182999998,0.005441000219,0.002395000076,0.008651499636
x/Dj=20,20.0,1.340000033,0.2161999941,0.005462000147,0.002379999962,0.008608000353
x/Dj=20,20.0,1.360000014,0.2117999941,0.005270999856,0.00233999989,0.008531999774
x/Dj=20,20.0,1.379999995,0.2105000019,0.005181000102,0.002318999963,0.008514500223
y/Dj=0,1.0,1.501999947e-07,0.9980999827,0.0,0.0,0.0002615500125
y/Dj=0,1.100000024,1.501999947e-07,0.9981999993,0.0,0.0,0.0002658999874
y/Dj=0,1.200000048,1.501999947e-07,0.9983000159,0.0,0.0,0.0002709000255
y/Dj=0,1.299999952,1.501999947e-07,0.9983000159,0.0,0.0,0.0002766500111
y/Dj=0,1.399999976,1.501999947e-07,0.9983999729,0.0,0.0,0.0002829000005
y/Dj=0,1.5,1.501999947e-07,0.9983999729,0.0,0.0,0.0002898999956
y/Dj=0,1.600000024,1.501999947e-07,0.9984999895,0.0,0.0,0.0002978499979
y/Dj=0,1.700000048,1.501999947e-07,0.9984999895,0.0,0.0,0.0003066500067
y/Dj=0,1.799999952,1.501999947e-07,0.9986000061,0.0,0.0,0.0003163500223
y/Dj=0,1.899999976,1.501999947e-07,0.9986000061,0.0,0.0,0.0003267999855
y/Dj=0,2.0,1.501999947e-07,0.9986000061,0.0,0.0,0.0003382000141
y/Dj=0,2.099999905,1.501999947e-07,0.9987999797,0.0,0.0,0.0003561000049
y/Dj=0,2.200000048,1.501999947e-07,0.9988999963,0.0,0.0,0.0003759000101
y/Dj=0,2.299999952,1.501999947e-07,0.9991000295,0.0,0.0,0.0003978000022
y/Dj=0,2.400000095,1.501999947e-07,0.9991999865,0.0,0.0,0.0004220500123
y/Dj=0,2.5,1.501999947e-07,0.9993000031,0.0,0.0,0.0004487499828
y/Dj=0,2.599999905,1.501999947e-07,0.9994000196,0.0,0.0,0.0004778500006
y/Dj=0,2.700000048,1.501999947e-07,0.9995999932,0.0,0.0,0.0005097499816
y/Dj=0,2.799999952,1.501999947e-07,0.9997000098,0.0,0.0,0.0005445000133
y/Dj=0,2.900000095,1.501999947e-07,0.9998000264,0.0,0.0,0.0005822000094
y/Dj=0,3.0,1.501999947e-07,0.9998999834,0.0,0.0,0.0006228000275
y/Dj=0,3.099999905,1.501999947e-07,1.0,0.0,0.0,0.0006666000118
y/Dj=0,3.200000048,1.501999947e-07,1.0,0.0,0.0,0.0007139999652
y/Dj=0,3.299999952,1.501999947e-07,1.0,0.0,0.0,0.0007648000028
y/Dj=0,3.400000095,1.501999947e-07,1.0,0.0,0.0,0.0008192000096
y/Dj=0,3.5,1.501999947e-07,1.0,0.0,0.0,0.0008771999856
y/Dj=0,3.599999905,1.501999947e-07,1.0,0.0,0.0,0.0009387999889
y/Dj=0,3.700000048,1.501999947e-07,1.0,0.0,0.0,0.001004399965
y/Dj=0,3.799999952,1.501999947e-07,1.0,0.0,0.0,0.001074149972
y/Dj=0,3.900000095,1.501999947e-07,1.0,0.0,0.0,0.001148400013
y/Dj=0,4.0,1.501999947e-07,0.9998999834,0.0,0.0,0.001227649976
y/Dj=0,4.099999905,1.501999947e-07,0.9998000264,0.0,0.0,0.001311799977
y/Dj=0,4.199999809,1.501999947e-07,0.9995999932,0.0,0.0,0.001401799964
y/Dj=0,4.300000191,1.501999947e-07,0.9994000196,0.0,0.0,0.001498050056
y/Dj=0,4.400000095,1.501999947e-07,0.9991000295,0.0,0.0,0.001600699965
y/Dj=0,4.5,1.501999947e-07,0.9987999797,0.0,0.0,0.001710199984
y/Dj=0,4.599999905,1.501999947e-07,0.9983999729,0.0,0.0,0.001826049993
y/Dj=0,4.699999809,1.501999947e-07,0.9980000257,0.0,0.0,0.001948999939
y/Dj=0,4.800000191,1.501999947e-07,0.997600019,0.0,0.0,0.002079499885
y/Dj=0,4.900000095,1.501999947e-07,0.9970999956,0.0,0.0,0.002218000125
y/Dj=0,5.0,1.501999947e-07,0.9965000153,0.0,0.0,0.002363000065
y/Dj=0,5.099999905,1.501999947e-07,0.9958999753,0.0,0.0,0.002515000058
y/Dj=0,5.199999809,1.501999947e-07,0.9951000214,0.0,0.0,0.0026755
y/Dj=0,5.300000191,1.501999947e-07,0.9943000078,0.0,0.0,0.002846499905
y/Dj=0,5.400000095,1.501999947e-07,0.9933999777,0.0,0.0,0.003027499886
y/Dj=0,5.5,1.501999947e-07,0.992299974,0.0,0.0,0.003220499959
y/Dj=0,5.599999905,1.501999947e-07,0.9911000133,0.0,0.0,0.003428000025
y/Dj=0,5.699999809,1.501999947e-07,0.9897999763,0.0,0.0,0.003648499958
y/Dj=0,5.800000191,1.501999947e-07,0.9883000255,0.0,0.0,0.003880999982
y/Dj=0,5.900000095,1.501999947e-07,0.9865999818,0.0,0.0,0.004124999978
y/Dj=0,6.0,1.501999947e-07,0.9847999811,0.0,0.0,0.004381999839
y/Dj=0,6.099999905,1.501999947e-07,0.9828000069,0.0,0.0,0.004650999792
y/Dj=0,6.199999809,1.501999947e-07,0.9804999828,0.0,0.0,0.004933499731
y/Dj=0,6.300000191,1.501999947e-07,0.9781000018,0.0,0.0,0.005231000017
y/Dj=0,6.400000095,1.501999947e-07,0.975399971,0.0,0.0,0.005545999855
y/Dj=0,6.5,1.501999947e-07,0.9724000096,0.0,0.0,0.005878000055
y/Dj=0,6.599999905,1.501999947e-07,0.9692999721,0.0,0.0,0.00622599991
y/Dj=0,6.699999809,1.501999947e-07,0.9659000039,0.0,0.0,0.006585500203
y/Dj=0,6.800000191,1.501999947e-07,0.962199986,0.0,0.0,0.006955000106
y/Dj=0,6.900000095,1.501999947e-07,0.9584000111,0.0,0.0,0.00733099971
y/Dj=0,7.0,1.501999947e-07,0.9542999864,0.0,0.0,0.007717000321
y/Dj=0,7.099999905,1.501999947e-07,0.9499999881,0.0,0.0,0.008111000061
y/Dj=0,7.199999809,1.501999947e-07,0.9455000162,0.0,0.0,0.008513499983
y/Dj=0,7.300000191,1.501999947e-07,0.9408000112,0.0,0.0,0.008922999725
y/Dj=0,7.400000095,1.501999947e-07,0.9358999729,0.0,0.0,0.009336499497
y/Dj=0,7.5,1.501999947e-07,0.9308000207,0.0,0.0,0.009751000442
y/Dj=0,7.599999905,1.501999947e-07,0.9255999923,0.0,0.0,0.01016450021
y/Dj=0,7.699999809,1.501999947e-07,0.9200999737,0.0,0.0,0.01057799999
y/Dj=0,7.800000191,1.501999947e-07,0.9146000147,0.0,0.0,0.0109925
y/Dj=0,7.900000095,1.501999947e-07,0.9089000225,0.0,0.0,0.01140499953
y/Dj=0,8.0,1.501999947e-07,0.9031000137,0.0,0.0,0.01180849969
y/Dj=0,8.100000381,1.501999947e-07,0.8970999718,0.0,0.0,0.01220550016
y/Dj=0,8.199999809,1.501999947e-07,0.8910999894,0.0,0.0,0.01260000002
y/Dj=0,8.300000191,1.501999947e-07,0.8848999739,0.0,0.0,0.01298499946
y/Dj=0,8.399999619,1.501999947e-07,0.8787000179,0.0,0.0,0.01335300039
y/Dj=0,8.5,1.501999947e-07,0.8723999858,0.0,0.0,0.01370699983
y/Dj=0,8.600000381,1.501999947e-07,0.8661000133,0.0,0.0,0.01403800026
y/Dj=0,8.699999809,1.501999947e-07,0.8597000241,0.0,0.0,0.01435699966
y/Dj=0,8.800000191,1.501999947e-07,0.8532999754,0.0,0.0,0.01465900056
y/Dj=0,8.899999619,1.501999947e-07,0.8468000293,0.0,0.0,0.01494350005
y/Dj=0,9.0,1.501999947e-07,0.840200007,0.0,0.0,0.01521799993
y/Dj=0,9.100000381,1.501999947e-07,0.8337000012,0.0,0.0,0.01547550038
y/Dj=0,9.199999809,1.501999947e-07,0.8270999789,0.0,0.0,0.01570799947
y/Dj=0,9.300000191,1.501999947e-07,0.8205000162,0.0,0.0,0.01592699997
y/Dj=0,9.399999619,1.501999947e-07,0.8137999773,0.0,0.0,0.01612900011
y/Dj=0,9.5,1.501999947e-07,0.807099998,0.0,0.0,0.01631299965
y/Dj=0,9.600000381,1.501999947e-07,0.8004999757,0.0,0.0,0.01648250036
y/Dj=0,9.699999809,1.501999947e-07,0.7937999964,0.0,0.0,0.01663349941
y/Dj=0,9.800000191,1.501999947e-07,0.7871999741,0.0,0.0,0.01676700078
y/Dj=0,9.899999619,1.501999947e-07,0.7806000113,0.0,0.0,0.01688300073
y/Dj=0,10.0,1.501999947e-07,0.7741000056,0.0,0.0,0.0169879999
y/Dj=0,10.10000038,1.501999947e-07,0.7675999999,0.0,0.0,0.01707050018
y/Dj=0,10.19999981,1.501999947e-07,0.7610999942,0.0,0.0,0.0171450004
y/Dj=0,10.30000019,1.501999947e-07,0.7547000051,0.0,0.0,0.01719699986
y/Dj=0,10.39999962,1.501999947e-07,0.7483000159,0.0,0.0,0.01723749936
y/Dj=0,10.5,1.501999947e-07,0.7419999838,0.0,0.0,0.0172655005
y/Dj=0,10.60000038,1.501999947e-07,0.7358000278,0.0,0.0,0.01727749966
y/Dj=0,10.69999981,1.501999947e-07,0.7296000123,0.0,0.0,0.0172784999
y/Dj=0,10.80000019,1.501999947e-07,0.7235000134,0.0,0.0,0.01726650074
y/Dj=0,10.89999962,1.501999947e-07,0.7174000144,0.0,0.0,0.01724000089
y/Dj=0,11.0,1.501999947e-07,0.711499989,0.0,0.0,0.0172019992
y/Dj=0,11.10000038,1.501999947e-07,0.7056000233,0.0,0.0,0.01714850031
y/Dj=0,11.19999981,1.501999947e-07,0.6998000145,0.0,0.0,0.0170865003
y/Dj=0,11.30000019,1.501999947e-07,0.6940000057,0.0,0.0,0.01701650023
y/Dj=0,11.39999962,1.501999947e-07,0.6883999705,0.0,0.0,0.01693549938
y/Dj=0,11.5,1.501999947e-07,0.6827999949,0.0,0.0,0.01685049944
y/Dj=0,11.60000038,1.501999947e-07,0.6772000194,0.0,0.0,0.01675450057
y/Dj=0,11.69999981,1.501999947e-07,0.6718000174,0.0,0.0,0.01665800065
y/Dj=0,11.80000019,1.501999947e-07,0.6662999988,0.0,0.0,0.01654900052
y/Dj=0,11.89999962,1.501999947e-07,0.6608999968,0.0,0.0,0.01643949933
y/Dj=0,12.0,1.501999947e-07,0.6556000113,0.0,0.0,0.016322501
y/Dj=0,12.10000038,1.501999947e-07,0.6503000259,0.0,0.0,0.01620499976
y/Dj=0,12.19999981,1.501999947e-07,0.6450999975,0.0,0.0,0.01608899981
y/Dj=0,12.30000019,1.501999947e-07,0.6399000287,0.0,0.0,0.01597199962
y/Dj=0,12.39999962,1.501999947e-07,0.6348000169,0.0,0.0,0.01584950089
y/Dj=0,12.5,1.501999947e-07,0.6297000051,0.0,0.0,0.01573199965
y/Dj=0,12.60000038,1.501999947e-07,0.6245999932,0.0,0.0,0.01561499946
y/Dj=0,12.69999981,1.501999947e-07,0.6194999814,0.0,0.0,0.01549400017
y/Dj=0,12.80000019,1.501999947e-07,0.6144999862,0.0,0.0,0.01537750009
y/Dj=0,12.89999962,1.501999947e-07,0.6094999909,0.0,0.0,0.0152695002
y/Dj=0,13.0,1.501999947e-07,0.6044999957,0.0,0.0,0.01516800001
y/Dj=0,13.10000038,1.501999947e-07,0.5996000171,0.0,0.0,0.01506800018
y/Dj=0,13.19999981,1.501999947e-07,0.5947999954,0.0,0.0,0.01497349981
y/Dj=0,13.30000019,1.501999947e-07,0.5899999738,0.0,0.0,0.0148804998
y/Dj=0,13.39999962,1.501999947e-07,0.5852000117,0.0,0.0,0.01479000039
y/Dj=0,13.5,1.501999947e-07,0.5805000067,0.0,0.0,0.01469700038
y/Dj=0,13.60000038,1.501999947e-07,0.5759000182,0.0,0.0,0.01460700016
y/Dj=0,13.69999981,1.501999947e-07,0.5713000298,0.0,0.0,0.01451550052
y/Dj=0,13.80000019,1.501999947e-07,0.5667999983,0.0,0.0,0.01442450006
y/Dj=0,13.89999962,1.501999947e-07,0.5623999834,0.0,0.0,0.01433950011
y/Dj=0,14.0,1.501999947e-07,0.5580000281,0.0,0.0,0.01425450016
y/Dj=0,14.10000038,1.501999947e-07,0.5536999702,0.0,0.0,0.01416849997
y/Dj=0,14.19999981,1.501999947e-07,0.549399972,0.0,0.0,0.01407799963
y/Dj=0,14.30000019,1.501999947e-07,0.5451999903,0.0,0.0,0.01398099959
y/Dj=0,14.39999962,1.501999947e-07,0.5411000252,0.0,0.0,0.01388799958
y/Dj=0,14.5,1.501999947e-07,0.5371000171,0.0,0.0,0.01378950011
y/Dj=0,14.60000038,1.501999947e-07,0.533100009,0.0,0.0,0.01369250007
y/Dj=0,14.69999981,1.501999947e-07,0.5292000175,0.0,0.0,0.0136005003
y/Dj=0,14.80000019,1.501999947e-07,0.5253999829,0.0,0.0,0.01350650005
y/Dj=0,14.89999962,1.501999947e-07,0.521600008,0.0,0.0,0.01341100037
y/Dj=0,15.0,1.501999947e-07,0.5178999901,0.0,0.0,0.01331599988
y/Dj=0,15.10000038,1.501999947e-07,0.5141999722,0.0,0.0,0.01321600005
y/Dj=0,15.19999981,1.501999947e-07,0.5106999874,0.0,0.0,0.0131155001
y/Dj=0,15.30000019,1.501999947e-07,0.5070999861,0.0,0.0,0.01301399991
y/Dj=0,15.39999962,1.501999947e-07,0.5037000179,0.0,0.0,0.01290600002
y/Dj=0,15.5,1.501999947e-07,0.5002999902,0.0,0.0,0.01280349959
y/Dj=0,15.60000038,1.501999947e-07,0.4970000088,0.0,0.0,0.01269649994
y/Dj=0,15.69999981,1.501999947e-07,0.4938000143,0.0,0.0,0.01258399989
y/Dj=0,15.80000019,1.501999947e-07,0.4905999899,0.0,0.0,0.01247500069
y/Dj=0,15.89999962,1.501999947e-07,0.4873999953,0.0,0.0,0.01236500032
y/Dj=0,16.0,1.501999947e-07,0.4842999876,0.0,0.0,0.01224800013
y/Dj=0,16.10000038,1.501999947e-07,0.4812999964,0.0,0.0,0.0121299997
y/Dj=0,16.20000076,1.501999947e-07,0.4781999886,0.0,0.0,0.01201950014
y/Dj=0,16.29999924,1.501999947e-07,0.475300014,0.0,0.0,0.01190549973
y/Dj=0,16.39999962,1.501999947e-07,0.4724000096,0.0,0.0,0.01179699972
y/Dj=0,16.5,1.501999947e-07,0.4695000052,0.0,0.0,0.01168899983
y/Dj=0,16.60000038,1.501999947e-07,0.4666000009,0.0,0.0,0.01157550048
y/Dj=0,16.70000076,1.501999947e-07,0.4638000131,0.0,0.0,0.01146600023
y/Dj=0,16.79999924,1.501999947e-07,0.4609999955,0.0,0.0,0.01135499962
y/Dj=0,16.89999962,1.501999947e-07,0.4582000077,0.0,0.0,0.01124599949
y/Dj=0,17.0,1.501999947e-07,0.4553999901,0.0,0.0,0.01113949995
y/Dj=0,17.10000038,1.501999947e-07,0.4526999891,0.0,0.0,0.011039
y/Dj=0,17.20000076,1.501999947e-07,0.4499999881,0.0,0.0,0.01094450057
y/Dj=0,17.29999924,1.501999947e-07,0.4472999871,0.0,0.0,0.01085549966
y/Dj=0,17.39999962,1.501999947e-07,0.4445999861,0.0,0.0,0.01076800004
y/Dj=0,17.5,1.501999947e-07,0.4420000017,0.0,0.0,0.01068249997
y/Dj=0,17.60000038,1.501999947e-07,0.4393999875,0.0,0.0,0.01059900038
y/Dj=0,17.70000076,1.501999947e-07,0.4368000031,0.0,0.0,0.01051750034
y/Dj=0,17.79999924,1.501999947e-07,0.4343000054,0.0,0.0,0.01043849997
y/Dj=0,17.89999962,1.501999947e-07,0.4318000078,0.0,0.0,0.01036350057
y/Dj=0,18.0,1.501999947e-07,0.4293000102,0.0,0.0,0.0102909999
y/Dj=0,18.10000038,1.501999947e-07,0.4268999994,0.0,0.0,0.01021999959
y/Dj=0,18.20000076,1.501999947e-07,0.4244000018,0.0,0.0,0.01015049964
y/Dj=0,18.29999924,1.501999947e-07,0.4219999909,0.0,0.0,0.01008099969
y/Dj=0,18.39999962,1.501999947e-07,0.4196000099,0.0,0.0,0.01001300011
y/Dj=0,18.5,1.501999947e-07,0.4172999859,0.0,0.0,0.009947000071
y/Dj=0,18.60000038,1.501999947e-07,0.4149000049,0.0,0.0,0.009881500155
y/Dj=0,18.70000076,1.501999947e-07,0.4126000106,0.0,0.0,0.009817999788
y/Dj=0,18.79999924,1.501999947e-07,0.4101999998,0.0,0.0,0.009755999781
y/Dj=0,18.89999962,1.501999947e-07,0.4079000056,0.0,0.0,0.009693000466
y/Dj=0,19.0,1.501999947e-07,0.4056000113,0.0,0.0,0.009630499408
y/Dj=0,19.10000038,1.501999947e-07,0.4032999873,0.0,0.0,0.009566500783
y/Dj=0,19.20000076,1.501999947e-07,0.4009999931,0.0,0.0,0.009500000626
y/Dj=0,19.29999924,1.501999947e-07,0.3986999989,0.0,0.0,0.009432000108
y/Dj=0,19.39999962,1.501999947e-07,0.3964000046,0.0,0.0,0.00936399959
y/Dj=0,19.5,1.501999947e-07,0.3941000104,0.0,0.0,0.009298999794
y/Dj=0,19.60000038,1.501999947e-07,0.3917999864,0.0,0.0,0.009236499667
y/Dj=0,19.70000076,1.501999947e-07,0.3896000087,0.0,0.0,0.009178999811
y/Dj=0,19.79999924,1.501999947e-07,0.3874000013,0.0,0.0,0.009122500196
y/Dj=0,19.89999962,1.501999947e-07,0.3851999938,0.0,0.0,0.00906750001
y/Dj=0,20.0,1.501999947e-07,0.383100003,0.0,0.0,0.009013500065
y/Dj=0,20.10000038,1.501999947e-07,0.381099999,0.0,0.0,0.008961499669
y/Dj=0,20.20000076,1.501999947e-07,0.3790999949,0.0,0.0,0.008912499994
y/Dj=0,20.29999924,1.501999947e-07,0.3770999908,0.0,0.0,0.008864499629
y/Dj=0,20.39999962,1.501999947e-07,0.3750999868,0.0,0.0,0.008797500283
y/Dj=0,20.5,1.501999947e-07,0.3731000125,0.0,0.0,0.008729499765
y/Dj=0,20.60000038,1.501999947e-07,0.3711999953,0.0,0.0,0.008662000299
y/Dj=0,20.70000076,1.501999947e-07,0.3693000078,0.0,0.0,0.008596000262
y/Dj=0,20.79999924,1.501999947e-07,0.3675000072,0.0,0.0,0.008531000465
y/Dj=0,20.89999962,1.501999947e-07,0.3655999899,0.0,0.0,0.008468000218
y/Dj=0,21.0,1.501999947e-07,0.3637999892,0.0,0.0,0.008404499851
y/Dj=0,21.10000038,1.501999947e-07,0.3619999886,0.0,0.0,0.008340000175
y/Dj=0,21.20000076,1.501999947e-07,0.3603000045,0.0,0.0,0.008275999688
y/Dj=0,21.29999924,1.501999947e-07,0.3585999906,0.0,0.0,0.008212000132
y/Dj=0,21.39999962,1.501999947e-07,0.3569000065,0.0,0.0,0.008146999404
y/Dj=0,21.5,1.501999947e-07,0.3551999927,0.0,0.0,0.008081500418
y/Dj=0,21.60000038,1.501999947e-07,0.3535999954,0.0,0.0,0.00801249966
y/Dj=0,21.70000076,1.501999947e-07,0.3519000113,0.0,0.0,0.007942500524
y/Dj=0,21.79999924,1.501999947e-07,0.3501999974,0.0,0.0,0.007872499526
y/Dj=0,21.89999962,1.501999947e-07,0.3485000134,0.0,0.0,0.007803500164
y/Dj=0,22.0,1.501999947e-07,0.3467999995,0.0,0.0,0.007737999782
y/Dj=0,22.10000038,1.501999947e-07,0.3450999856,0.0,0.0,0.007679999806
y/Dj=0,22.20000076,1.501999947e-07,0.3434000015,0.0,0.0,0.007642500103
y/Dj=0,22.29999924,1.501999947e-07,0.3418000042,0.0,0.0,-999.0
y/Dj=0,22.39999962,1.501999947e-07,0.340200007,0.0,0.0,-999.0
y/Dj=0,22.5,1.501999947e-07,0.3386999965,0.0,0.0,-999.0
y/Dj=0,22.60000038,1.501999947e-07,0.337199986,0.0,0.0,-999.0
y/Dj=0,22.70000076,1.501999947e-07,0.3357000053,0.0,0.0,-999.0
y/Dj=0,22.79999924,1.501999947e-07,0.3343000114,0.0,0.0,-999.0
y/Dj=0,22.89999962,1.501999947e-07,0.3328000009,0.0,0.0,-999.0
y/Dj=0,23.0,1.501999947e-07,0.331400007,0.0,0.0,-999.0
y/Dj=0,23.10000038,1.501999947e-07,0.3300000131,0.0,0.0,-999.0
y/Dj=0,23.20000076,1.501999947e-07,0.3285999894,0.0,0.0,-999.0
y/Dj=0,23.29999924,1.501999947e-07,0.3273000121,0.0,0.0,-999.0
y/Dj=0,23.39999962,1.501999947e-07,0.3258999884,0.0,0.0,-999.0
y/Dj=0,23.5,1.501999947e-07,0.3244999945,0.0,0.0,-999.0
y/Dj=0,23.60000038,1.501999947e-07,0.3231999874,0.0,0.0,-999.0
y/Dj=0,23.70000076,1.501999947e-07,0.3219000101,0.0,0.0,-999.0
y/Dj=0,23.79999924,1.501999947e-07,0.3204999864,0.0,0.0,-999.0
y/Dj=0,23.89999962,1.501999947e-07,0.3190999925,0.0,0.0,-999.0
y/Dj=0,24.0,1.501999947e-07,0.3176999986,0.0,0.0,-999.0
y/Dj=0,24.10000038,1.501999947e-07,0.3163000047,0.0,0.0,-999.0
y/Dj=0,24.20000076,1.501999947e-07,0.3156000078,0.0,0.0,-999.0
y/Dj=0,24.29999924,1.501999947e-07,0.3149000108,0.0,0.0,-999.0
y/Dj=0,24.39999962,1.501999947e-07,0.3143000007,0.0,0.0,-999.0
y/Dj=0,24.5,1.501999947e-07,0.3136000037,0.0,0.0,-999.0
y/Dj=0,24.60000038,1.501999947e-07,0.3129000068,0.0,0.0,-999.0
y/Dj=0,24.70000076,1.501999947e-07,0.3120999932,0.0,0.0,-999.0
y/Dj=0,24.79999924,1.501999947e-07,0.3113999963,0.0,0.0,-999.0
y/Dj=0,24.89999962,1.501999947e-07,0.3106000125,0.0,0.0,-999.0
y/Dj=0,25.0,1.501999947e-07,0.3098999858,0.0,0.0,-999.0
