zone,x,cp
alpha=0,1.0,0.24708
alpha=0,0.999,0.22623
alpha=0,0.99797,0.22481
alpha=0,0.99689,0.22078
alpha=0,0.99578,0.21643
alpha=0,0.99463,0.21155
alpha=0,0.99344,0.20673
alpha=0,0.9922,0.20201
alpha=0,0.99092,0.19744
alpha=0,0.9896,0.19297
alpha=0,0.98823,0.18859
alpha=0,0.98681,0.18426
alpha=0,0.98534,0.17996
alpha=0,0.98381,0.17569
alpha=0,0.98224,0.17143
alpha=0,0.98061,0.16718
alpha=0,0.97892,0.16292
alpha=0,0.97718,0.15866
alpha=0,0.97537,0.15439
alpha=0,0.9735,0.15012
alpha=0,0.97157,0.14583
alpha=0,0.96957,0.14153
alpha=0,0.9675,0.13722
alpha=0,0.96537,0.1329
alpha=0,0.96316,0.12856
alpha=0,0.96087,0.1242
alpha=0,0.95852,0.11984
alpha=0,0.95608,0.11546
alpha=0,0.95356,0.11107
alpha=0,0.95096,0.10666
alpha=0,0.94827,0.10225
alpha=0,0.9455,0.097817
alpha=0,0.94264,0.093377
alpha=0,0.93969,0.088932
alpha=0,0.93664,0.084471
alpha=0,0.9335,0.080004
alpha=0,0.93025,0.075533
alpha=0,0.92691,0.07105
alpha=0,0.92347,0.066563
alpha=0,0.91991,0.06207
alpha=0,0.91626,0.057572
alpha=0,0.91249,0.053068
alpha=0,0.9086,0.048559
alpha=0,0.90461,0.044045
alpha=0,0.9005,0.039531
alpha=0,0.89626,0.035012
alpha=0,0.89191,0.030487
alpha=0,0.88744,0.025957
alpha=0,0.88284,0.021427
alpha=0,0.87811,0.016892
alpha=0,0.87325,0.012357
alpha=0,0.86827,0.007811
alpha=0,0.86315,0.0032652
alpha=0,0.85789,-0.0012859
alpha=0,0.8525,-0.0058371
alpha=0,0.84698,-0.010399
alpha=0,0.84132,-0.014966
alpha=0,0.83551,-0.019538
alpha=0,0.82957,-0.024121
alpha=0,0.82349,-0.028709
alpha=0,0.81727,-0.033308
alpha=0,0.8109,-0.037912
alpha=0,0.80439,-0.042532
alpha=0,0.79774,-0.047163
alpha=0,0.79095,-0.051804
alpha=0,0.78402,-0.056467
alpha=0,0.77694,-0.06114
alpha=0,0.76973,-0.065829
alpha=0,0.76238,-0.070539
alpha=0,0.75489,-0.07527
alpha=0,0.74726,-0.080017
alpha=0,0.7395,-0.084791
alpha=0,0.7316,-0.089591
alpha=0,0.72358,-0.094412
alpha=0,0.71543,-0.099265
alpha=0,0.70715,-0.10415
alpha=0,0.69875,-0.10905
alpha=0,0.69023,-0.11399
alpha=0,0.6816,-0.11896
alpha=0,0.67286,-0.12397
alpha=0,0.66401,-0.12901
alpha=0,0.65505,-0.13409
alpha=0,0.646,-0.1392
alpha=0,0.63686,-0.14436
alpha=0,0.62763,-0.14955
alpha=0,0.61831,-0.15477
alpha=0,0.60892,-0.16004
alpha=0,0.59946,-0.16534
alpha=0,0.58993,-0.17068
alpha=0,0.58035,-0.17606
alpha=0,0.57071,-0.18147
alpha=0,0.56102,-0.18692
alpha=0,0.55129,-0.1924
alpha=0,0.54153,-0.19791
alpha=0,0.53174,-0.20345
alpha=0,0.52194,-0.20902
alpha=0,0.51212,-0.21462
alpha=0,0.50229,-0.22023
alpha=0,0.49246,-0.22587
alpha=0,0.48265,-0.23151
alpha=0,0.47284,-0.23717
alpha=0,0.46306,-0.24283
alpha=0,0.45331,-0.24849
alpha=0,0.44359,-0.25415
alpha=0,0.43391,-0.2598
alpha=0,0.42428,-0.26544
alpha=0,0.41471,-0.27105
alpha=0,0.4052,-0.27664
alpha=0,0.39575,-0.2822
alpha=0,0.38638,-0.28772
alpha=0,0.37708,-0.29319
alpha=0,0.36787,-0.29862
alpha=0,0.35875,-0.30399
alpha=0,0.34972,-0.30929
alpha=0,0.34079,-0.31453
alpha=0,0.33197,-0.31969
alpha=0,0.32325,-0.32476
alpha=0,0.31465,-0.32975
alpha=0,0.30616,-0.33464
alpha=0,0.2978,-0.33944
alpha=0,0.28955,-0.34412
alpha=0,0.28144,-0.34869
alpha=0,0.27345,-0.35314
alpha=0,0.26559,-0.35747
alpha=0,0.25787,-0.36167
alpha=0,0.25029,-0.36574
alpha=0,0.24284,-0.36966
alpha=0,0.23553,-0.37345
alpha=0,0.22837,-0.37708
alpha=0,0.22134,-0.38056
alpha=0,0.21446,-0.38388
alpha=0,0.20772,-0.38705
alpha=0,0.20112,-0.39005
alpha=0,0.19467,-0.39288
alpha=0,0.18837,-0.39553
alpha=0,0.1822,-0.39803
alpha=0,0.17618,-0.40034
alpha=0,0.1703,-0.40246
alpha=0,0.16456,-0.40441
alpha=0,0.15897,-0.40617
alpha=0,0.15351,-0.40774
alpha=0,0.14819,-0.40912
alpha=0,0.14301,-0.41031
alpha=0,0.13797,-0.4113
alpha=0,0.13306,-0.41209
alpha=0,0.12828,-0.41268
alpha=0,0.12363,-0.41306
alpha=0,0.11911,-0.41324
alpha=0,0.11472,-0.4132
alpha=0,0.11046,-0.41294
alpha=0,0.10631,-0.41247
alpha=0,0.10229,-0.41177
alpha=0,0.098386,-0.41084
alpha=0,0.094598,-0.40968
alpha=0,0.090925,-0.40828
alpha=0,0.087364,-0.40663
alpha=0,0.083912,-0.40473
alpha=0,0.080568,-0.40257
alpha=0,0.07733,-0.40015
alpha=0,0.074194,-0.39745
alpha=0,0.071158,-0.39447
alpha=0,0.068221,-0.3912
alpha=0,0.06538,-0.38763
alpha=0,0.062633,-0.38375
alpha=0,0.059977,-0.37954
alpha=0,0.05741,-0.37501
alpha=0,0.05493,-0.37012
alpha=0,0.052535,-0.36487
alpha=0,0.050222,-0.35926
alpha=0,0.04799,-0.35324
alpha=0,0.045837,-0.34683
alpha=0,0.043759,-0.33999
alpha=0,0.041756,-0.33271
alpha=0,0.039825,-0.32497
alpha=0,0.037964,-0.31675
alpha=0,0.036171,-0.30803
alpha=0,0.034445,-0.2988
alpha=0,0.032783,-0.28903
alpha=0,0.031184,-0.27868
alpha=0,0.029646,-0.26775
alpha=0,0.028167,-0.25621
alpha=0,0.026746,-0.24404
alpha=0,0.02538,-0.23119
alpha=0,0.024068,-0.21768
alpha=0,0.022809,-0.20346
alpha=0,0.021601,-0.1885
alpha=0,0.020443,-0.17277
alpha=0,0.019333,-0.15627
alpha=0,0.018269,-0.13898
alpha=0,0.01725,-0.12086
alpha=0,0.016276,-0.10191
alpha=0,0.015343,-0.082163
alpha=0,0.014452,-0.061611
alpha=0,0.013601,-0.040381
alpha=0,0.012789,-0.018526
alpha=0,0.012014,0.003493
alpha=0,0.011275,0.026243
alpha=0,0.010572,0.050006
alpha=0,0.0099023,0.074854
alpha=0,0.0092657,0.10118
alpha=0,0.008661,0.12839
alpha=0,0.008087,0.15625
alpha=0,0.0075428,0.18462
alpha=0,0.0070272,0.21343
alpha=0,0.0065393,0.24266
alpha=0,0.006078,0.2723
alpha=0,0.0056425,0.30227
alpha=0,0.0052316,0.3325
alpha=0,0.0048446,0.36287
alpha=0,0.0044803,0.39329
alpha=0,0.004138,0.42364
alpha=0,0.0038166,0.45383
alpha=0,0.0035153,0.48376
alpha=0,0.0032332,0.5133
alpha=0,0.0029694,0.54237
alpha=0,0.0027231,0.57087
alpha=0,0.0024934,0.5987
alpha=0,0.0022795,0.62577
alpha=0,0.0020806,0.65202
alpha=0,0.0018959,0.67736
alpha=0,0.0017246,0.70174
alpha=0,0.001566,0.72511
alpha=0,0.0014194,0.74743
alpha=0,0.001284,0.76868
alpha=0,0.0011592,0.78882
alpha=0,0.0010443,0.80785
alpha=0,0.00093876,0.82578
alpha=0,0.00084191,0.8426
alpha=0,0.00075319,0.85833
alpha=0,0.00067206,0.87299
alpha=0,0.00059799,0.88663
alpha=0,0.00053051,0.89925
alpha=0,0.00046913,0.9109
alpha=0,0.00041342,0.92162
alpha=0,0.00036295,0.93145
alpha=0,0.00031735,0.94043
alpha=0,0.00027624,0.94862
alpha=0,0.00023927,0.95604
alpha=0,0.00020611,0.96276
alpha=0,0.00017648,0.9688
alpha=0,0.00015008,0.97423
alpha=0,0.00012665,0.97908
alpha=0,0.00010594,0.98338
alpha=0,8.773e-05,0.98718
alpha=0,7.1803e-05,0.99052
alpha=0,5.7964e-05,0.99344
alpha=0,4.6029e-05,0.99596
alpha=0,3.5831e-05,0.99813
alpha=0,2.7213e-05,0.99996
alpha=0,2.003e-05,1.0015
alpha=0,1.4151e-05,1.0027
alpha=0,9.4511e-06,1.0038
alpha=0,5.8186e-06,1.0045
alpha=0,3.1491e-06,1.0051
alpha=0,1.3469e-06,1.0055
alpha=0,3.2412e-07,1.0057
alpha=0,0.0,1.0058
alpha=0,3.2412e-07,1.0057
alpha=0,1.3469e-06,1.0055
alpha=0,3.1491e-06,1.0051
alpha=0,5.8186e-06,1.0045
alpha=0,9.4511e-06,1.0038
alpha=0,1.4151e-05,1.0028
alpha=0,2.003e-05,1.0015
alpha=0,2.7213e-05,0.99996
alpha=0,3.5831e-05,0.99813
alpha=0,4.6029e-05,0.99597
alpha=0,5.7964e-05,0.99344
alpha=0,7.1803e-05,0.99053
alpha=0,8.773e-05,0.98719
alpha=0,0.00010594,0.98338
alpha=0,0.00012665,0.97908
alpha=0,0.00015008,0.97423
alpha=0,0.00017648,0.96881
alpha=0,0.00020611,0.96276
alpha=0,0.00023927,0.95605
alpha=0,0.00027624,0.94862
alpha=0,0.00031735,0.94044
alpha=0,0.00036295,0.93146
alpha=0,0.00041342,0.92163
alpha=0,0.00046913,0.91091
alpha=0,0.00053051,0.89926
alpha=0,0.00059799,0.88664
alpha=0,0.00067206,0.87301
alpha=0,0.00075319,0.85834
alpha=0,0.00084191,0.84261
alpha=0,0.00093876,0.82579
alpha=0,0.0010443,0.80786
alpha=0,0.0011592,0.78883
alpha=0,0.001284,0.76869
alpha=0,0.0014194,0.74745
alpha=0,0.001566,0.72513
alpha=0,0.0017246,0.70176
alpha=0,0.0018959,0.67738
alpha=0,0.0020806,0.65203
alpha=0,0.0022795,0.62579
alpha=0,0.0024934,0.59871
alpha=0,0.0027231,0.57089
alpha=0,0.0029694,0.54239
alpha=0,0.0032332,0.51332
alpha=0,0.0035153,0.48377
alpha=0,0.0038166,0.45385
alpha=0,0.004138,0.42366
alpha=0,0.0044803,0.3933
alpha=0,0.0048446,0.36289
alpha=0,0.0052316,0.33252
alpha=0,0.0056425,0.30229
alpha=0,0.006078,0.27232
alpha=0,0.0065393,0.24269
alpha=0,0.0070272,0.21346
alpha=0,0.0075428,0.18463
alpha=0,0.008087,0.15626
alpha=0,0.008661,0.12841
alpha=0,0.0092657,0.1012
alpha=0,0.0099023,0.07487
alpha=0,0.010572,0.050027
alpha=0,0.011275,0.026265
alpha=0,0.012014,0.0035142
alpha=0,0.012789,-0.01851
alpha=0,0.013601,-0.040365
alpha=0,0.014452,-0.061595
alpha=0,0.015343,-0.082142
alpha=0,0.016276,-0.1019
alpha=0,0.01725,-0.12084
alpha=0,0.018269,-0.13896
alpha=0,0.019333,-0.15625
alpha=0,0.020443,-0.17276
alpha=0,0.021601,-0.18848
alpha=0,0.022809,-0.20344
alpha=0,0.024068,-0.21766
alpha=0,0.02538,-0.23117
alpha=0,0.026746,-0.24402
alpha=0,0.028167,-0.2562
alpha=0,0.029646,-0.26774
alpha=0,0.031184,-0.27867
alpha=0,0.032783,-0.28901
alpha=0,0.034445,-0.29878
alpha=0,0.036171,-0.30802
alpha=0,0.037964,-0.31674
alpha=0,0.039825,-0.32496
alpha=0,0.041756,-0.33269
alpha=0,0.043759,-0.33997
alpha=0,0.045837,-0.34681
alpha=0,0.04799,-0.35323
alpha=0,0.050222,-0.35924
alpha=0,0.052535,-0.36486
alpha=0,0.05493,-0.37011
alpha=0,0.05741,-0.37499
alpha=0,0.059977,-0.37953
alpha=0,0.062633,-0.38374
alpha=0,0.06538,-0.38762
alpha=0,0.068221,-0.39119
alpha=0,0.071158,-0.39446
alpha=0,0.074194,-0.39744
alpha=0,0.07733,-0.40014
alpha=0,0.080568,-0.40256
alpha=0,0.083912,-0.40472
alpha=0,0.087364,-0.40662
alpha=0,0.090925,-0.40827
alpha=0,0.094598,-0.40967
alpha=0,0.098386,-0.41083
alpha=0,0.10229,-0.41176
alpha=0,0.10631,-0.41246
alpha=0,0.11046,-0.41293
alpha=0,0.11472,-0.41319
alpha=0,0.11911,-0.41323
alpha=0,0.12363,-0.41306
alpha=0,0.12828,-0.41267
alpha=0,0.13306,-0.41208
alpha=0,0.13797,-0.41129
alpha=0,0.14301,-0.4103
alpha=0,0.14819,-0.40911
alpha=0,0.15351,-0.40773
alpha=0,0.15897,-0.40616
alpha=0,0.16456,-0.4044
alpha=0,0.1703,-0.40245
alpha=0,0.17618,-0.40032
alpha=0,0.1822,-0.39801
alpha=0,0.18837,-0.39553
alpha=0,0.19467,-0.39287
alpha=0,0.20112,-0.39004
alpha=0,0.20772,-0.38704
alpha=0,0.21446,-0.38387
alpha=0,0.22134,-0.38055
alpha=0,0.22837,-0.37707
alpha=0,0.23553,-0.37344
alpha=0,0.24284,-0.36966
alpha=0,0.25029,-0.36573
alpha=0,0.25787,-0.36166
alpha=0,0.26559,-0.35747
alpha=0,0.27345,-0.35314
alpha=0,0.28144,-0.34868
alpha=0,0.28955,-0.34411
alpha=0,0.2978,-0.33943
alpha=0,0.30616,-0.33464
alpha=0,0.31465,-0.32974
alpha=0,0.32325,-0.32476
alpha=0,0.33197,-0.31968
alpha=0,0.34079,-0.31452
alpha=0,0.34972,-0.30929
alpha=0,0.35875,-0.30398
alpha=0,0.36787,-0.29861
alpha=0,0.37708,-0.29318
alpha=0,0.38638,-0.28771
alpha=0,0.39575,-0.28219
alpha=0,0.4052,-0.27663
alpha=0,0.41471,-0.27104
alpha=0,0.42428,-0.26543
alpha=0,0.43391,-0.2598
alpha=0,0.44359,-0.25415
alpha=0,0.45331,-0.24849
alpha=0,0.46306,-0.24283
alpha=0,0.47284,-0.23716
alpha=0,0.48265,-0.23151
alpha=0,0.49246,-0.22586
alpha=0,0.50229,-0.22023
alpha=0,0.51212,-0.21461
alpha=0,0.52194,-0.20902
alpha=0,0.53174,-0.20345
alpha=0,0.54153,-0.19791
alpha=0,0.55129,-0.1924
alpha=0,0.56102,-0.18691
alpha=0,0.57071,-0.18147
alpha=0,0.58035,-0.17605
alpha=0,0.58993,-0.17067
alpha=0,0.59946,-0.16533
alpha=0,0.60892,-0.16003
alpha=0,0.61831,-0.15476
alpha=0,0.62763,-0.14954
alpha=0,0.63686,-0.14435
alpha=0,0.646,-0.1392
alpha=0,0.65505,-0.13409
alpha=0,0.66401,-0.12901
alpha=0,0.67286,-0.12397
alpha=0,0.6816,-0.11896
alpha=0,0.69023,-0.11399
alpha=0,0.69875,-0.10905
alpha=0,0.70715,-0.10414
alpha=0,0.71543,-0.09926
alpha=0,0.72358,-0.094407
alpha=0,0.7316,-0.089586
alpha=0,0.7395,-0.084785
alpha=0,0.74726,-0.080012
alpha=0,0.75489,-0.075265
alpha=0,0.76238,-0.070533
alpha=0,0.76973,-0.065823
alpha=0,0.77694,-0.061134
alpha=0,0.78402,-0.056456
alpha=0,0.79095,-0.051799
alpha=0,0.79774,-0.047158
alpha=0,0.80439,-0.042527
alpha=0,0.8109,-0.037907
alpha=0,0.81727,-0.033298
alpha=0,0.82349,-0.028699
alpha=0,0.82957,-0.024111
alpha=0,0.83551,-0.019533
alpha=0,0.84132,-0.014961
alpha=0,0.84698,-0.010394
alpha=0,0.8525,-0.0058318
alpha=0,0.85789,-0.0012754
alpha=0,0.86315,0.0032758
alpha=0,0.86827,0.0078216
alpha=0,0.87325,0.012362
alpha=0,0.87811,0.016903
alpha=0,0.88284,0.021433
alpha=0,0.88744,0.025968
alpha=0,0.89191,0.030493
alpha=0,0.89626,0.035017
alpha=0,0.9005,0.039537
alpha=0,0.90461,0.044056
alpha=0,0.9086,0.04857
alpha=0,0.91249,0.053079
alpha=0,0.91626,0.057582
alpha=0,0.91991,0.06208
alpha=0,0.92347,0.066573
alpha=0,0.92691,0.071061
alpha=0,0.93025,0.075543
alpha=0,0.9335,0.080015
alpha=0,0.93664,0.084481
alpha=0,0.93969,0.088942
alpha=0,0.94264,0.093387
alpha=0,0.9455,0.097827
alpha=0,0.94827,0.10226
alpha=0,0.95096,0.10667
alpha=0,0.95356,0.11108
alpha=0,0.95608,0.11547
alpha=0,0.95852,0.11985
alpha=0,0.96087,0.12422
alpha=0,0.96316,0.12857
alpha=0,0.96537,0.13291
alpha=0,0.9675,0.13723
alpha=0,0.96957,0.14154
alpha=0,0.97157,0.14584
alpha=0,0.9735,0.15013
alpha=0,0.97537,0.15441
alpha=0,0.97718,0.15867
alpha=0,0.97892,0.16293
alpha=0,0.98061,0.16719
alpha=0,0.98224,0.17144
alpha=0,0.98381,0.1757
alpha=0,0.98534,0.17998
alpha=0,0.98681,0.18427
alpha=0,0.98823,0.1886
alpha=0,0.9896,0.19299
alpha=0,0.99092,0.19745
alpha=0,0.9922,0.20203
alpha=0,0.99344,0.20675
alpha=0,0.99463,0.21157
alpha=0,0.99578,0.21645
alpha=0,0.99689,0.2208
alpha=0,0.99797,0.22482
alpha=0,0.999,0.22626
alpha=0,1.0,0.24711
alpha=10,1.0,0.1853
alpha=10,0.999,0.16471
alpha=10,0.99797,0.16542
alpha=10,0.99689,0.16483
alpha=10,0.99578,0.16363
alpha=10,0.99463,0.16192
alpha=10,0.99344,0.16007
alpha=10,0.9922,0.15813
alpha=10,0.99092,0.15618
alpha=10,0.9896,0.15425
alpha=10,0.98823,0.15237
alpha=10,0.98681,0.15053
alpha=10,0.98534,0.14874
alpha=10,0.98381,0.14699
alpha=10,0.98224,0.14528
alpha=10,0.98061,0.14359
alpha=10,0.97892,0.14193
alpha=10,0.97718,0.1403
alpha=10,0.97537,0.13869
alpha=10,0.9735,0.13711
alpha=10,0.97157,0.13555
alpha=10,0.96957,0.13402
alpha=10,0.9675,0.13251
alpha=10,0.96537,0.13103
alpha=10,0.96316,0.12957
alpha=10,0.96087,0.12813
alpha=10,0.95852,0.12672
alpha=10,0.95608,0.12534
alpha=10,0.95356,0.12398
alpha=10,0.95096,0.12265
alpha=10,0.94827,0.12135
alpha=10,0.9455,0.12007
alpha=10,0.94264,0.11882
alpha=10,0.93969,0.1176
alpha=10,0.93664,0.1164
alpha=10,0.9335,0.11524
alpha=10,0.93025,0.11411
alpha=10,0.92691,0.11301
alpha=10,0.92347,0.11194
alpha=10,0.91991,0.1109
alpha=10,0.91626,0.1099
alpha=10,0.91249,0.10893
alpha=10,0.9086,0.10799
alpha=10,0.90461,0.10709
alpha=10,0.9005,0.10623
alpha=10,0.89626,0.1054
alpha=10,0.89191,0.10462
alpha=10,0.88744,0.10387
alpha=10,0.88284,0.10317
alpha=10,0.87811,0.1025
alpha=10,0.87325,0.10188
alpha=10,0.86827,0.1013
alpha=10,0.86315,0.10076
alpha=10,0.85789,0.10027
alpha=10,0.8525,0.099819
alpha=10,0.84698,0.099422
alpha=10,0.84132,0.099067
alpha=10,0.83551,0.09876
alpha=10,0.82957,0.098505
alpha=10,0.82349,0.098294
alpha=10,0.81727,0.098135
alpha=10,0.8109,0.098029
alpha=10,0.80439,0.097976
alpha=10,0.79774,0.09797
alpha=10,0.79095,0.098023
alpha=10,0.78402,0.098124
alpha=10,0.77694,0.098283
alpha=10,0.76973,0.098495
alpha=10,0.76238,0.098765
alpha=10,0.75489,0.099094
alpha=10,0.74726,0.099475
alpha=10,0.7395,0.099915
alpha=10,0.7316,0.10042
alpha=10,0.72358,0.10098
alpha=10,0.71543,0.1016
alpha=10,0.70715,0.10228
alpha=10,0.69875,0.10304
alpha=10,0.69023,0.10385
alpha=10,0.6816,0.10473
alpha=10,0.67286,0.10567
alpha=10,0.66401,0.10669
alpha=10,0.65505,0.10778
alpha=10,0.646,0.10894
alpha=10,0.63686,0.11017
alpha=10,0.62763,0.11149
alpha=10,0.61831,0.11288
alpha=10,0.60892,0.11436
alpha=10,0.59946,0.11593
alpha=10,0.58993,0.11758
alpha=10,0.58035,0.11933
alpha=10,0.57071,0.12118
alpha=10,0.56102,0.12312
alpha=10,0.55129,0.12517
alpha=10,0.54153,0.12733
alpha=10,0.53174,0.12961
alpha=10,0.52194,0.132
alpha=10,0.51212,0.13452
alpha=10,0.50229,0.13717
alpha=10,0.49246,0.13995
alpha=10,0.48265,0.14288
alpha=10,0.47284,0.14595
alpha=10,0.46306,0.14917
alpha=10,0.45331,0.15255
alpha=10,0.44359,0.1561
alpha=10,0.43391,0.15982
alpha=10,0.42428,0.16372
alpha=10,0.41471,0.1678
alpha=10,0.4052,0.17207
alpha=10,0.39575,0.17654
alpha=10,0.38638,0.18122
alpha=10,0.37708,0.1861
alpha=10,0.36787,0.1912
alpha=10,0.35875,0.19652
alpha=10,0.34972,0.20206
alpha=10,0.34079,0.20784
alpha=10,0.33197,0.21387
alpha=10,0.32325,0.22013
alpha=10,0.31465,0.22664
alpha=10,0.30616,0.23341
alpha=10,0.2978,0.24043
alpha=10,0.28955,0.24771
alpha=10,0.28144,0.25526
alpha=10,0.27345,0.26308
alpha=10,0.26559,0.27117
alpha=10,0.25787,0.27953
alpha=10,0.25029,0.28816
alpha=10,0.24284,0.29708
alpha=10,0.23553,0.30626
alpha=10,0.22837,0.31573
alpha=10,0.22134,0.32548
alpha=10,0.21446,0.3355
alpha=10,0.20772,0.3458
alpha=10,0.20112,0.35638
alpha=10,0.19467,0.36724
alpha=10,0.18837,0.37836
alpha=10,0.1822,0.38976
alpha=10,0.17618,0.40142
alpha=10,0.1703,0.41335
alpha=10,0.16456,0.42554
alpha=10,0.15897,0.43799
alpha=10,0.15351,0.45068
alpha=10,0.14819,0.46362
alpha=10,0.14301,0.47681
alpha=10,0.13797,0.49023
alpha=10,0.13306,0.50387
alpha=10,0.12828,0.51773
alpha=10,0.12363,0.5318
alpha=10,0.11911,0.54608
alpha=10,0.11472,0.56054
alpha=10,0.11046,0.57519
alpha=10,0.10631,0.59002
alpha=10,0.10229,0.605
alpha=10,0.098386,0.62013
alpha=10,0.094598,0.63539
alpha=10,0.090925,0.65077
alpha=10,0.087364,0.66625
alpha=10,0.083912,0.68182
alpha=10,0.080568,0.69746
alpha=10,0.07733,0.71313
alpha=10,0.074194,0.72882
alpha=10,0.071158,0.74445
alpha=10,0.068221,0.76
alpha=10,0.06538,0.77543
alpha=10,0.062633,0.79077
alpha=10,0.059977,0.80601
alpha=10,0.05741,0.82115
alpha=10,0.05493,0.83614
alpha=10,0.052535,0.85092
alpha=10,0.050222,0.86541
alpha=10,0.04799,0.87956
alpha=10,0.045837,0.89333
alpha=10,0.043759,0.90664
alpha=10,0.041756,0.91946
alpha=10,0.039825,0.93171
alpha=10,0.037964,0.94332
alpha=10,0.036171,0.95423
alpha=10,0.034445,0.96435
alpha=10,0.032783,0.97359
alpha=10,0.031184,0.98186
alpha=10,0.029646,0.98906
alpha=10,0.028167,0.99509
alpha=10,0.026746,0.99984
alpha=10,0.02538,1.0032
alpha=10,0.024068,1.005
alpha=10,0.022809,1.0052
alpha=10,0.021601,1.0035
alpha=10,0.020443,0.99997
alpha=10,0.019333,0.99431
alpha=10,0.018269,0.9864
alpha=10,0.01725,0.97608
alpha=10,0.016276,0.9632
alpha=10,0.015343,0.94757
alpha=10,0.014452,0.92902
alpha=10,0.013601,0.90739
alpha=10,0.012789,0.88251
alpha=10,0.012014,0.85423
alpha=10,0.011275,0.82231
alpha=10,0.010572,0.78671
alpha=10,0.0099023,0.74723
alpha=10,0.0092657,0.70367
alpha=10,0.008661,0.65607
alpha=10,0.008087,0.60422
alpha=10,0.0075428,0.54809
alpha=10,0.0070272,0.48763
alpha=10,0.0065393,0.42283
alpha=10,0.006078,0.3537
alpha=10,0.0056425,0.28029
alpha=10,0.0052316,0.20267
alpha=10,0.0048446,0.12099
alpha=10,0.0044803,0.035378
alpha=10,0.004138,-0.053945
alpha=10,0.0038166,-0.14676
alpha=10,0.0035153,-0.24282
alpha=10,0.0032332,-0.34182
alpha=10,0.0029694,-0.44345
alpha=10,0.0027231,-0.54735
alpha=10,0.0024934,-0.65318
alpha=10,0.0022795,-0.76055
alpha=10,0.0020806,-0.8691
alpha=10,0.0018959,-0.97843
alpha=10,0.0017246,-1.0882
alpha=10,0.001566,-1.198
alpha=10,0.0014194,-1.3075
alpha=10,0.001284,-1.4163
alpha=10,0.0011592,-1.5242
alpha=10,0.0010443,-1.6308
alpha=10,0.00093876,-1.7359
alpha=10,0.00084191,-1.8392
alpha=10,0.00075319,-1.9405
alpha=10,0.00067206,-2.0397
alpha=10,0.00059799,-2.1366
alpha=10,0.00053051,-2.2311
alpha=10,0.00046913,-2.3229
alpha=10,0.00041342,-2.4122
alpha=10,0.00036295,-2.4988
alpha=10,0.00031735,-2.5826
alpha=10,0.00027624,-2.6638
alpha=10,0.00023927,-2.7422
alpha=10,0.00020611,-2.8178
alpha=10,0.00017648,-2.8908
alpha=10,0.00015008,-2.961
alpha=10,0.00012665,-3.0286
alpha=10,0.00010594,-3.0936
alpha=10,8.773e-05,-3.1561
alpha=10,7.1803e-05,-3.216
alpha=10,5.7964e-05,-3.2735
alpha=10,4.6029e-05,-3.3287
alpha=10,3.5831e-05,-3.3815
alpha=10,2.7213e-05,-3.4322
alpha=10,2.003e-05,-3.4807
alpha=10,1.4151e-05,-3.5272
alpha=10,9.4511e-06,-3.5719
alpha=10,5.8186e-06,-3.6149
alpha=10,3.1491e-06,-3.656
alpha=10,1.3469e-06,-3.6931
alpha=10,3.2412e-07,-3.7224
alpha=10,0.0,-3.7708
alpha=10,3.2412e-07,-3.8155
alpha=10,1.3469e-06,-3.8438
alpha=10,3.1491e-06,-3.8826
alpha=10,5.8186e-06,-3.9225
alpha=10,9.4511e-06,-3.9644
alpha=10,1.4151e-05,-4.0078
alpha=10,2.003e-05,-4.0526
alpha=10,2.7213e-05,-4.099
alpha=10,3.5831e-05,-4.1467
alpha=10,4.6029e-05,-4.1958
alpha=10,5.7964e-05,-4.2463
alpha=10,7.1803e-05,-4.2979
alpha=10,8.773e-05,-4.3507
alpha=10,0.00010594,-4.4047
alpha=10,0.00012665,-4.4596
alpha=10,0.00015008,-4.5154
alpha=10,0.00017648,-4.5721
alpha=10,0.00020611,-4.6295
alpha=10,0.00023927,-4.6874
alpha=10,0.00027624,-4.7458
alpha=10,0.00031735,-4.8045
alpha=10,0.00036295,-4.8631
alpha=10,0.00041342,-4.9217
alpha=10,0.00046913,-4.9798
alpha=10,0.00053051,-5.0372
alpha=10,0.00059799,-5.0938
alpha=10,0.00067206,-5.149
alpha=10,0.00075319,-5.2026
alpha=10,0.00084191,-5.2544
alpha=10,0.00093876,-5.304
alpha=10,0.0010443,-5.3509
alpha=10,0.0011592,-5.395
alpha=10,0.001284,-5.4357
alpha=10,0.0014194,-5.4727
alpha=10,0.001566,-5.5058
alpha=10,0.0017246,-5.5345
alpha=10,0.0018959,-5.5587
alpha=10,0.0020806,-5.5779
alpha=10,0.0022795,-5.5919
alpha=10,0.0024934,-5.6006
alpha=10,0.0027231,-5.6038
alpha=10,0.0029694,-5.6013
alpha=10,0.0032332,-5.5931
alpha=10,0.0035153,-5.5792
alpha=10,0.0038166,-5.5597
alpha=10,0.004138,-5.5345
alpha=10,0.0044803,-5.5039
alpha=10,0.0048446,-5.468
alpha=10,0.0052316,-5.427
alpha=10,0.0056425,-5.3813
alpha=10,0.006078,-5.3309
alpha=10,0.0065393,-5.2763
alpha=10,0.0070272,-5.2178
alpha=10,0.0075428,-5.1558
alpha=10,0.008087,-5.0906
alpha=10,0.008661,-5.0223
alpha=10,0.0092657,-4.9516
alpha=10,0.0099023,-4.879
alpha=10,0.010572,-4.8038
alpha=10,0.011275,-4.7278
alpha=10,0.012014,-4.6504
alpha=10,0.012789,-4.5716
alpha=10,0.013601,-4.4929
alpha=10,0.014452,-4.4133
alpha=10,0.015343,-4.3334
alpha=10,0.016276,-4.2535
alpha=10,0.01725,-4.1739
alpha=10,0.018269,-4.0947
alpha=10,0.019333,-4.016
alpha=10,0.020443,-3.9379
alpha=10,0.021601,-3.8606
alpha=10,0.022809,-3.7842
alpha=10,0.024068,-3.7088
alpha=10,0.02538,-3.6343
alpha=10,0.026746,-3.5611
alpha=10,0.028167,-3.489
alpha=10,0.029646,-3.4181
alpha=10,0.031184,-3.3484
alpha=10,0.032783,-3.2801
alpha=10,0.034445,-3.213
alpha=10,0.036171,-3.1472
alpha=10,0.037964,-3.0827
alpha=10,0.039825,-3.0195
alpha=10,0.041756,-2.9577
alpha=10,0.043759,-2.8971
alpha=10,0.045837,-2.8378
alpha=10,0.04799,-2.7798
alpha=10,0.050222,-2.723
alpha=10,0.052535,-2.6675
alpha=10,0.05493,-2.6132
alpha=10,0.05741,-2.56
alpha=10,0.059977,-2.5081
alpha=10,0.062633,-2.4572
alpha=10,0.06538,-2.4075
alpha=10,0.068221,-2.3588
alpha=10,0.071158,-2.3113
alpha=10,0.074194,-2.2647
alpha=10,0.07733,-2.2191
alpha=10,0.080568,-2.1746
alpha=10,0.083912,-2.1309
alpha=10,0.087364,-2.0882
alpha=10,0.090925,-2.0464
alpha=10,0.094598,-2.0054
alpha=10,0.098386,-1.9653
alpha=10,0.10229,-1.926
alpha=10,0.10631,-1.8875
alpha=10,0.11046,-1.8497
alpha=10,0.11472,-1.8127
alpha=10,0.11911,-1.7764
alpha=10,0.12363,-1.7407
alpha=10,0.12828,-1.7058
alpha=10,0.13306,-1.6715
alpha=10,0.13797,-1.6378
alpha=10,0.14301,-1.6047
alpha=10,0.14819,-1.5722
alpha=10,0.15351,-1.5403
alpha=10,0.15897,-1.5089
alpha=10,0.16456,-1.478
alpha=10,0.1703,-1.4476
alpha=10,0.17618,-1.4178
alpha=10,0.1822,-1.3884
alpha=10,0.18837,-1.3595
alpha=10,0.19467,-1.3311
alpha=10,0.20112,-1.3031
alpha=10,0.20772,-1.2755
alpha=10,0.21446,-1.2483
alpha=10,0.22134,-1.2216
alpha=10,0.22837,-1.1952
alpha=10,0.23553,-1.1693
alpha=10,0.24284,-1.1437
alpha=10,0.25029,-1.1185
alpha=10,0.25787,-1.0937
alpha=10,0.26559,-1.0692
alpha=10,0.27345,-1.045
alpha=10,0.28144,-1.0213
alpha=10,0.28955,-0.99783
alpha=10,0.2978,-0.97473
alpha=10,0.30616,-0.95197
alpha=10,0.31465,-0.92954
alpha=10,0.32325,-0.90745
alpha=10,0.33197,-0.88568
alpha=10,0.34079,-0.86422
alpha=10,0.34972,-0.84309
alpha=10,0.35875,-0.82228
alpha=10,0.36787,-0.80179
alpha=10,0.37708,-0.78161
alpha=10,0.38638,-0.76175
alpha=10,0.39575,-0.74219
alpha=10,0.4052,-0.72294
alpha=10,0.41471,-0.704
alpha=10,0.42428,-0.68536
alpha=10,0.43391,-0.66703
alpha=10,0.44359,-0.649
alpha=10,0.45331,-0.63126
alpha=10,0.46306,-0.61383
alpha=10,0.47284,-0.59668
alpha=10,0.48265,-0.57982
alpha=10,0.49246,-0.56325
alpha=10,0.50229,-0.54697
alpha=10,0.51212,-0.53096
alpha=10,0.52194,-0.51524
alpha=10,0.53174,-0.49978
alpha=10,0.54153,-0.48459
alpha=10,0.55129,-0.46966
alpha=10,0.56102,-0.455
alpha=10,0.57071,-0.44059
alpha=10,0.58035,-0.42643
alpha=10,0.58993,-0.41251
alpha=10,0.59946,-0.39884
alpha=10,0.60892,-0.38539
alpha=10,0.61831,-0.37218
alpha=10,0.62763,-0.35919
alpha=10,0.63686,-0.34642
alpha=10,0.646,-0.33386
alpha=10,0.65505,-0.32151
alpha=10,0.66401,-0.30937
alpha=10,0.67286,-0.29742
alpha=10,0.6816,-0.28567
alpha=10,0.69023,-0.2741
alpha=10,0.69875,-0.26271
alpha=10,0.70715,-0.2515
alpha=10,0.71543,-0.24046
alpha=10,0.72358,-0.2296
alpha=10,0.7316,-0.2189
alpha=10,0.7395,-0.20836
alpha=10,0.74726,-0.19798
alpha=10,0.75489,-0.18775
alpha=10,0.76238,-0.17767
alpha=10,0.76973,-0.16775
alpha=10,0.77694,-0.15797
alpha=10,0.78402,-0.14834
alpha=10,0.79095,-0.13884
alpha=10,0.79774,-0.1295
alpha=10,0.80439,-0.12029
alpha=10,0.8109,-0.11122
alpha=10,0.81727,-0.10229
alpha=10,0.82349,-0.093501
alpha=10,0.82957,-0.084849
alpha=10,0.83551,-0.076335
alpha=10,0.84132,-0.067964
alpha=10,0.84698,-0.059736
alpha=10,0.8525,-0.051645
alpha=10,0.85789,-0.043698
alpha=10,0.86315,-0.035894
alpha=10,0.86827,-0.028238
alpha=10,0.87325,-0.020725
alpha=10,0.87811,-0.013355
alpha=10,0.88284,-0.0061391
alpha=10,0.88744,0.0009287
alpha=10,0.89191,0.0078428
alpha=10,0.89626,0.014603
alpha=10,0.9005,0.021215
alpha=10,0.90461,0.027674
alpha=10,0.9086,0.033974
alpha=10,0.91249,0.040125
alpha=10,0.91626,0.046117
alpha=10,0.91991,0.05195
alpha=10,0.92347,0.057635
alpha=10,0.92691,0.063167
alpha=10,0.93025,0.068539
alpha=10,0.9335,0.073763
alpha=10,0.93664,0.078839
alpha=10,0.93969,0.083761
alpha=10,0.94264,0.088534
alpha=10,0.9455,0.093165
alpha=10,0.94827,0.097647
alpha=10,0.95096,0.10199
alpha=10,0.95356,0.1062
alpha=10,0.95608,0.11027
alpha=10,0.95852,0.1142
alpha=10,0.96087,0.118
alpha=10,0.96316,0.12167
alpha=10,0.96537,0.12522
alpha=10,0.9675,0.12866
alpha=10,0.96957,0.13197
alpha=10,0.97157,0.13516
alpha=10,0.9735,0.13825
alpha=10,0.97537,0.14124
alpha=10,0.97718,0.14412
alpha=10,0.97892,0.1469
alpha=10,0.98061,0.1496
alpha=10,0.98224,0.15222
alpha=10,0.98381,0.15476
alpha=10,0.98534,0.15724
alpha=10,0.98681,0.15966
alpha=10,0.98823,0.16203
alpha=10,0.9896,0.16432
alpha=10,0.99092,0.16656
alpha=10,0.9922,0.16866
alpha=10,0.99344,0.17062
alpha=10,0.99463,0.1723
alpha=10,0.99578,0.17386
alpha=10,0.99689,0.1745
alpha=10,0.99797,0.17586
alpha=10,0.999,0.17031
alpha=10,1.0,0.18499
alpha=15,1.0,0.060268
alpha=15,0.999,0.045476
alpha=15,0.99797,0.052491
alpha=15,0.99689,0.057937
alpha=15,0.99578,0.062096
alpha=15,0.99463,0.065217
alpha=15,0.99344,0.06767
alpha=15,0.9922,0.069662
alpha=15,0.99092,0.071384
alpha=15,0.9896,0.072963
alpha=15,0.98823,0.074452
alpha=15,0.98681,0.075887
alpha=15,0.98534,0.07727
alpha=15,0.98381,0.078611
alpha=15,0.98224,0.079904
alpha=15,0.98061,0.081159
alpha=15,0.97892,0.082383
alpha=15,0.97718,0.083575
alpha=15,0.97537,0.084751
alpha=15,0.9735,0.085906
alpha=15,0.97157,0.087045
alpha=15,0.96957,0.088174
alpha=15,0.9675,0.089297
alpha=15,0.96537,0.09041
alpha=15,0.96316,0.091522
alpha=15,0.96087,0.09263
alpha=15,0.95852,0.093742
alpha=15,0.95608,0.09486
alpha=15,0.95356,0.095978
alpha=15,0.95096,0.097107
alpha=15,0.94827,0.098241
alpha=15,0.9455,0.09939
alpha=15,0.94264,0.10055
alpha=15,0.93969,0.10173
alpha=15,0.93664,0.10292
alpha=15,0.9335,0.10413
alpha=15,0.93025,0.10536
alpha=15,0.92691,0.10662
alpha=15,0.92347,0.10789
alpha=15,0.91991,0.1092
alpha=15,0.91626,0.11053
alpha=15,0.91249,0.11189
alpha=15,0.9086,0.11328
alpha=15,0.90461,0.1147
alpha=15,0.9005,0.11615
alpha=15,0.89626,0.11765
alpha=15,0.89191,0.11917
alpha=15,0.88744,0.12074
alpha=15,0.88284,0.12235
alpha=15,0.87811,0.124
alpha=15,0.87325,0.12569
alpha=15,0.86827,0.12743
alpha=15,0.86315,0.12921
alpha=15,0.85789,0.13104
alpha=15,0.8525,0.13292
alpha=15,0.84698,0.13486
alpha=15,0.84132,0.13684
alpha=15,0.83551,0.13888
alpha=15,0.82957,0.14098
alpha=15,0.82349,0.14313
alpha=15,0.81727,0.14534
alpha=15,0.8109,0.1476
alpha=15,0.80439,0.14993
alpha=15,0.79774,0.15232
alpha=15,0.79095,0.15478
alpha=15,0.78402,0.15729
alpha=15,0.77694,0.15989
alpha=15,0.76973,0.16253
alpha=15,0.76238,0.16526
alpha=15,0.75489,0.16805
alpha=15,0.74726,0.17092
alpha=15,0.7395,0.17386
alpha=15,0.7316,0.17687
alpha=15,0.72358,0.17995
alpha=15,0.71543,0.18312
alpha=15,0.70715,0.18637
alpha=15,0.69875,0.1897
alpha=15,0.69023,0.19312
alpha=15,0.6816,0.19661
alpha=15,0.67286,0.2002
alpha=15,0.66401,0.20387
alpha=15,0.65505,0.20764
alpha=15,0.646,0.21151
alpha=15,0.63686,0.21546
alpha=15,0.62763,0.21953
alpha=15,0.61831,0.22369
alpha=15,0.60892,0.22796
alpha=15,0.59946,0.23234
alpha=15,0.58993,0.23684
alpha=15,0.58035,0.24145
alpha=15,0.57071,0.24618
alpha=15,0.56102,0.25104
alpha=15,0.55129,0.25603
alpha=15,0.54153,0.26115
alpha=15,0.53174,0.26641
alpha=15,0.52194,0.2718
alpha=15,0.51212,0.27736
alpha=15,0.50229,0.28305
alpha=15,0.49246,0.28891
alpha=15,0.48265,0.29493
alpha=15,0.47284,0.30111
alpha=15,0.46306,0.30747
alpha=15,0.45331,0.314
alpha=15,0.44359,0.32072
alpha=15,0.43391,0.32762
alpha=15,0.42428,0.33471
alpha=15,0.41471,0.342
alpha=15,0.4052,0.34949
alpha=15,0.39575,0.35718
alpha=15,0.38638,0.36508
alpha=15,0.37708,0.37319
alpha=15,0.36787,0.38152
alpha=15,0.35875,0.39006
alpha=15,0.34972,0.39883
alpha=15,0.34079,0.40781
alpha=15,0.33197,0.41703
alpha=15,0.32325,0.42647
alpha=15,0.31465,0.43613
alpha=15,0.30616,0.44602
alpha=15,0.2978,0.45614
alpha=15,0.28955,0.46649
alpha=15,0.28144,0.47706
alpha=15,0.27345,0.48786
alpha=15,0.26559,0.49887
alpha=15,0.25787,0.51011
alpha=15,0.25029,0.52155
alpha=15,0.24284,0.53321
alpha=15,0.23553,0.54506
alpha=15,0.22837,0.55712
alpha=15,0.22134,0.56937
alpha=15,0.21446,0.58181
alpha=15,0.20772,0.59442
alpha=15,0.20112,0.60719
alpha=15,0.19467,0.62012
alpha=15,0.18837,0.6332
alpha=15,0.1822,0.64641
alpha=15,0.17618,0.65975
alpha=15,0.1703,0.67319
alpha=15,0.16456,0.68673
alpha=15,0.15897,0.70035
alpha=15,0.15351,0.71404
alpha=15,0.14819,0.72777
alpha=15,0.14301,0.74153
alpha=15,0.13797,0.75529
alpha=15,0.13306,0.76905
alpha=15,0.12828,0.78277
alpha=15,0.12363,0.79643
alpha=15,0.11911,0.81
alpha=15,0.11472,0.82344
alpha=15,0.11046,0.83672
alpha=15,0.10631,0.84978
alpha=15,0.10229,0.86262
alpha=15,0.098386,0.87522
alpha=15,0.094598,0.88757
alpha=15,0.090925,0.89961
alpha=15,0.087364,0.91132
alpha=15,0.083912,0.92262
alpha=15,0.080568,0.93347
alpha=15,0.07733,0.94381
alpha=15,0.074194,0.95359
alpha=15,0.071158,0.96274
alpha=15,0.068221,0.9712
alpha=15,0.06538,0.97891
alpha=15,0.062633,0.9858
alpha=15,0.059977,0.9918
alpha=15,0.05741,0.99681
alpha=15,0.05493,1.0008
alpha=15,0.052535,1.0035
alpha=15,0.050222,1.0051
alpha=15,0.04799,1.0052
alpha=15,0.045837,1.0039
alpha=15,0.043759,1.001
alpha=15,0.041756,0.99643
alpha=15,0.039825,0.98996
alpha=15,0.037964,0.98151
alpha=15,0.036171,0.97091
alpha=15,0.034445,0.95802
alpha=15,0.032783,0.94266
alpha=15,0.031184,0.92465
alpha=15,0.029646,0.90382
alpha=15,0.028167,0.87996
alpha=15,0.026746,0.85288
alpha=15,0.02538,0.82235
alpha=15,0.024068,0.78818
alpha=15,0.022809,0.75011
alpha=15,0.021601,0.70791
alpha=15,0.020443,0.66135
alpha=15,0.019333,0.61017
alpha=15,0.018269,0.55413
alpha=15,0.01725,0.49296
alpha=15,0.016276,0.42642
alpha=15,0.015343,0.35423
alpha=15,0.014452,0.27616
alpha=15,0.013601,0.19196
alpha=15,0.012789,0.10144
alpha=15,0.012014,0.0044785
alpha=15,0.011275,-0.099514
alpha=15,0.010572,-0.21019
alpha=15,0.0099023,-0.32797
alpha=15,0.0092657,-0.45316
alpha=15,0.008661,-0.58529
alpha=15,0.008087,-0.7248
alpha=15,0.0075428,-0.87148
alpha=15,0.0070272,-1.0252
alpha=15,0.0065393,-1.1858
alpha=15,0.006078,-1.3532
alpha=15,0.0056425,-1.527
alpha=15,0.0052316,-1.7072
alpha=15,0.0048446,-1.8934
alpha=15,0.0044803,-2.0852
alpha=15,0.004138,-2.2823
alpha=15,0.0038166,-2.4838
alpha=15,0.0035153,-2.6893
alpha=15,0.0032332,-2.8979
alpha=15,0.0029694,-3.1091
alpha=15,0.0027231,-3.3221
alpha=15,0.0024934,-3.5361
alpha=15,0.0022795,-3.7506
alpha=15,0.0020806,-3.9648
alpha=15,0.0018959,-4.1781
alpha=15,0.0017246,-4.3898
alpha=15,0.001566,-4.5992
alpha=15,0.0014194,-4.8058
alpha=15,0.001284,-5.0091
alpha=15,0.0011592,-5.2085
alpha=15,0.0010443,-5.4036
alpha=15,0.00093876,-5.5941
alpha=15,0.00084191,-5.7797
alpha=15,0.00075319,-5.96
alpha=15,0.00067206,-6.1349
alpha=15,0.00059799,-6.3042
alpha=15,0.00053051,-6.4678
alpha=15,0.00046913,-6.6255
alpha=15,0.00041342,-6.7775
alpha=15,0.00036295,-6.9237
alpha=15,0.00031735,-7.0641
alpha=15,0.00027624,-7.1988
alpha=15,0.00023927,-7.3279
alpha=15,0.00020611,-7.4516
alpha=15,0.00017648,-7.57
alpha=15,0.00015008,-7.6831
alpha=15,0.00012665,-7.7913
alpha=15,0.00010594,-7.8947
alpha=15,8.773e-05,-7.9934
alpha=15,7.1803e-05,-8.0877
alpha=15,5.7964e-05,-8.1776
alpha=15,4.6029e-05,-8.2635
alpha=15,3.5831e-05,-8.3455
alpha=15,2.7213e-05,-8.4237
alpha=15,2.003e-05,-8.4983
alpha=15,1.4151e-05,-8.5696
alpha=15,9.4511e-06,-8.6377
alpha=15,5.8186e-06,-8.7028
alpha=15,3.1491e-06,-8.7651
alpha=15,1.3469e-06,-8.8226
alpha=15,3.2412e-07,-8.8684
alpha=15,0.0,-8.9364
alpha=15,3.2412e-07,-9.0019
alpha=15,1.3469e-06,-9.0471
alpha=15,3.1491e-06,-9.1046
alpha=15,5.8186e-06,-9.1632
alpha=15,9.4511e-06,-9.2242
alpha=15,1.4151e-05,-9.2865
alpha=15,2.003e-05,-9.3503
alpha=15,2.7213e-05,-9.4156
alpha=15,3.5831e-05,-9.4822
alpha=15,4.6029e-05,-9.55
alpha=15,5.7964e-05,-9.619
alpha=15,7.1803e-05,-9.689
alpha=15,8.773e-05,-9.76
alpha=15,0.00010594,-9.8316
alpha=15,0.00012665,-9.9038
alpha=15,0.00015008,-9.9763
alpha=15,0.00017648,-10.049
alpha=15,0.00020611,-10.121
alpha=15,0.00023927,-10.192
alpha=15,0.00027624,-10.263
alpha=15,0.00031735,-10.332
alpha=15,0.00036295,-10.399
alpha=15,0.00041342,-10.464
alpha=15,0.00046913,-10.526
alpha=15,0.00053051,-10.585
alpha=15,0.00059799,-10.64
alpha=15,0.00067206,-10.691
alpha=15,0.00075319,-10.737
alpha=15,0.00084191,-10.778
alpha=15,0.00093876,-10.812
alpha=15,0.0010443,-10.84
alpha=15,0.0011592,-10.86
alpha=15,0.001284,-10.873
alpha=15,0.0014194,-10.877
alpha=15,0.001566,-10.872
alpha=15,0.0017246,-10.858
alpha=15,0.0018959,-10.835
alpha=15,0.0020806,-10.801
alpha=15,0.0022795,-10.757
alpha=15,0.0024934,-10.703
alpha=15,0.0027231,-10.639
alpha=15,0.0029694,-10.565
alpha=15,0.0032332,-10.48
alpha=15,0.0035153,-10.385
alpha=15,0.0038166,-10.281
alpha=15,0.004138,-10.168
alpha=15,0.0044803,-10.046
alpha=15,0.0048446,-9.916
alpha=15,0.0052316,-9.7785
alpha=15,0.0056425,-9.6343
alpha=15,0.006078,-9.4841
alpha=15,0.0065393,-9.3284
alpha=15,0.0070272,-9.168
alpha=15,0.0075428,-9.0037
alpha=15,0.008087,-8.836
alpha=15,0.008661,-8.6655
alpha=15,0.0092657,-8.4931
alpha=15,0.0099023,-8.3197
alpha=15,0.010572,-8.1445
alpha=15,0.011275,-7.9701
alpha=15,0.012014,-7.7958
alpha=15,0.012789,-7.6215
alpha=15,0.013601,-7.4494
alpha=15,0.014452,-7.2782
alpha=15,0.015343,-7.1088
alpha=15,0.016276,-6.9415
alpha=15,0.01725,-6.7767
alpha=15,0.018269,-6.6145
alpha=15,0.019333,-6.4551
alpha=15,0.020443,-6.2986
alpha=15,0.021601,-6.1451
alpha=15,0.022809,-5.9948
alpha=15,0.024068,-5.8476
alpha=15,0.02538,-5.7037
alpha=15,0.026746,-5.5632
alpha=15,0.028167,-5.4259
alpha=15,0.029646,-5.2919
alpha=15,0.031184,-5.1612
alpha=15,0.032783,-5.0338
alpha=15,0.034445,-4.9096
alpha=15,0.036171,-4.7886
alpha=15,0.037964,-4.6707
alpha=15,0.039825,-4.556
alpha=15,0.041756,-4.4442
alpha=15,0.043759,-4.3354
alpha=15,0.045837,-4.2295
alpha=15,0.04799,-4.1264
alpha=15,0.050222,-4.0261
alpha=15,0.052535,-3.9284
alpha=15,0.05493,-3.8334
alpha=15,0.05741,-3.7409
alpha=15,0.059977,-3.6508
alpha=15,0.062633,-3.5632
alpha=15,0.06538,-3.4778
alpha=15,0.068221,-3.3947
alpha=15,0.071158,-3.3138
alpha=15,0.074194,-3.235
alpha=15,0.07733,-3.1582
alpha=15,0.080568,-3.0833
alpha=15,0.083912,-3.0104
alpha=15,0.087364,-2.9394
alpha=15,0.090925,-2.8701
alpha=15,0.094598,-2.8025
alpha=15,0.098386,-2.7366
alpha=15,0.10229,-2.6723
alpha=15,0.10631,-2.6096
alpha=15,0.11046,-2.5483
alpha=15,0.11472,-2.4885
alpha=15,0.11911,-2.4301
alpha=15,0.12363,-2.3731
alpha=15,0.12828,-2.3173
alpha=15,0.13306,-2.2629
alpha=15,0.13797,-2.2096
alpha=15,0.14301,-2.1575
alpha=15,0.14819,-2.1066
alpha=15,0.15351,-2.0567
alpha=15,0.15897,-2.0079
alpha=15,0.16456,-1.9602
alpha=15,0.1703,-1.9134
alpha=15,0.17618,-1.8676
alpha=15,0.1822,-1.8227
alpha=15,0.18837,-1.7788
alpha=15,0.19467,-1.7357
alpha=15,0.20112,-1.6935
alpha=15,0.20772,-1.6521
alpha=15,0.21446,-1.6115
alpha=15,0.22134,-1.5717
alpha=15,0.22837,-1.5326
alpha=15,0.23553,-1.4943
alpha=15,0.24284,-1.4567
alpha=15,0.25029,-1.4199
alpha=15,0.25787,-1.3837
alpha=15,0.26559,-1.3481
alpha=15,0.27345,-1.3133
alpha=15,0.28144,-1.2791
alpha=15,0.28955,-1.2455
alpha=15,0.2978,-1.2125
alpha=15,0.30616,-1.1801
alpha=15,0.31465,-1.1483
alpha=15,0.32325,-1.1171
alpha=15,0.33197,-1.0865
alpha=15,0.34079,-1.0564
alpha=15,0.34972,-1.0269
alpha=15,0.35875,-0.99794
alpha=15,0.36787,-0.9695
alpha=15,0.37708,-0.9416
alpha=15,0.38638,-0.91421
alpha=15,0.39575,-0.88733
alpha=15,0.4052,-0.86095
alpha=15,0.41471,-0.83507
alpha=15,0.42428,-0.80968
alpha=15,0.43391,-0.78477
alpha=15,0.44359,-0.76033
alpha=15,0.45331,-0.73636
alpha=15,0.46306,-0.71284
alpha=15,0.47284,-0.68979
alpha=15,0.48265,-0.66717
alpha=15,0.49246,-0.64499
alpha=15,0.50229,-0.62325
alpha=15,0.51212,-0.60193
alpha=15,0.52194,-0.58104
alpha=15,0.53174,-0.56055
alpha=15,0.54153,-0.54047
alpha=15,0.55129,-0.52079
alpha=15,0.56102,-0.50151
alpha=15,0.57071,-0.48263
alpha=15,0.58035,-0.46413
alpha=15,0.58993,-0.44601
alpha=15,0.59946,-0.42827
alpha=15,0.60892,-0.4109
alpha=15,0.61831,-0.39391
alpha=15,0.62763,-0.37729
alpha=15,0.63686,-0.36104
alpha=15,0.646,-0.34515
alpha=15,0.65505,-0.32964
alpha=15,0.66401,-0.31448
alpha=15,0.67286,-0.29969
alpha=15,0.6816,-0.28527
alpha=15,0.69023,-0.27121
alpha=15,0.69875,-0.25752
alpha=15,0.70715,-0.24419
alpha=15,0.71543,-0.23124
alpha=15,0.72358,-0.21865
alpha=15,0.7316,-0.20644
alpha=15,0.7395,-0.19459
alpha=15,0.74726,-0.18312
alpha=15,0.75489,-0.17201
alpha=15,0.76238,-0.16129
alpha=15,0.76973,-0.15092
alpha=15,0.77694,-0.14093
alpha=15,0.78402,-0.1313
alpha=15,0.79095,-0.12204
alpha=15,0.79774,-0.11314
alpha=15,0.80439,-0.10458
alpha=15,0.8109,-0.096383
alpha=15,0.81727,-0.088526
alpha=15,0.82349,-0.081008
alpha=15,0.82957,-0.073818
alpha=15,0.83551,-0.066946
alpha=15,0.84132,-0.060393
alpha=15,0.84698,-0.054141
alpha=15,0.8525,-0.04818
alpha=15,0.85789,-0.042506
alpha=15,0.86315,-0.037112
alpha=15,0.86827,-0.031978
alpha=15,0.87325,-0.027099
alpha=15,0.87811,-0.022463
alpha=15,0.88284,-0.01806
alpha=15,0.88744,-0.01388
alpha=15,0.89191,-0.0099114
alpha=15,0.89626,-0.0061497
alpha=15,0.9005,-0.0025787
alpha=15,0.90461,0.00080684
alpha=15,0.9086,0.0040175
alpha=15,0.91249,0.007064
alpha=15,0.91626,0.0099515
alpha=15,0.91991,0.012685
alpha=15,0.92347,0.015287
alpha=15,0.92691,0.017745
alpha=15,0.93025,0.020082
alpha=15,0.9335,0.022302
alpha=15,0.93664,0.024405
alpha=15,0.93969,0.026397
alpha=15,0.94264,0.028294
alpha=15,0.9455,0.030095
alpha=15,0.94827,0.031801
alpha=15,0.95096,0.033428
alpha=15,0.95356,0.03497
alpha=15,0.95608,0.036437
alpha=15,0.95852,0.037831
alpha=15,0.96087,0.03916
alpha=15,0.96316,0.040427
alpha=15,0.96537,0.041629
alpha=15,0.9675,0.042779
alpha=15,0.96957,0.043871
alpha=15,0.97157,0.044914
alpha=15,0.9735,0.045916
alpha=15,0.97537,0.046864
alpha=15,0.97718,0.047775
alpha=15,0.97892,0.04865
alpha=15,0.98061,0.049487
alpha=15,0.98224,0.050292
alpha=15,0.98381,0.05106
alpha=15,0.98534,0.051802
alpha=15,0.98681,0.052507
alpha=15,0.98823,0.053179
alpha=15,0.9896,0.053805
alpha=15,0.99092,0.054377
alpha=15,0.9922,0.054848
alpha=15,0.99344,0.05524
alpha=15,0.99463,0.055384
alpha=15,0.99578,0.055882
alpha=15,0.99689,0.055426
alpha=15,0.99797,0.058849
alpha=15,0.999,0.045587
alpha=15,1.0,0.053481
