y,u,v,w,k,omega,p,nut,R_xx,R_yy,R_zz,R_xy,R_xz,R_yz
1e-10,1.3157966e-08,-3.2523925e-11,-4.1160637e-11,0.0007616362,266110.2,325.8371,1.0185636e-12,0.0005077575,0.0005077575,0.0005077575,-6.922994e-11,6.088712e-23,2.1656448e-13
0.0001,0.013157966,-3.2523923e-05,-4.1160638e-05,0.0008156045,260838.77,325.68182,1.0185636e-06,0.00054375775,0.00054419076,0.00054357655,-6.7896406e-05,6.088712e-11,2.1152051e-07
0.000104712855,0.013778082,-3.4056728e-05,-4.3100477e-05,0.00081814796,260590.33,325.6745,1.0665669e-06,0.0005454555,0.00054591335,0.0005452568,-7.1030445e-05,6.6761395e-11,2.2124021e-07
0.000109647821,0.0144274235,-3.566177e-05,-4.5131743e-05,0.0008208113,260330.19,325.66684,1.1168328e-06,0.00054723327,0.0005477177,0.0005470154,-7.430586e-05,7.3202416e-11,2.3139405e-07
0.000114815364,0.015107367,-3.734246e-05,-4.7258734e-05,0.00082360016,260057.78,325.6588,1.1694675e-06,0.000549095,0.0005496076,0.0005488561,-7.772867e-05,8.026485e-11,2.4200006e-07
0.000120226446,0.015819356,-3.910236e-05,-4.948597e-05,0.0008265204,259772.55,325.65042,1.2245828e-06,0.0005510445,0.0005515872,0.0005507826,-8.130515e-05,8.800866e-11,2.5307702e-07
0.000125892544,0.016564898,-4.0945197e-05,-5.1818173e-05,0.00082957826,259473.86,325.64163,1.2822956e-06,0.0005530861,0.00055366085,0.00055279897,-8.5041815e-05,9.649958e-11,2.6464437e-07
0.000131825678,0.01734558,-4.2874883e-05,-5.426029e-05,0.0008327803,259161.1,325.63242,1.3427283e-06,0.0005552241,0.000555833,0.0005549092,-8.894542e-05,1.0580969e-10,2.7672215e-07
0.000138038431,0.01816305,-4.4895514e-05,-5.68175e-05,0.0008361332,258833.6,325.62277,1.4060091e-06,0.0005574629,0.0005581083,0.00055711763,-9.302292e-05,1.16018015e-10,2.8933107e-07
0.000144543983,0.019019047,-4.7011374e-05,-5.949522e-05,0.00083964417,258490.66,325.61267,1.4722723e-06,0.00055980746,0.0005604918,0.00055942894,-9.7281554e-05,1.2721121e-10,3.0249257e-07
0.000151356132,0.019915389,-4.922695e-05,-6.229914e-05,0.0008433206,258131.56,325.60208,1.5416584e-06,0.0005622628,0.0005629887,0.00056184764,-0.00010172881,1.3948434e-10,3.1622855e-07
0.000158489327,0.020853972,-5.1546944e-05,-6.523522e-05,0.0008471703,257755.55,325.591,1.6143146e-06,0.0005648339,0.00056560436,0.0005643788,-0.00010637237,1.5294152e-10,3.3056168e-07
0.0001659587,0.02183679,-5.397628e-05,-6.830966e-05,0.00085120136,257361.8,325.5794,1.6903948e-06,0.0005675265,0.0005683445,0.0005670274,-0.000111220244,1.6769705e-10,3.4551528e-07
0.000173780093,0.022865927,-5.6520104e-05,-7.152899e-05,0.00085542246,256949.5,325.5673,1.7700607e-06,0.00057034625,0.0005712151,0.00056979904,-0.00011628064,1.8387618e-10,3.611134e-07
0.000181970098,0.023943564,-5.9183818e-05,-7.490005e-05,0.00085984246,256517.77,325.55457,1.8534811e-06,0.0005732991,0.00057422253,0.0005726992,-0.00012156203,2.0161624e-10,3.7738042e-07
0.000190546085,0.02507199,-6.197306e-05,-7.8429985e-05,0.0008644708,256065.69,325.54126,1.940833e-06,0.0005763915,0.00057737326,0.00057573366,-0.00012707316,2.210678e-10,3.9434158e-07
0.000199526246,0.026253596,-6.4893764e-05,-8.212627e-05,0.0008693172,255592.31,325.5273,2.0323016e-06,0.00057962997,0.0005806742,0.00057890866,-0.000132823,2.42396e-10,4.1202253e-07
0.00020892963,0.02749089,-6.795211e-05,-8.599676e-05,0.00087439205,255096.62,325.5127,2.1280812e-06,0.0005830214,0.0005841327,0.00058223045,-0.00013882076,2.6578198e-10,4.304496e-07
0.000218776181,0.028786495,-7.1154594e-05,-9.0049674e-05,0.0008797061,254577.56,325.4974,2.2283746e-06,0.0005865731,0.00058775634,0.00058570586,-0.0001450759,2.9142413e-10,4.4964952e-07
0.000229086786,0.030143162,-7.450801e-05,-9.429358e-05,0.0008852706,254034.05,325.4814,2.3333946e-06,0.0005902927,0.0005915531,0.00058934174,-0.00015159814,3.1954017e-10,4.6964942e-07
0.000239883315,0.031563766,-7.801946e-05,-9.87375e-05,0.0008910973,253464.92,325.46463,2.443364e-06,0.00059418794,0.00059553125,0.00059314526,-0.00015839738,3.5036887e-10,4.90477e-07
0.000251188668,0.03305132,-8.169641e-05,-0.000103390856,0.0008971986,252868.97,325.44708,2.5585161e-06,0.0005982674,0.00059969985,0.00059712416,-0.00016548371,3.841718e-10,5.1216e-07
0.000263026827,0.03460898,-8.554664e-05,-0.00010826351,0.00090358744,252244.92,325.4287,2.6790954e-06,0.00060253957,0.0006040678,0.00060128607,-0.0001728675,4.2123602e-10,5.3472684e-07
0.000275422901,0.036240052,-8.957833e-05,-0.000113365815,0.0009102774,251591.47,325.40945,2.8053573e-06,0.0006070139,0.0006086451,0.00060563936,-0.00018055919,4.6187612e-10,5.582056e-07
0.000288403183,0.037947994,-9.380003e-05,-0.000118708595,0.0009172827,250907.22,325.3893,2.9375697e-06,0.00061169977,0.0006134418,0.0006101926,-0.00018856945,5.0643706e-10,5.826248e-07
0.000301995208,0.039736424,-9.8220684e-05,-0.00012430314,0.0009246181,250190.73,325.3682,3.0760132e-06,0.0006166071,0.00061846856,0.0006149546,-0.00019690908,5.552972e-10,6.080126e-07
0.000316227806,0.041609146,-0.000102849684,-0.00013016138,0.00093229924,249440.47,325.3461,3.2209812e-06,0.0006217467,0.0006237367,0.0006199348,-0.00020558895,6.088713e-10,6.3439717e-07
0.000331131165,0.043570127,-0.00010769684,-0.0001362957,0.00094034226,248654.84,325.32297,3.3727813e-06,0.0006271294,0.000629258,0.0006251426,-0.00021461993,6.676141e-10,6.6180627e-07
0.000346736897,0.045623522,-0.000112772446,-0.00014271912,0.00094876444,247832.2,325.29874,3.5317357e-06,0.00063276675,0.0006350448,0.0006305883,-0.00022401309,7.3202433e-10,6.902669e-07
0.000363078106,0.047773693,-0.00011808724,-0.00014944526,0.00095758354,246970.78,325.27338,3.6981812e-06,0.000638671,0.00064111024,0.0006362824,-0.00023377928,8.026487e-10,7.1980554e-07
0.000380189451,0.0500252,-0.00012365253,-0.0001564884,0.00096681825,246068.77,325.2468,3.872471e-06,0.0006448546,0.0006474679,0.00064223557,-0.00024392943,8.800868e-10,7.504475e-07
0.00039810723,0.052382812,-0.00012948009,-0.00016386347,0.00097648817,245124.25,325.219,4.0549753e-06,0.0006513311,0.0006541323,0.00064845936,-0.00025447423,9.649961e-10,7.8221706e-07
0.000416869448,0.05485154,-0.00013558229,-0.00017158613,0.0009866138,244135.22,325.18985,4.24608e-06,0.00065811427,0.0006611184,0.00065496546,-0.00026542423,1.0580972e-09,8.151367e-07
0.000436515902,0.057436615,-0.0001419721,-0.00017967273,0.0009972168,243099.56,325.15936,4.4461917e-06,0.00066521874,0.0006684424,0.00066176616,-0.00027678965,1.1601803e-09,8.492271e-07
0.000457088265,0.06014352,-0.00014866304,-0.00018814045,0.0010083193,242015.11,325.1274,4.6557343e-06,0.0006726598,0.0006761207,0.0006688741,-0.00028858034,1.2721124e-09,8.845069e-07
0.000478630174,0.06297799,-0.0001556693,-0.00019700723,0.0010199451,240879.53,325.09396,4.8751526e-06,0.0006804534,0.00068417104,0.0006763025,-0.00030080578,1.3948438e-09,9.2099185e-07
0.000501187321,0.06594606,-0.00016300578,-0.0002062919,0.0010321188,239690.45,325.05893,5.1049115e-06,0.00068861654,0.000692612,0.00068406516,-0.0003134747,1.5294156e-09,9.586945e-07
0.000524807555,0.069054,-0.00017068801,-0.00021601413,0.0010448663,238445.33,325.02228,5.3454987e-06,0.00069716666,0.00070146297,0.00069217617,-0.00032659524,1.6769711e-09,9.976238e-07
0.000549540976,0.07230841,-0.00017873228,-0.00022619458,0.0010582146,237141.52,324.98386,5.597424e-06,0.0007061223,0.0007107444,0.0007006504,-0.00034017465,1.8387621e-09,1.0377845e-06
0.000575440047,0.075716205,-0.00018715567,-0.00023685479,0.0010721919,235776.27,324.94366,5.8612227e-06,0.0007155028,0.0007204781,0.00070950296,-0.00035421917,2.0161628e-09,1.0791766e-06
0.000602559704,0.0792846,-0.00019597606,-0.0002480174,0.001086828,234346.67,324.90155,6.1374535e-06,0.0007253285,0.00073068653,0.00071874977,-0.00036873383,2.2106783e-09,1.1217941e-06
0.000630957471,0.08302117,-0.00020521211,-0.0002597061,0.0011021538,232849.7,324.85745,6.426703e-06,0.0007356207,0.0007413939,0.0007284072,-0.0003837223,2.4239608e-09,1.165625e-06
0.000660693583,0.08693384,-0.00021488348,-0.0002719457,0.0011182019,231282.19,324.81128,6.729584e-06,0.00074640155,0.00075262523,0.0007384921,-0.00039918665,2.6578202e-09,1.2106495e-06
0.000691831116,0.0910309,-0.00022501062,-0.0002847621,0.0011350063,229640.8,324.76294,7.0467395e-06,0.0007576946,0.00076440716,0.0007490221,-0.00041512703,2.9142415e-09,1.2568398e-06
0.000724436116,0.09532105,-0.00023561504,-0.0002981825,0.0011526026,227922.05,324.7123,7.3788424e-06,0.00076952425,0.00077676756,0.00076001504,-0.00043154156,3.1954026e-09,1.304159e-06
0.000758577742,0.0998134,-0.00024671922,-0.00031223544,0.0011710284,226122.3,324.6593,7.726597e-06,0.0007819164,0.0007897361,0.00077148975,-0.00044842577,3.5036896e-09,1.3525586e-06
0.000794328413,0.10451746,-0.00025834676,-0.00032695063,0.0011903225,224237.72,324.60382,8.090739e-06,0.0007948978,0.0008033439,0.0007834652,-0.0004657724,3.841719e-09,1.4019788e-06
0.000831763962,0.109443225,-0.00027052226,-0.00034235936,0.0012105257,222264.33,324.5457,8.472045e-06,0.00080849684,0.00081762375,0.0007959613,-0.00048357135,4.212362e-09,1.4523466e-06
0.000870963795,0.11460112,-0.0002832716,-0.00035849423,0.0012316813,220197.94,324.48483,8.87132e-06,0.00082274334,0.00083261024,0.0008089985,-0.0005018084,4.6187623e-09,1.5035724e-06
0.000912011058,0.1200021,-0.00029662176,-0.00037538956,0.0012538339,218034.16,324.42108,9.289412e-06,0.00083766825,0.0008483399,0.0008225972,-0.0005204657,5.0643725e-09,1.5555513e-06
0.00095499282,0.12565763,-0.0003106011,-0.00039308114,0.0012770304,215768.4,324.35437,9.727209e-06,0.0008533043,0.0008648515,0.00083677925,-0.0005395207,5.5529736e-09,1.608158e-06
0.00100000025,0.1315797,-0.0003252393,-0.00041160645,0.0013013202,213395.88,324.2845,1.01856385e-05,0.00086968567,0.00088218565,0.00085156626,-0.00055894564,6.0887153e-09,1.6612463e-06
0.00104712882,0.13778085,-0.00034056738,-0.0004310049,0.0013267548,210911.52,324.2113,1.0665673e-05,0.0008868484,0.0009003854,0.0008669808,-0.0005787069,6.676143e-09,1.7146465e-06
0.00109647848,0.14427426,-0.00035661782,-0.00045131755,0.001353388,208310.08,324.1347,1.116833e-05,0.00090483006,0.00091949635,0.0008830458,-0.0005987647,7.3202453e-09,1.768162e-06
0.00114815393,0.15107371,-0.0003734247,-0.00047258748,0.0013812764,205586.05,324.05447,1.1694678e-05,0.0009236705,0.00093956647,0.00089978444,-0.0006190715,8.026489e-09,1.8215662e-06
0.00120226476,0.15819359,-0.00039102364,-0.0004948598,0.0014104791,202733.64,323.97046,1.22458305e-05,0.00094341097,0.00096064666,0.0009172205,-0.000639572,8.800871e-09,1.8746e-06
0.00125892576,0.16564903,-0.00040945204,-0.0005181819,0.0014410581,199746.78,323.88248,1.2822959e-05,0.00096409523,0.0009827907,0.00093537796,-0.00066020177,9.6499635e-09,1.9269676e-06
0.00131825711,0.17345582,-0.00042874893,-0.000542603,0.0014730784,196619.17,323.79034,1.3427287e-05,0.0009857691,0.0010060556,0.00095428125,-0.0006808859,1.0580974e-08,1.9783317e-06
0.00138038466,0.18163054,-0.00044895525,-0.00056817516,0.0015066075,193344.17,323.6939,1.4060095e-05,0.0010084806,0.0010305017,0.0009739547,-0.00070153864,1.1601809e-08,2.0283103e-06
0.00144544019,0.19019052,-0.00047011382,-0.0005949524,0.0015417171,189914.81,323.5929,1.4722727e-05,0.0010322799,0.0010561926,0.0009944232,-0.0007220614,1.2721128e-08,2.076471e-06
0.00151356169,0.19915393,-0.00049226964,-0.0006229916,0.001578481,186323.83,323.48712,1.5416588e-05,0.0010572204,0.0010831959,0.0010157113,-0.00074234145,1.39484415e-08,2.1223254e-06
0.00158489367,0.20853977,-0.0005154696,-0.00065235235,0.0016169779,182563.61,323.37637,1.6143149e-05,0.0010833577,0.0011115837,0.0010378439,-0.00076225086,1.529416e-08,2.1653236e-06
0.00165958741,0.21836795,-0.00053976296,-0.00068309676,0.0016572888,178626.19,323.2604,1.6903952e-05,0.0011107499,0.0011414314,0.001060845,-0.00078164396,1.6769715e-08,2.2048464e-06
0.00173780137,0.22865932,-0.00056520116,-0.0007152901,0.0016994997,174503.19,323.13898,1.7700611e-05,0.0011394589,0.0011728201,0.0010847392,-0.0008003562,1.8387626e-08,2.2401996e-06
0.00181970143,0.23943569,-0.0005918383,-0.00074900076,0.0017436998,170185.88,323.0118,1.8534816e-05,0.0011695487,0.0012058351,0.0011095499,-0.00081820163,2.016163e-08,2.2706045e-06
0.00190546133,0.25071996,-0.00061973074,-0.00078430003,0.0017899831,165665.11,322.87866,1.9408335e-05,0.0012010876,0.0012405675,0.0011353001,-0.00083497056,2.2106793e-08,2.29519e-06
0.00199526296,0.26253602,-0.00064893777,-0.00082126295,0.0018384474,160931.28,322.73923,2.0323021e-05,0.0012341464,0.0012771134,0.0011620119,-0.0008504275,2.4239613e-08,2.3129817e-06
0.00208929682,0.26318577,-0.0010602464,-0.00082576746,0.0018913923,155643.95,322.3261,2.1539168e-05,0.0012668924,0.0013188816,0.0011931196,-0.0008709039,2.802051e-08,2.3445132e-06
0.00218776236,0.26321492,-0.0015120879,-0.0008285844,0.0019469543,150089.1,321.8787,2.2826982e-05,0.0013006894,0.0013632195,0.0012258476,-0.000888994,3.234786e-08,2.3656949e-06
0.00229086843,0.26324546,-0.001985224,-0.0008315342,0.0020051347,144272.44,321.4102,2.4175486e-05,0.0013356438,0.0014101102,0.0012600869,-0.0009038272,3.7199865e-08,2.373484e-06
0.00239883375,0.26327744,-0.0024806587,-0.00083462294,0.0020660572,138181.64,320.9196,2.5587546e-05,0.001371768,0.0014597189,0.0012959053,-0.00091485365,4.2632205e-08,2.365861e-06
0.00251188731,0.2633109,-0.002999442,-0.00083785725,0.0021298511,131803.81,320.40585,2.7066153e-05,0.0014090709,0.0015122227,0.0013333743,-0.00092145894,4.870616e-08,2.340578e-06
0.00263026893,0.26334596,-0.0035426752,-0.000841244,0.0021966512,125125.39,319.86795,2.8614444e-05,0.0014475583,0.0015678118,0.001372568,-0.00092295837,5.5489153e-08,2.2951326e-06
0.00275422969,0.26338267,-0.00411151,-0.0008447904,0.0022665996,118132.234,319.30466,3.0235706e-05,0.0014872296,0.0016266903,0.0014135631,-0.0009185886,6.3055396e-08,2.2267448e-06
0.00288403256,0.26342112,-0.0047071534,-0.0008485039,0.0023398446,110809.5,318.71484,3.1933374e-05,0.0015280804,0.0016890779,0.0014564408,-0.00090749975,7.148655e-08,2.1323265e-06
0.00301995284,0.26346138,-0.0053308685,-0.00085239246,0.0024165413,103141.66,318.09723,3.371105e-05,0.0015700998,0.0017552113,0.0015012849,-0.00088874705,8.087238e-08,2.0084499e-06
0.00316227885,0.26350352,-0.005983978,-0.00085646426,0.002496853,95112.44,317.4505,3.5572506e-05,0.0016132696,0.0018253443,0.0015481827,-0.0008612802,9.131168e-08,1.851315e-06
0.00331131247,0.26354766,-0.006667868,-0.0008607279,0.0025809493,86704.805,316.7733,3.752169e-05,0.0016575641,0.0018997503,0.0015972251,-0.00082393293,1.0291305e-07,1.6567079e-06
0.00346736984,0.26359388,-0.0073839882,-0.00086519256,0.0026690091,77900.945,316.06415,3.9562736e-05,0.0017029487,0.0019787247,0.0016485073,-0.0007754114,1.15795885e-07,1.4199624e-06
0.00363078196,0.26364225,-0.008133859,-0.00086986757,0.0027612192,68682.164,315.32162,4.1699972e-05,0.0017493783,0.0020625852,0.0017021277,-0.00071428064,1.300915e-07,1.1359117e-06
0.00380189546,0.26369295,-0.00891907,-0.00087476295,0.0028577747,59028.918,314.54407,4.3937936e-05,0.0017967965,0.002151674,0.0017581887,-0.0006389508,1.459442e-07,7.988392e-07
0.0039810733,0.263746,-0.009741287,-0.000879889,0.002958881,48920.73,313.7299,4.628137e-05,0.0018451344,0.0022463603,0.0018167973,-0.0005476603,1.6351254e-07,4.0242202e-07
0.00416869552,0.2613678,-0.010996398,-0.0008804293,0.002962934,47149.785,312.452,4.708801e-05,0.0018382049,0.002263207,0.0018164736,-0.00054448354,1.7025819e-07,3.3504006e-07
0.00436516011,0.2585916,-0.012356967,-0.000880428,0.0029552162,46330.83,311.06393,4.7739144e-05,0.001824101,0.0022713162,0.0018088869,-0.0005529003,1.7597074e-07,3.0754202e-07
0.00457088379,0.25568458,-0.013781658,-0.0008804266,0.002947135,45473.27,309.61044,4.8420967e-05,0.0018091255,0.0022800786,0.0018009355,-0.0005617397,1.8205074e-07,2.7780865e-07
0.00478630293,0.25264052,-0.015273492,-0.00088042516,0.002938673,44575.297,308.08844,4.9134924e-05,0.0017932181,0.0022895515,0.0017926014,-0.0005710242,1.8852491e-07,2.4564395e-07
0.00501187447,0.24945301,-0.016835634,-0.00088042364,0.0029298118,43635.008,306.4947,4.9882525e-05,0.0017763126,0.0022997968,0.0017838661,-0.00058077736,1.9542226e-07,2.1083387e-07
0.00524807686,0.2461153,-0.018471397,-0.00088042207,0.002920533,42650.4,304.82587,5.0665363e-05,0.001758338,0.002310882,0.0017747096,-0.00059102447,2.0277412e-07,1.731449e-07
0.00549541113,0.24262026,-0.020184252,-0.00088042044,0.002910817,41619.39,303.07837,5.148509e-05,0.0017392178,0.0023228817,0.001765111,-0.000601792,2.1061436e-07,1.3232174e-07
0.00575440191,0.23896052,-0.02197783,-0.0008804187,0.0029006433,40539.793,301.24854,5.2343454e-05,0.0017188693,0.0023358767,0.0017550489,-0.0006131081,2.1897972e-07,8.8085784e-08
0.00602559854,0.23476546,-0.023894122,-0.0008804111,0.0028877347,39500.04,299.29865,5.311781e-05,0.0016970574,0.0023464367,0.0017433608,-0.0006231251,2.2706917e-07,4.503154e-08
0.00630957628,0.22672765,-0.02628432,-0.00088034524,0.0028515607,39322.78,296.91736,5.267825e-05,0.001672603,0.0023223455,0.0017196812,-0.00061480247,2.2715781e-07,4.833997e-08
0.00660693749,0.218311,-0.028787162,-0.00088027614,0.0028136822,39137.168,294.42386,5.2217973e-05,0.0016470359,0.0022970557,0.0016949051,-0.0006061443,2.2721542e-07,5.1738482e-08
0.00691831289,0.20949768,-0.03140796,-0.0008802039,0.0027740188,38942.81,291.81284,5.1736006e-05,0.0016203077,0.0022705055,0.0016689821,-0.0005971401,2.2723717e-07,5.5224962e-08
0.00724436297,0.20026903,-0.034152273,-0.00088012824,0.002732486,38739.29,289.07877,5.1231327e-05,0.0015923678,0.0022426285,0.0016418603,-0.00058777985,2.2721761e-07,5.8796605e-08
0.00758577932,0.19060543,-0.03702592,-0.0008800491,0.0026889956,38526.176,286.21582,5.070286e-05,0.0015631635,0.0022133547,0.0016134857,-0.00057805283,2.2715075e-07,6.2449764e-08
0.00794328612,0.1804864,-0.040035002,-0.0008799661,0.0026434558,38303.02,283.218,5.014949e-05,0.0015326402,0.0021826108,0.0015838013,-0.0005679495,2.2702986e-07,6.617992e-08
0.0083176417,0.16519463,-0.043000713,-0.00087968516,0.0026077582,38175.363,280.54404,4.9666312e-05,0.0015130593,0.0021413409,0.0015595983,-0.00056163274,2.2581874e-07,6.762406e-08
0.00870964012,0.14830425,-0.04607157,-0.00087935466,0.0025726194,38061.504,277.8311,4.917836e-05,0.0014948102,0.002096749,0.0015355798,-0.0005558111,2.2434038e-07,6.865654e-08
0.00912011286,0.13061786,-0.04928715,-0.0008790086,0.0025358247,37942.285,274.99023,4.8667418e-05,0.0014756384,0.0020504214,0.0015104796,-0.00054972176,2.2277663e-07,6.97016e-08
0.00954993059,0.11209793,-0.05265428,-0.0008786462,0.0024972958,37817.445,272.01553,4.813239e-05,0.0014554936,0.0020023116,0.0014842511,-0.00054335245,2.211219e-07,7.075633e-08
0.010000005,0.09270514,-0.056180086,-0.00087826676,0.0024569517,37686.723,268.90063,4.7572154e-05,0.0014343241,0.0019523749,0.0014568467,-0.00053669105,2.1937028e-07,7.181729e-08
0.0104712908,0.06851842,-0.058517955,-0.00087698485,0.0024522431,37771.42,267.74048,4.738606e-05,0.0014433132,0.0019268063,0.0014512676,-0.0005595414,2.1989156e-07,6.501322e-08
0.0109647876,0.043191835,-0.06096601,-0.0008756425,0.002447313,37860.117,266.52563,4.719119e-05,0.0014526306,0.0019002111,0.0014454521,-0.0005832587,2.2042579e-07,5.794338e-08
0.0114815421,0.01667164,-0.06352944,-0.0008742369,0.0024421501,37952.99,265.2535,4.6987145e-05,0.0014622823,0.0018725584,0.0014393913,-0.0006078635,2.2097247e-07,5.060057e-08
0.0120226506,-0.011031142,-0.0661955,-0.0008727126,0.0024373732,38091.367,264.05383,4.673821e-05,0.0014738999,0.0018443636,0.001433659,-0.0006344233,2.215023e-07,4.2967905e-08
0.0125892607,-0.0384271,-0.06855171,-0.00086985936,0.002447451,39222.06,265.96994,4.563224e-05,0.001523966,0.0018284975,0.0014417074,-0.0006855589,2.2123808e-07,3.4950425e-08
0.0131825744,-0.0671142,-0.071018964,-0.0008668716,0.002458004,40406.035,267.97638,4.447415e-05,0.0015743251,0.0018127873,0.001450301,-0.0007356678,2.2070282e-07,2.691882e-08
0.01380385,-0.097153276,-0.07360249,-0.0008637431,0.0024690542,41645.81,270.07736,4.326148e-05,0.001624792,0.0017973273,0.0014594818,-0.0007843701,2.1985876e-07,1.8907496e-08
0.0144544055,-0.121490516,-0.07548885,-0.0008604956,0.0024800566,44320.3,274.55862,4.115085e-05,0.001688219,0.0017634043,0.0014734457,-0.00084109546,2.224232e-07,1.12315e-08
0.0151356207,-0.14375758,-0.07709397,-0.0008571081,0.0024913207,47742.918,280.28217,3.85607e-05,0.0017534329,0.0017240258,0.001490208,-0.00089258904,2.2491106e-07,4.1075094e-09
0.0158489406,-0.16707407,-0.07877472,-0.00085356086,0.0025031155,51326.84,286.27545,3.5848487e-05,0.0018130954,0.0016885455,0.0015080586,-0.0009314722,2.2514222e-07,-2.428247e-09
0.0165958783,-0.17638446,-0.078098714,-0.00084920006,0.0025379013,55570.273,293.58746,3.3710134e-05,0.0018583427,0.0016857518,0.0015404011,-0.0009947298,2.162236e-07,-6.7411827e-09
0.017378018,-0.18212396,-0.07674421,-0.00084446213,0.002580282,60143.926,301.51913,3.1657266e-05,0.0018999511,0.0016933577,0.0015778441,-0.0010556608,2.0467674e-07,-1.0292142e-08
0.0181970189,-0.182774,-0.075483575,-0.0008398024,0.0027082448,64481.746,309.40305,3.0685296e-05,0.0019733745,0.0017897857,0.001667852,-0.0011407621,1.8598271e-07,-5.274199e-09
0.019054618,-0.16573603,-0.07468484,-0.00083591975,0.0031185497,67531.85,316.265,3.3560533e-05,0.0021461393,0.0021880183,0.0019301991,-0.001361212,1.3838196e-07,3.115376e-08
0.0199526346,-0.14789508,-0.07384847,-0.00083185406,0.0035481914,70725.695,323.45038,3.6571273e-05,0.0023056504,0.0026281897,0.0022052238,-0.0016129062,7.659557e-08,7.6079246e-08
0.0208929734,-0.12165775,-0.08741404,-0.00083877466,0.004037076,69662.32,326.75656,3.973897e-05,0.0022973788,0.003294796,0.002518144,-0.0017424952,2.0566475e-08,1.2645995e-07
0.021877629,-0.093764246,-0.10242104,-0.0008466422,0.0045511667,68304.016,329.98428,4.3056796e-05,0.0022232293,0.004057882,0.0028473209,-0.0018670179,-4.7501878e-08,1.8645181e-07
0.02290869,-0.07911864,-0.13414271,-0.000857344,0.0042584827,62422.965,329.9028,4.0740095e-05,0.0018564942,0.0040047946,0.0026619365,-0.0015464349,-2.5126397e-08,1.3793715e-07
0.0239883435,-0.065836325,-0.16961667,-0.0008688976,0.0038348206,55635.996,329.3294,3.7497615e-05,0.0014662428,0.0037975572,0.0023931277,-0.0011853239,7.521812e-09,7.851819e-08
0.0251188794,-0.0669123,-0.20502819,-0.0008716494,0.0030294498,48405.586,327.17053,3.476152e-05,0.0011280588,0.0030549413,0.0018682978,-0.00085388985,1.3183217e-08,1.8590312e-08
0.0263026958,-0.06894904,-0.2390385,-0.0008738131,0.0022944768,41547.215,324.88974,3.2828284e-05,0.00082334987,0.0023746467,0.0013867992,-0.0005914316,8.516754e-09,-2.2808575e-08
0.0275423038,-0.07335748,-0.26535118,-0.0008742019,0.001867167,36542.4,322.4917,3.362225e-05,0.00071296544,0.0019179141,0.0010982391,-0.00046071975,-2.6189426e-08,-2.5112207e-08
0.0288403328,-0.07753145,-0.28636318,-0.0008753913,0.0015765086,32375.027,320.60815,3.483247e-05,0.00067837123,0.0015735084,0.0008987962,-0.00036384797,-5.378384e-08,-1.5790436e-08
0.0301995359,-0.08121482,-0.30351433,-0.0008772402,0.0013773652,28674.56,319.11267,3.6447942e-05,0.00069683505,0.0013020802,0.00075847964,-0.00028915785,-7.441357e-08,1.3680133e-09
0.0316227964,-0.08242398,-0.31465325,-0.00088013336,0.0012649387,25111.062,318.27075,3.8943854e-05,0.0007349699,0.0011268166,0.00067220133,-0.0002492463,-7.1384164e-08,1.7901465e-08
0.033113133,-0.08116704,-0.32272553,-0.0008832832,0.0011992231,21547.246,317.6601,4.394025e-05,0.00077434897,0.0010221517,0.0006062631,-0.00023359484,-5.6840413e-08,3.0133776e-08
0.0346737071,-0.07797163,-0.32891122,-0.0008864197,0.0011682509,18113.898,317.12155,5.1181738e-05,0.000821272,0.0009649045,0.0005538379,-0.00023044288,-3.328763e-08,3.989895e-08
0.0363078287,-0.07308749,-0.33384472,-0.0008893408,0.0011670288,14994.522,316.54703,6.0431645e-05,0.000871739,0.0009513629,0.00051276153,-0.000233639,-3.861198e-09,4.7714025e-08
0.0380189642,-0.06715032,-0.33821437,-0.0008920322,0.0011860834,12397.127,315.86777,7.037445e-05,0.0009231983,0.0009664405,0.00048256697,-0.00023421246,2.6540642e-08,5.7365245e-08
0.0398107429,-0.06066295,-0.34230164,-0.00089460355,0.0012139949,10467.231,315.09973,7.844592e-05,0.000971688,0.0009895541,0.00046681895,-0.00022775399,5.585225e-08,6.664081e-08
0.0416869657,-0.053829487,-0.34631935,-0.0008970705,0.0012426471,9028.434,314.2622,8.44716e-05,0.0010131364,0.0010118005,0.00046078057,-0.0002175896,8.2475275e-08,7.3468904e-08
0.043651612,-0.046757024,-0.35035205,-0.0008994644,0.0012690934,7995.577,313.3578,8.933237e-05,0.0010475523,0.001032777,0.00045856275,-0.00020587945,1.0692716e-07,7.96525e-08
0.0457088494,-0.039532796,-0.35445017,-0.0009018048,0.0012916342,7281.954,312.38684,9.366763e-05,0.0010761711,0.0010516428,0.00045619,-0.00019302915,1.2957743e-07,8.55638e-08
0.0478630413,-0.03224103,-0.35864472,-0.00090411626,0.001309442,6802.933,311.35153,9.760047e-05,0.001099848,0.0010671972,0.0004525247,-0.00017834282,1.5017444e-07,9.130498e-08
0.0501187572,-0.024988009,-0.36294386,-0.0009064209,0.0013219992,6490.771,310.2578,0.00010108702,0.0011192666,0.0010780463,0.00044735082,-0.00016124362,1.6802696e-07,9.679452e-08
0.0524807817,-0.017885718,-0.36732998,-0.0009087472,0.0013291732,6287.8486,309.118,0.00010402958,0.0011352623,0.0010827902,0.00044093284,-0.00014153645,1.822199e-07,1.0161684e-07
0.054954125,-0.010992499,-0.37177238,-0.0009111233,0.0013314511,6148.97,307.94916,0.00010633738,0.0011488462,0.0010807386,0.0004339321,-0.000119517776,1.9256431e-07,1.0565699e-07
0.0575440334,-0.004375078,-0.37621707,-0.0009135705,0.0013290102,6052.127,306.77213,0.00010786128,0.0011603858,0.0010711829,0.00042704758,-9.5915195e-05,1.9847208e-07,1.0858655e-07
0.0602560005,0.0018682791,-0.3805719,-0.0009160996,0.0013214637,5986.2026,305.61804,0.00010836623,0.0011693691,0.0010531854,0.0004209545,-7.191218e-05,1.9916631e-07,1.099123e-07
0.0630957786,0.0076533477,-0.38471922,-0.00091871177,0.001307852,5945.207,304.5256,0.00010761034,0.0011742756,0.0010260266,0.00041597857,-4.9035807e-05,1.9405542e-07,1.0893382e-07
0.0660693914,0.013045915,-0.38861382,-0.0009214021,0.0012892397,5918.983,303.51184,0.00010575481,0.0011750468,0.0009918588,0.00041214185,-2.8341365e-05,1.8401938e-07,1.05798094e-07
0.0691831462,0.01791642,-0.39205965,-0.0009241293,0.001265586,5905.294,302.63678,0.00010275897,0.0011705607,0.000951629,0.00040953653,-1.14508985e-05,1.6877252e-07,9.989367e-08
0.0724436478,0.022378651,-0.395044,-0.0009268585,0.0012377264,5900.214,301.9059,9.894673e-05,0.001160803,0.00090780406,0.0004073859,1.6378985e-06,1.4971116e-07,9.168817e-08
0.0758578121,0.026415948,-0.39744747,-0.000929517,0.0012057208,5902.811,301.35526,9.447868e-05,0.0011452077,0.00086169766,0.00040505832,1.0691981e-05,1.2742812e-07,8.1287205e-08
0.0794328811,0.030039093,-0.39915773,-0.0009319958,0.0011698161,5911.7993,301.0175,8.9575275e-05,0.0011236628,0.0008146745,0.00040181147,1.5964282e-05,1.027583e-07,6.8884475e-08
0.0831764378,0.033315256,-0.40015158,-0.0009341871,0.0011304927,5925.5635,300.89743,8.442998e-05,0.0010966047,0.000767686,0.0003971884,1.8293415e-05,7.659331e-08,5.4864568e-08
0.087096423,0.036273487,-0.40036252,-0.00093593856,0.0010880952,5943.025,301.01108,7.9188256e-05,0.0010644017,0.0007214256,0.00039083778,1.8251983e-05,4.973385e-08,3.969565e-08
0.0912011514,0.03894228,-0.3997393,-0.00093706785,0.0010430246,5963.1387,301.36948,7.394003e-05,0.0010276737,0.00067615916,0.00038267352,1.6582071e-05,2.3032326e-08,2.3656943e-08
0.0954993297,0.04135728,-0.3982408,-0.0009373653,0.000995704,5984.805,301.9787,6.878161e-05,0.0009869649,0.000632293,0.00037259917,1.3809112e-05,-2.531637e-09,7.311579e-09
0.100000075,0.04354885,-0.39584082,-0.00093661365,0.00094656827,6007.018,302.8357,6.375193e-05,0.0009429665,0.0005898422,0.00036075764,1.0508701e-05,-2.609543e-08,-8.920551e-09
0.104712934,0.04551593,-0.39246327,-0.00093446363,0.0008961267,6028.481,303.94934,5.8905764e-05,0.00089643634,0.0005489587,0.00034727016,7.0864853e-06,-4.6874657e-08,-2.4913213e-08
0.109647903,0.047290858,-0.38813567,-0.00093069975,0.0008447777,6047.9424,305.30206,5.425387e-05,0.0008479282,0.00050964946,0.00033237282,3.9282545e-06,-6.395861e-08,-4.0031008e-08
0.11481545,0.048869498,-0.3828088,-0.00092493714,0.00079307536,6063.71,306.8935,4.9842776e-05,0.0007981979,0.00047208063,0.0003162456,1.3390049e-06,-7.645371e-08,-5.3993944e-08
0.120226536,0.050383616,-0.37566128,-0.00091558887,0.0007425138,6074.057,308.94232,4.567161e-05,0.0007490578,0.00043036838,0.00029984434,-1.0797447e-06,-8.471382e-08,-7.343612e-08
0.125892639,0.05141364,-0.36920714,-0.00090597896,0.0007044012,6076.9146,310.72635,4.2694548e-05,0.00071167195,0.0004139283,0.00028678292,-1.3492108e-06,-8.6758995e-08,-7.5603175e-08
0.131825777,0.052446365,-0.36095786,-0.00089253153,0.00065200217,6074.8525,312.93887,3.8934737e-05,0.0006595538,0.00037727196,0.00026753068,-1.8504263e-06,-8.3317396e-08,-8.50829e-08
0.138038535,0.05327691,-0.3518387,-0.0008761455,0.00060123095,6063.5234,315.31268,3.5492645e-05,0.000608693,0.0003460377,0.00024805384,-1.2548411e-06,-7.5087016e-08,-8.976556e-08
0.144544091,0.053926878,-0.34194252,-0.0008568765,0.00055281766,6042.758,317.82037,3.2363707e-05,0.0005599404,0.00031713842,0.00022885669,-2.4619598e-07,-6.35699e-08,-9.173391e-08
0.151356245,0.0544019,-0.33137232,-0.000834829,0.0005072002,6013.386,320.43246,2.9531579e-05,0.0005138217,0.00029055346,0.00021029856,8.17529e-07,-5.0494705e-08,-9.144643e-08
0.158489446,0.05468847,-0.3202192,-0.00080997584,0.0004653385,5976.624,323.11075,2.701881e-05,0.00047138144,0.00026663023,0.00019291721,1.6535538e-06,-3.7212327e-08,-8.943787e-08
0.165958824,0.054803636,-0.30858758,-0.00078262755,0.00042711355,5934.8784,325.82025,2.4784198e-05,0.0004325393,0.00024511365,0.00017680545,2.2479157e-06,-2.4519588e-08,-8.6041474e-08
0.173780224,0.054766815,-0.29657105,-0.00075314945,0.0003921614,5889.949,328.53107,2.2787935e-05,0.00039695462,0.00022569268,0.00016188736,2.638704e-06,-1.25734685e-08,-8.135849e-08
0.181970234,0.054577336,-0.28431383,-0.00072195276,0.00036071046,5843.203,331.1901,2.1031354e-05,0.00036487015,0.00020843955,0.00014830544,2.831972e-06,-1.0441726e-09,-7.5494356e-08
0.190546228,0.05427518,-0.27189088,-0.00068974606,0.00033150945,5795.4834,333.78635,1.942293e-05,0.00033505313,0.00019252354,0.00013561994,2.8634126e-06,1.0374123e-08,-6.854265e-08
0.199526396,0.053879905,-0.25941297,-0.00065738586,0.00030388962,5747.2065,336.2874,1.791153e-05,0.00030684276,0.00017749125,0.00012360739,2.7285614e-06,2.1943801e-08,-6.047173e-08
0.208929786,0.05341583,-0.24698661,-0.0006262018,0.00027687167,5698.4863,338.66342,1.6425503e-05,0.00027926738,0.0001626931,0.00011192975,2.4063947e-06,3.3477054e-08,-5.1203056e-08
0.218776345,0.05290162,-0.23462228,-0.000597461,0.0002494432,5648.6724,340.91342,1.48956315e-05,0.0002513318,0.00014746941,0.0001002171,1.926221e-06,4.376789e-08,-4.1043506e-08
0.229086958,0.052339297,-0.22234799,-0.0005726378,0.0002209719,5595.9243,343.02432,1.3279509e-05,0.00022240414,0.00013141942,8.8237095e-05,1.3830412e-06,5.0749783e-08,-3.0640855e-08
0.239883495,0.051721163,-0.21019357,-0.00055273797,0.00019116583,5536.052,344.98816,1.156278e-05,0.00019218063,0.000114392176,7.586074e-05,9.5053895e-07,5.1852496e-08,-2.132474e-08
0.251188857,0.05104582,-0.19824962,-0.00053734914,0.00016022447,5462.814,346.80124,9.764069e-06,0.00016084895,9.654622e-05,6.314014e-05,7.6463925e-07,4.5850864e-08,-1.4629104e-08
0.263027024,0.05034205,-0.18669212,-0.00052414485,0.00012892578,5371.4175,348.4638,7.928398e-06,0.00012920397,7.8323326e-05,5.039446e-05,7.6463044e-07,3.5152325e-08,-1.0947298e-08
0.275423107,0.04967175,-0.17572246,-0.0005102551,9.8720295e-05,5263.722,349.9762,6.1297874e-06,9.874267e-05,6.0493552e-05,3.825818e-05,7.3449564e-07,2.529965e-08,-8.662618e-09
0.2884034,0.049085483,-0.16537301,-0.0004959446,7.15574e-05,5151.181,351.3475,4.4797684e-06,7.144751e-05,4.4182765e-05,2.7523438e-05,5.666074e-07,1.916499e-08,-5.934809e-09
0.301995435,0.048573155,-0.15547149,-0.0004833793,4.914842e-05,5049.563,352.598,3.0966075e-06,4.9003305e-05,3.0532326e-05,1.8788052e-05,3.6506583e-07,1.3294731e-08,-3.8738057e-09
0.316228043,0.04810064,-0.14593919,-0.00046883576,3.2813918e-05,4974.3413,353.73325,2.078638e-06,3.2673703e-05,2.049499e-05,1.2477219e-05,2.2540334e-07,7.732353e-09,-3.0736391e-09
0.331131413,0.047644537,-0.13676234,-0.00044938677,2.1903903e-05,4929.7954,354.76462,1.3948705e-06,2.1781225e-05,1.375268e-05,8.286022e-06,1.4434366e-07,4.633395e-09,-2.2391138e-09
0.346737157,0.047204975,-0.12797175,-0.00042824686,1.46733055e-05,4904.5483,355.69952,9.3925286e-07,1.4571802e-05,9.260028e-06,5.5231017e-06,9.461793e-08,2.8343012e-09,-1.4938112e-09
0.363078378,0.046791147,-0.11903739,-0.0004029556,1.02875265e-05,4889.097,356.62256,6.6183435e-07,1.0201072e-05,6.5028194e-06,3.853464e-06,6.633737e-08,1.6805667e-09,-1.1764494e-09
0.380189737,0.046452142,-0.11164152,-0.00037808044,7.515496e-06,4880.472,357.33652,4.8521963e-07,7.4423124e-06,4.794608e-06,2.805026e-06,4.717357e-08,9.992417e-10,-8.7978896e-10
0.398107529,0.046123203,-0.10420305,-0.00034690197,4.634958e-06,4871.747,358.00494,3.0032834e-07,4.5840407e-06,2.9663113e-06,1.7235312e-06,2.8455267e-08,4.6625626e-10,-5.9583277e-10
0.416869761,0.045833025,-0.09706079,-0.00031053857,3.0361289e-06,4866.1167,358.62802,1.9752156e-07,3.0001515e-06,1.9495133e-06,1.124451e-06,1.7920476e-08,2.1925968e-10,-4.151083e-10
0.436516229,0.04556916,-0.09024009,-0.0002706319,2.3618402e-06,4862.5767,359.19193,1.5419042e-07,2.3318394e-06,1.5217443e-06,8.7155e-07,1.3261522e-08,1.1852452e-10,-3.2552447e-10
0.457088608,0.04532228,-0.08376349,-0.0002294958,2.1064643e-06,4859.993,359.6993,1.3793526e-07,2.0778693e-06,1.3615715e-06,7.747787e-07,1.1214639e-08,7.1738504e-11,-2.784787e-10
0.478630533,0.045094643,-0.07764163,-0.00018895761,2.0145962e-06,4857.979,360.15628,1.3227303e-07,1.9855388e-06,1.3060938e-06,7.3880307e-07,1.0129803e-08,4.3730655e-11,-2.4770844e-10
0.501187697,0.04488593,-0.07186028,-0.00014985807,1.9877857e-06,4856.402,360.5658,1.3082534e-07,1.9575116e-06,1.2922701e-06,7.270159e-07,9.402975e-09,2.2956456e-11,-2.2481866e-10
0.524807948,0.044694897,-0.06641454,-0.00011222641,1.9876093e-06,4855.163,360.93356,1.3109637e-07,1.9558352e-06,1.2954403e-06,7.251724e-07,8.822623e-09,4.8722285e-12,-2.080738e-10
0.549541388,0.044521637,-0.061287563,-7.5467535e-05,1.997944e-06,4854.192,361.26395,1.3203409e-07,1.9646038e-06,1.3052029e-06,7.273198e-07,8.291758e-09,-1.248283e-11,-1.9691802e-10
0.575440478,0.04436526,-0.056459896,-3.888506e-05,2.0144414e-06,4853.461,361.56113,1.3335595e-07,1.9795243e-06,1.318765e-06,7.3184367e-07,7.776461e-09,-2.9711438e-11,-1.9047955e-10
0.602560155,0.04422595,-0.051983617,-1.8808918e-06,2.0476152e-06,4853.0,361.82346,1.3575985e-07,2.010927e-06,1.3430227e-06,7.42554e-07,7.3126305e-09,-4.7374084e-11,-1.904268e-10
0.630957944,0.044097956,-0.047778532,3.6583824e-05,2.1348217e-06,4852.7944,362.0592,1.4173604e-07,2.0954105e-06,1.4026484e-06,7.729137e-07,7.0239046e-09,-6.6897154e-11,-2.0027019e-10
0.660694079,0.0439779,-0.043822177,7.695937e-05,2.3827113e-06,4852.887,362.27228,1.583857e-07,2.337476e-06,1.5680334e-06,8.6139966e-07,7.2314683e-09,-9.655327e-11,-2.329481e-10
0.691831635,0.043866586,-0.040178325,0.00011922557,3.2160747e-06,4853.558,362.461,2.1401328e-07,3.1534473e-06,2.1195483e-06,1.1611633e-06,9.123107e-09,-2.1634096e-10,-3.6408337e-10
0.724436659,0.043764606,-0.03677453,0.00016683828,5.2601276e-06,4855.206,362.6334,3.503538e-07,5.1552156e-06,3.4712596e-06,1.897074e-06,1.40822065e-08,-7.1877654e-10,-7.592454e-10
0.758578311,0.043679975,-0.03363298,0.00022614554,9.643247e-06,4857.6455,362.78973,6.428262e-07,9.447253e-06,6.3708876e-06,3.4744103e-06,2.4144514e-08,-2.4239752e-09,-1.6122108e-09
0.794329009,0.04361531,-0.03067902,0.0002899405,1.6428367e-05,4858.54,362.93317,1.0958e-06,1.6089109e-05,1.0863871e-05,5.9141166e-06,3.6975592e-08,-6.086758e-09,-2.5870066e-09
0.831764586,0.043556932,-0.027912555,0.00034290753,2.5694115e-05,4868.0024,363.05878,1.7147278e-06,2.5156622e-05,1.700576e-05,9.24214e-06,4.7362317e-08,-1.1763947e-08,-3.1964393e-09
0.870964448,0.04345199,-0.025384089,0.00038491594,4.0285293e-05,4911.975,363.16162,2.690868e-06,3.9429608e-05,2.6691558e-05,1.447363e-05,6.4888035e-08,-2.0724704e-08,-3.9627266e-09
0.912011742,0.04338916,-0.023176825,0.0004265201,6.646547e-05,5006.9863,363.25916,4.4427966e-06,6.50382e-05,4.4081924e-05,2.3856077e-05,1.09812e-07,-3.6249034e-08,-5.1370983e-09
0.954993536,0.043357786,-0.021144379,0.00046676787,0.000106277555,5141.83,363.3522,7.106405e-06,0.00010397637,7.052691e-05,3.811993e-05,1.75361e-07,-5.878592e-08,-6.104405e-09
1.000001,0.043342948,-0.019311283,0.0004951326,0.00019270804,5315.953,363.44092,1.2883039e-05,0.0001884972,0.00012794347,6.90925e-05,3.2115423e-07,-1.0654305e-07,-5.527217e-09
