x_over_c	Cp_RANS_SST	Cp_LES	Cf_RANS_SST	Cf_LES
-2.021295238095238	0.012197874378622098	0.0006914979340760528	0.002872871004034117	0.002950713110165021
-2.0152976190476193	0.011311354056657907	-0.0002734521249995726	0.002821474411595383	0.002767095576901016
-2.0093	0.01105021732896042	-0.0007000620229004912	0.0027528955763095543	0.0026671768388692426
-2.003302380952381	0.010916262561909775	-0.0008578629758522826	0.00269866307971159	0.002619418526638584
-1.997304761904762	0.010806980161044422	-0.0009109251252247769	0.002659494238735885	0.002596486127339204
-1.991307142857143	0.010752564164765568	-0.0009088594748005471	0.002631068469986906	0.0025875678848768483
-1.985307142857143	0.0107315617921981	-0.0008688332456487178	0.002611050322980583	0.0025849029658348128
-1.979309523809524	0.010727608208164352	-0.0008191232910959629	0.002597271165124564	0.0025882824786258147
-1.973311904761905	0.01073309651680192	-0.0007745105067449415	0.002587795908874904	0.002593975451750966
-1.9673142857142858	0.010741871137906357	-0.0007157555172082448	0.002581156556784474	0.0026025673798555473
-1.9613166666666666	0.010750061896389777	-0.0006586295485931038	0.0025762854743462686	0.0026115364496254725
-1.9553190476190478	0.010755800431864923	-0.0006449026831769576	0.0025725153899934113	0.0026195801429065983
-1.9493214285714286	0.010758386109186575	-0.0005883625680907945	0.002569362531839915	0.0026268127638803995
-1.9433238095238097	0.010757718837619697	-0.0005508208517847472	0.002566576673048202	0.0026352684372160685
-1.9373238095238094	0.010753948753266839	-0.0005141660750892582	0.002564024359304896	0.0026435151250382653
-1.9313261904761907	0.010747426173700612	-0.0004901113595523157	0.002561588818085793	0.002649661488704002
-1.9253285714285715	0.010738484734704453	-0.00048081695733654707	0.002559270049390894	0.0026565540137743378
-1.9193309523809525	0.010727491435640148	-0.0004615565046260036	0.002557018007852683	0.0026607437533187977
-1.9133333333333333	0.010714729866923617	-0.0004478858407477643	0.002554832693471159	0.002665448125676922
-1.9073357142857144	0.010700466937181612	-0.00044174301212156084	0.0025526974244571513	0.0026698751234916886
-1.9013380952380954	0.010684952873251712	-0.00044108516677697105	0.002550662246178175	0.002672368105925782
-1.8953404761904762	0.010668371174814808	-0.00045302616805261716	0.0025486771132667146	0.002674526264187611
-1.8893404761904762	0.010650888659762619	-0.0004738366732313296	0.002546775389301114	0.0026780947658092704
-1.8833428571428572	0.010632622100619347	-0.0004530857462860754	0.002544957074281373	0.002680416844818915
-1.8773452380952382	0.010613704951698373	-0.0004573439239563316	0.00254320548641832	0.0026831664120841154
-1.8713476190476193	0.010594220621945552	-0.0004712720675260672	0.002541537307501126	0.0026858974676723405
-1.86535	0.010574252520306745	-0.0004795142649568546	0.002539952537529792	0.0026876412895032805
-1.8593523809523809	0.010553850692149468	-0.0004946131283436512	0.002538451176504318	0.0026906417456480647
-1.8533547619047621	0.01053309854641958	-0.0005020300687087299	0.002537016542635531	0.0026915715603333624
-1.847357142857143	0.010512046128484597	-0.0005149544187251069	0.002535648635923433	0.002693724304652951
-1.841357142857143	0.01049071012013369	-0.000529515584185732	0.0025343641381571935	0.002695286434336021
-1.8353595238095237	0.010469157248523549	-0.0005391593492912561	0.0025331463675476425	0.0026977754043154643
-1.829361904761905	0.010447404195443344	-0.0005593617290666977	0.002531978642305607	0.002698945013485295
-1.8233642857142858	0.010425467642682248	-0.0006043139019087343	0.002530894326009431	0.0027003796440872576
-1.8173666666666668	0.010403414317396949	-0.0006058571635825258	0.0025298600550807708	0.002700655399739358
-1.8113690476190476	0.010381227537798274	-0.0006184992220062811	0.0025288758295196265	0.002701945503695292
-1.8053714285714286	0.01035895734925374	-0.0006287706075833145	0.0025279583311151703	0.002703701869944144
-1.7993738095238097	0.010336603751763346	-0.0006416259622498856	0.0025270908780782296	0.0027057685377584323
-1.7933761904761907	0.010314183427116264	-0.0006719796786583284	0.0025262734704088047	0.00270758908420919
-1.7873761904761905	0.010291729738890839	-0.0006877013735737519	0.0025254894263177234	0.002706857956891141
-1.7813785714285715	0.01026924268708707	-0.0007059458516989929	0.0025247554275941585	0.002707317992672599
-1.7753809523809525	0.010246722271704955	-0.0007310865420849127	0.002524071474238109	0.0027087183073282563
-1.7693833333333335	0.010224201856322841	-0.0007433001877106813	0.0025234208844604035	0.0027104991701603514
-1.7633857142857143	0.010201681440940727	-0.0007692128443929958	0.00252278697647187	0.0027123248542738755
-1.7573880952380951	0.010179177707347786	-0.000813414083555383	0.002522203113850852	0.0027138846708218527
-1.7513904761904764	0.010156707337333188	-0.0008064410366451423	0.0025216526148081784	0.002715195864213939
-1.7453928571428572	0.010134253649107763	-0.0008310673581272885	0.0025211187975546765	0.002716126248032076
-1.7393928571428572	0.010111850006249853	-0.0008549046434126014	0.0025206183438795183	0.0027156279839327625
-1.733395238095238	0.010089496408759458	-0.0008877305654589641	0.0025201512537827045	0.002715267253012441
-1.7273976190476192	0.01006719285663658	-0.0009103334842528412	0.002519700845475062	0.0027167965317886496
-1.7214	0.010044939349881217	-0.0009261286088771444	0.0025192671189565915	0.0027168641749503223
-1.715402380952381	0.010022769252071715	-0.0009410851062620915	0.002518866756016465	0.0027186729987222374
-1.7094047619047619	0.0100006658814189	-0.0009568848207516272	0.0025184830748655107	0.0027198525794080706
-1.7034071428571431	0.009978645919711945	-0.000976696600408841	0.002518116075503728	0.0027199167263413314
-1.697409523809524	0.00995670936695085	-0.0010128929055741554	0.0025177657579311175	0.0027195678143856973
-1.691409523809524	0.009934872904924785	-0.0010576832768595444	0.0025174321221476787	0.0027206836509043137
-1.6854119047619047	0.00991311985184458	-0.001058216760423728	0.0025171151681534117	0.0027221676120416545
-1.679414285714286	0.009891483571288578	-0.0010767873024636276	0.0025168148959483173	0.00272440345040664
-1.6734166666666668	0.00986993069967844	-0.0010966863411102624	0.002516514623743222	0.0027255333242498293
-1.6674190476190478	0.0098484946005925	-0.0011178281900532474	0.002516231033327299	0.002726341364132103
-1.6614214285714286	0.009827175274030766	-0.0011505120565836057	0.00251598080648972	0.0027275335296504787
-1.6554238095238094	0.009805972719993237	-0.0011663720180786097	0.002515713897862969	0.0027265844493380344
-1.6494261904761907	0.00978490362026908	-0.0011803106407944888	0.002515480352814562	0.002726398890042889
-1.6434261904761907	0.00976395129306913	-0.001205575092588365	0.0025152301259769834	0.002726326305568574
-1.6374285714285715	0.009743132420182554	-0.0012254186219868089	0.002515013262717748	0.002726947529748229
-1.6314309523809523	0.009722430319820181	-0.001261204256547739	0.002514796399458513	0.0027266599356034083
-1.6254333333333335	0.009701878355560356	-0.001299113276484283	0.0025145795361992775	0.002727290214601581
-1.6194357142857143	0.009681476527403077	-0.0012974141215485924	0.0025143793547292145	0.0027267595934572903
-1.6134380952380953	0.009661224835348347	-0.0013246128152126471	0.002514179173259151	0.0027264483987609884
-1.6074404761904761	0.009641123279396164	-0.001346211993369243	0.002513978991789088	0.0027270527963269104
-1.6014428571428574	0.00962117185954653	-0.0013594984064032455	0.0025137954921081967	0.0027273384802880196
-1.5954428571428572	0.009601387257588613	-0.001380912272938744	0.002513611992427305	0.0027287412602335845
-1.5894452380952382	0.009581769473522418	-0.0013880003755174328	0.0025134284927464143	0.0027277703841464564
-1.583447619047619	0.00956233518913711	-0.0014079749227907383	0.002513261674854695	0.0027281821128498592
-1.5774500000000002	0.009543067722643525	-0.0014406868206673755	0.0025130948569629754	0.002728464610775565
-1.571452380952381	0.009524000437620004	-0.0014623571511877308	0.002512928039071256	0.00272850187397322
-1.565454761904762	0.0095050999704882	-0.0014829128594052452	0.0025127612211795366	0.002729562546095667
-1.5594571428571429	0.009486383003037288	-0.0015307693274117498	0.002512594403287817	0.0027304524037575985
-1.5534595238095237	0.009467849535267267	-0.0015343543087842082	0.00251244426718527	0.002729847448098873
-1.547461904761905	0.009449482885388966	-0.001558839023072125	0.0025122941310827224	0.002729875257619249
-1.541461904761905	0.009431299735191554	-0.0015731863878355498	0.0025121273131910034	0.0027314508708859496
-1.5354642857142857	0.00941325003930752	-0.0015826455004492564	0.0025119938588776276	0.0027328024089255955
-1.5294666666666665	0.009395367161315204	-0.001616804144945904	0.0025118437227750804	0.0027349548610326965
-1.5234690476190478	0.009377651101214609	-0.001632871465751494	0.0025116935866725328	0.002733497831122366
-1.5174714285714286	0.009360085177216561	-0.0016443279172033555	0.002511543450569985	0.0027339165604961697
-1.5114738095238096	0.009342686071110232	-0.0016707405134534956	0.00251140999625661	0.0027355148404704602
-1.5054761904761904	0.009325470464684793	-0.0016869841235583579	0.0025112765419432344	0.0027367328746484365
-1.4994785714285717	0.009308404994361903	-0.0017079095570403633	0.002511126405840687	0.0027375459221026005
-1.4934785714285714	0.009291523023719904	-0.001752483706943009	0.0025109929515273115	0.0027378540905740214
-1.4874809523809525	0.009274807870969624	-0.0017531029076014726	0.002510859497213936	0.002736809694875188
-1.4814833333333333	0.009258292899689408	-0.001781130090583888	0.0025107093611113885	0.0027360801287600544
-1.4754857142857145	0.00924194474630091	-0.001800000322492129	0.002510575906798013	0.0027353049256865175
-1.4694880952380953	0.009225796774382476	-0.0018139281428138463	0.0025104424524846373	0.002735394071919128
-1.4634904761904763	0.009209848983934106	-0.0018442830009765304	0.00251029231638209	0.002736327719646672
-1.4574928571428571	0.009194101374955797	-0.0018534730580205053	0.0025101588620687143	0.002734813385031896
-1.451495238095238	0.009178570629236726	-0.0018692391319715122	0.0025100254077553394	0.002734427702070003
-1.4454952380952382	0.009163240064987716	-0.001892517829116215	0.0025098919534419636	0.002733364022373268
-1.4394976190476192	0.009148126363997942	-0.0019095447312346147	0.0025097418173394164	0.002732675662316047
-1.4335	0.009133246208056577	-0.0019346043364904953	0.0025096083630260406	0.002732972401114579
-1.4275023809523808	0.009118599597163615	-0.001982799424165845	0.0025094582269234935	0.0027319865212486055
-1.421504761904762	0.009104186531319064	-0.0019782425703588416	0.002509308090820946	0.002731428872322874
-1.4155071428571429	0.009090007010522918	-0.001996456206140985	0.0025091746365075705	0.002730658014869087
-1.4095095238095239	0.009076077716564351	-0.0020028710049317584	0.0025090245004050233	0.0027323053867644004
-1.4035119047619047	0.009062398649443363	-0.0020145970846382577	0.0025088910460916475	0.0027336143262449227
-1.397511904761905	0.009048986490949129	-0.002046140299199035	0.0025087409099891003	0.002734932735765848
-1.3915142857142857	0.009035841241081642	-0.0020499993044505943	0.0025085907738865527	0.0027339952116589373
-1.3855166666666667	0.009022962899840907	-0.002055387273171529	0.002508440637784005	0.002734040794953977
-1.3795190476190475	0.009010351467226924	-0.002074243592001258	0.0025082905016814575	0.002733931212782041
-1.3735214285714288	0.008998040306818035	-0.0020902284846049187	0.0025081403655789103	0.0027332507152237127
-1.3675238095238096	0.00898601273682507	-0.0020982417133707837	0.002507973547687191	0.00273355911292324
-1.3615261904761906	0.0089742854390372	-0.0021358698458701386	0.0025078234115846437	0.0027340667122481856
-1.3555285714285714	0.008962875095243593	-0.0021422690582075694	0.002507673275482096	0.002733286128506337
-1.3495285714285716	0.008951765023655084	-0.0021515589358838965	0.0025075064575903767	0.002734332983118945
-1.3435309523809524	0.008940988587850014	-0.0021591291998313295	0.0025073396396986572	0.0027350752488309094
-1.3375333333333335	0.008930545787828382	-0.002167458484766583	0.002507172821806938	0.002735518477053255
-1.3315357142857143	0.008920436623590189	-0.002193060205660834	0.002507006003915219	0.002735864927959243
-1.3255380952380955	0.008910694458713779	-0.0022025857494257263	0.0025068391860234994	0.0027341748026925784
-1.3195404761904763	0.008901302611409978	-0.0022101564485829577	0.00250667236813178	0.0027342339741813775
-1.3135428571428571	0.008892277763467961	-0.0022225704671164307	0.0025064888684508888	0.002734459478559524
-1.3075452380952381	0.008883619914887727	-0.0022322699563638547	0.0025063053687699975	0.0027345887857870704
-1.301547619047619	0.008875362429247618	-0.0022463672499183946	0.0025061218690891063	0.00273420286920429
-1.2955476190476192	0.008867505306547637	-0.002287782642002838	0.002505955051197387	0.0027338044108207935
-1.28955	0.008860065228576953	-0.0022788440049184206	0.0025057548697273234	0.0027323695126439626
-1.283552380952381	0.008853025513546397	-0.0022931864626560047	0.0025055713700464326	0.002731405609426641
-1.2775547619047618	0.008846419525034309	-0.0023080857768575202	0.002505371188576369	0.002730206480848127
-1.271557142857143	0.008840263944829865	-0.002320170761515505	0.002505171007106306	0.0027296936812488313
-1.2655595238095239	0.008834558772933064	-0.002336869949547316	0.0025049708256362426	0.002731014156492176
-1.2595619047619049	0.008829320691133076	-0.0023341895747558588	0.0025047706441661795	0.002729626486822096
-1.2535642857142857	0.008824549699429902	-0.0023326129891607958	0.002504570462696116	0.00272997595049751
-1.247564285714286	0.008820295843191057	-0.002335001351875452	0.0025043535994368807	0.0027299795859240875
-1.2415666666666667	0.008816542440627372	-0.002342986183965334	0.002504136736177646	0.002730709196251118
-1.2355690476190477	0.008813306173528017	-0.0023465734939590592	0.0025039031911292388	0.0027309409795740042
-1.2295714285714285	0.008810603723682163	-0.002376799582545534	0.0025036863278700035	0.00273089158070292
-1.2235738095238098	0.008808468454668155	-0.002372513715517621	0.0025034527828215964	0.0027288930506003473
-1.2175761904761906	0.008806900366485994	-0.0023930277290952593	0.0025032192377731893	0.0027282359097822342
-1.2115785714285714	0.008805916140924849	-0.0023905578557270545	0.0025029690109356103	0.002728511471900101
-1.2055809523809524	0.008805532459773894	-0.002388199082207942	0.0025027354658872032	0.0027281790531046637
-1.1995809523809526	0.008805766004822302	-0.0024098387714425276	0.002502485239049624	0.0027280176557570378
-1.1935833333333334	0.008806650139648415	-0.0024131418769623185	0.0025022350122120454	0.002725689990408534
-1.1875857142857142	0.008808184864252232	-0.0024076140767311646	0.002501968103585294	0.00272579290050737
-1.1815880952380953	0.008810403542212101	-0.0024044427740783103	0.0025017178767477153	0.002725820679709719
-1.1755904761904763	0.008813306173528017	-0.0024042713835472473	0.0025014342863317923	0.002725792715401824
-1.1695928571428573	0.008816942803567498	-0.002410256096413226	0.002501167377705041	0.0027253597383704786
-1.1635952380952381	0.008821313432330545	-0.0024439990743164992	0.0025008671054999464	0.0027239049497371714
-1.1575976190476192	0.008826451423395503	-0.0024291725116591294	0.0025005835150840234	0.002722556078544072
-1.1515976190476191	0.008832356776762368	-0.0024275425499072764	0.0025002999246681004	0.002722234468248626
-1.1456000000000002	0.00883909621958783	-0.0024240706069510207	0.0024999829706738334	0.002721691291650568
-1.139602380952381	0.008846653070082717	-0.0024265006012513736	0.002499699380257911	0.002721610356390545
-1.133604761904762	0.008855060691825373	-0.0024394444070819556	0.002499365744474472	0.002721977950083525
-1.1276071428571428	0.008864369130183312	-0.002426143409091259	0.0024990487904802054	0.002721077207697607
-1.1216095238095238	0.008874578385156536	-0.002411186423505629	0.002498731836485939	0.0027205836893597728
-1.1156119047619049	0.00888572182032339	-0.002404743125542513	0.0024983982007024995	0.002720047989241112
-1.1096142857142857	0.008897832799262215	-0.0023990727557270386	0.0024980478831298893	0.0027196977121681848
-1.1036142857142857	0.008910944685551358	-0.0024006907171480237	0.0024976975655572786	0.0027181541110884084
-1.0976166666666667	0.008925074160979986	-0.0024208805547490495	0.002497347247984668	0.0027171503903327104
-1.0916190476190477	0.008940254589126449	-0.002396285589126028	0.0024969635668337133	0.0027167785889911106
-1.0856214285714285	0.008956519333569087	-0.0023936279362429046	0.002496596567471931	0.002716688231935018
-1.0796238095238095	0.008973918439675417	-0.0023743572513916142	0.002496212886320976	0.00271642007790374
-1.0736261904761906	0.008992468589234609	-0.002351158538233519	0.002495829205170022	0.00271661967967543
-1.0676285714285716	0.009012203145825008	-0.002341199700966992	0.0024954288422298953	0.002717722752869104
-1.0616309523809524	0.009033172154814133	-0.0023277052674811004	0.0024950117975005965	0.002715674956839345
-1.0556309523809524	0.009055408979780324	-0.0023192703009260246	0.0024945947527712986	0.00271547004881166
-1.0496333333333334	0.009078946984301924	-0.002302766657519479	0.002494161026252828	0.002714551363289644
-1.0436357142857144	0.009103836213746453	-0.0022755409768477385	0.002493727299734358	0.0027144390433927646
-1.0376380952380952	0.009130110031692252	-0.0022620293648813326	0.0024932768914267154	0.0027147514866180766
-1.0316404761904763	0.009157801801717665	-0.0022707998193927455	0.002492826483119073	0.0027141799515038945
-1.025642857142857	0.009186978250979382	-0.002226458702511316	0.0024923427112330874	0.0027121764602635163
-1.019645238095238	0.009217672743055743	-0.002194388798708322	0.002491875621136273	0.0027119406204277104
-1.0136476190476191	0.009249935323314267	-0.002159904237368049	0.002491375167461115	0.002712244279779228
-1.0076500000000002	0.00928381603712247	-0.0021366176070202005	0.0024908747137859567	0.0027116377233164612
-1.00165	0.009319364929847865	-0.0021188306104368655	0.0024903742601107984	0.0027110904470335727
-0.995652380952381	0.009356632046857969	-0.0020784098591833636	0.0024898237610681247	0.0027085257774943604
-0.989654761904762	0.0093956674335203	-0.0020485986071546035	0.002489289943814623	0.0027068680338321062
-0.9836571428571429	0.009436537816991542	-0.002023885218630368	0.0024887394447719487	0.002705372847262092
-0.9776595238095239	0.009479293242639214	-0.001978915958311296	0.002488172263940103	0.0027047984408120496
-0.9716619047619048	0.00952398375583083	-0.0019439736648164437	0.002487605083108257	0.0027040285495449597
-0.9656642857142858	0.009570692765512251	-0.0019277630031308175	0.0024870045386980676	0.002703724473750707
-0.9596666666666667	0.009619470317050991	-0.0018661651906932697	0.002486387312498706	0.0027031276040781816
-0.9536666666666668	0.00967036645581457	-0.0018292358821306665	0.0024857700862993444	0.0027020083255585607
-0.9476690476190477	0.009723481272538014	-0.0017828935203941403	0.0024851361783108108	0.0027008712445228474
-0.9416714285714286	0.009778848130799668	-0.0017294967714319438	0.0024844855885331053	0.002700362816047268
-0.9356738095238096	0.009836567121334567	-0.0016947857966833476	0.0024838183169662276	0.0027002373452399407
-0.9296761904761904	0.009896704971299396	-0.001637816531336454	0.0024831176818210067	0.0026989096838785334
-0.9236785714285715	0.009959311726061671	-0.0015798752009554755	0.002482417046675785	0.0026986453015942686
-0.9176809523809524	0.010024504158145596	-0.0015260496703028664	0.002481699729741392	0.0026987713768181604
-0.9116833333333334	0.010092332312918688	-0.0014723096749751168	0.002480965731017827	0.002698305465993332
-0.9056833333333333	0.010162896281115977	-0.0014174952917630245	0.0024801983687159175	0.002697101861555887
-0.8996857142857143	0.010236262789894151	-0.0013748278119450233	0.0024794143246248367	0.0026970945908507357
-0.8936880952380952	0.010312531929988242	-0.0012730227053709515	0.0024786135987445836	0.002697270341843248
-0.8876904761904763	0.01039180379213328	-0.001203912191222016	0.002477812872864331	0.0026965292606366607
-0.8816928571428572	0.01047416178527513	-0.0011333870243195325	0.002476978783405734	0.0026948745268585506
-0.8756952380952382	0.010559689318359645	-0.0010495053059944547	0.0024761113303687935	0.0026949240650373687
-0.8696976190476191	0.010648519845700205	-0.000984750772959188	0.0024752271955426806	0.0026946346333258024
-0.8637000000000001	0.010740720094453492	-0.00090340219932761	0.002474326378927396	0.0026919996079544906
-0.8577	0.010836406837143717	-0.0008161981845939359	0.0024733921987337678	0.00269053266499437
-0.851702380952381	0.010935713528084253	-0.0007290157742252156	0.0024724413367509675	0.0026884945260193895
-0.845704761904762	0.011038723576220957	-0.0006364487900233601	0.0024714737929789955	0.002687493711306852
-0.839707142857143	0.011145553754078033	-0.0005391257921869455	0.002470472885628679	0.0026870310606807576
-0.8337095238095239	0.011256337515968861	-0.00046324380580800985	0.002469438614700019	0.002686840060953835
-0.8277119047619047	0.011371208316206811	-0.00033769212826393886	0.0024683709801930154	0.00268744675072675
-0.8217142857142857	0.011490266245526919	-0.00023196841092272774	0.0024672866638968394	0.0026876622468443643
-0.8157166666666666	0.011613661440031729	-0.00011486202331738487	0.0024661856658114915	0.002685769238449419
-0.8097166666666668	0.011741527354034617	1.1453096933869563e-05	0.0024650346223586282	0.002684470018813726
-0.8037190476190476	0.011873997441848961	0.00012515393143995977	0.0024638668971165923	0.0026845189612505374
-0.7977214285714286	0.012011221839577306	0.0002571571928871974	0.0024626658082962127	0.002681939630426677
-0.7917238095238095	0.0121533506833222	0.0003977209430849737	0.00246143135589749	0.0026799456935578717
-0.7857261904761905	0.012300534109186191	0.0005360000368778844	0.002460146858131251	0.002678696853043464
-0.7797285714285714	0.012452922253271825	0.0006822786050394744	0.00245884567857584	0.0026782138969632854
-0.7737309523809525	0.012610698615259996	0.0008277009115713009	0.002457511135442085	0.002676868823562798
-0.7677333333333334	0.012773996649464076	0.0009519777627239477	0.002456126546940814	0.0026749677489282366
-0.7617357142857144	0.012943016537354132	0.001128966908083657	0.0024547252766503715	0.00267288816583075
-0.7557357142857143	0.01311794177861105	0.0012944538684913488	0.002453257279203241	0.0026720685629745807
-0.7497380952380953	0.013298939191126555	0.00146044746496055	0.002451772599966939	0.0026702266389798165
-0.7437404761904762	0.01348620895637071	0.0016388673855571795	0.0024502378753631206	0.0026694508152214844
-0.7377428571428573	0.013679917892235228	0.001803144072646175	0.0024486531053917867	0.0026686626368278054
-0.7317452380952382	0.013880316225557692	0.001990563062480874	0.0024470349718421092	0.002665466653226138
-0.725747619047619	0.014087570774229825	0.002186697509203261	0.0024453667929249154	0.002664319573526745
-0.71975	0.014301915083300032	0.002384972151539112	0.002443648568640206	0.0026635662855371313
-0.7137523809523809	0.014523549334238372	0.0026003874305772904	0.002441896980777153	0.0026626871207204084
-0.707752380952381	0.014752723753882428	0.002826746871450182	0.002440078665757412	0.002661661193176037
-0.701754761904762	0.014989655205491434	0.003031031188109027	0.002438226987159327	0.0026618287318916608
-0.6957571428571429	0.015234593915902967	0.0032865874838692586	0.0024363085814045546	0.002660583749100167
-0.6897595238095238	0.015487773430165441	0.0035300046169714945	0.0024343401302822656	0.002660000708659629
-0.6837619047619048	0.0157494606569056	0.003793848877682105	0.0024323216337924615	0.0026593007250740814
-0.6777642857142857	0.016019905822961023	0.004054979663388278	0.0024302530919351416	0.0026576736086601107
-0.6717666666666667	0.016299375836958466	0.0043109666751867965	0.0024281178229211336	0.002657448546560888
-0.6657690476190476	0.01658815428931385	0.00460051646229883	0.002425915826750438	0.002654238398416341
-0.6597690476190476	0.01688647472507558	0.004883048225660936	0.002423647103423055	0.0026511534135773736
-0.6537714285714286	0.017194754188972955	0.005173753042419162	0.002421311652938984	0.002648969741009609
-0.6477738095238096	0.017513042726373496	0.005491166256675685	0.002418926157087397	0.0026472892200011845
-0.6417761904761905	0.01784200760884407	0.005795722215704107	0.0024164739340791224	0.0026444116397912744
-0.6357785714285715	0.018181315200601244	0.006095278623835265	0.0024139383021249882	0.0026411225549814164
-0.6297809523809524	0.018532800498453936	0.006466832166999599	0.00241136930659251	0.0026387306726286942
-0.6237833333333335	0.018893127144567753	0.006813959549709258	0.0024086501749574847	0.0026369642823655393
-0.6177857142857143	0.019270802851420382	0.00717522369768246	0.0024060478158466625	0.0026350248475445165
-0.6117857142857144	0.0196466435614641	0.007549926412866814	0.002402894957693167	0.0026330840243579488
-0.6057880952380953	0.020066691012813446	0.007925189323321969	0.0024007596886791585	0.0026298696621782323
-0.5997904761904763	0.020430520834653368	0.00833117945247462	0.002398490965351775	0.002624934762205023
-0.5937928571428571	0.020827380599053723	0.008743192551713462	0.0023936866100702577	0.0026219430154589543
-0.5877976190476191	0.021332171539396504	0.00916383780770134	0.0023899165257174003	0.0026183414220830115
-0.5818023809523809	0.02178658347644004	0.009602421791392495	0.00238741425734161	0.002615283063719491
-0.5758095238095239	0.022249169490177825	0.01004934410641975	0.002384378171712318	0.002611485640783976
-0.5698166666666667	0.022734109101406	0.010493923536447767	0.0023810418138779307	0.0026084096908271493
-0.5638238095238095	0.023233728687105482	0.010991601919626844	0.0023776387288868554	0.002604580941872993
-0.5578333333333334	0.023748028247276266	0.011496472274904704	0.0023741021895824052	0.0026013320792094455
-0.5518452380952381	0.024278842778727265	0.012013096843582332	0.0023704655595429233	0.0025989972701101352
-0.5458571428571428	0.024826505917241923	0.012551253167332204	0.0023667288387684096	0.0025959087155300025
-0.5398690476190476	0.02539151811649539	0.013090087877889305	0.0023628586636805205	0.0025928412132890577
-0.5338857142857143	0.025974379830162833	0.013673594709461731	0.0023588883978575997	0.0025870555420464385
-0.5279	0.026575925147702843	0.01426302332506005	0.002354818041299647	0.0025828742380626887
-0.5219166666666667	0.027196154069115422	0.014865335956899853	0.002350597548639148	0.002579233336299205
-0.5159357142857143	0.02783690159120948	0.015495954740640572	0.002346276965243616	0.0025760401314041405
-0.509954761904762	0.02849549862771751	0.016143132060097275	0.002341839609323881	0.0025731722534360828
-0.5039761904761905	0.029175114718582182	0.016791752586416086	0.0023372187537232547	0.0025712908966569487
-0.4979976190476191	0.029877918496395837	0.017494368832082243	0.0023324310802309094	0.002567596856365911
-0.4920214285714286	0.030602909053808174	0.01820542348831018	0.002327543316003532	0.0025645909131612695
-0.4860452380952381	0.03135058684449434	0.018936626880705854	0.0023225054156736074	0.0025608034867243452
-0.4800714285714286	0.032121952775804666	0.019697544700020088	0.0023173340610303074	0.002556925595746159
-0.47409761904761905	0.03291734048352257	0.02047305643452124	0.0023119958884952876	0.002552947162919459
-0.46812619047619053	0.033738084510781814	0.02127884404133498	0.0023064908980685492	0.002546856852416611
-0.4621547619047619	0.03458451849336584	0.022110383380543785	0.002300835771539263	0.0025416744435743776
-0.4561857142857143	0.03545747652073325	0.02296319499315349	0.002294997145329085	0.0025370851613455104
-0.4502166666666667	0.03635779268234263	0.02385205165183547	0.002288991701227188	0.0025316063542729543
-0.44425000000000003	0.03728646788554431	0.024756460613028594	0.0022828194392335716	0.002526386868104191
-0.4382857142857143	0.03824416940190514	0.025681121490023173	0.0022764469957698924	0.0025210224436349447
-0.4323214285714286	0.03923189813877547	0.02667155807126002	0.0022698910526253216	0.0025149012263012862
-0.4263571428571429	0.04025032136772216	0.027675785559319047	0.0022631349280106874	0.002508601053143716
-0.4203952380952381	0.041300773631878965	0.028710981125523668	0.0022561619401368182	0.0025024829325366385
-0.4144357142857143	0.0423842558385962	0.029779839525203473	0.0022490054525820574	0.0024969849045329315
-0.4084761904761905	0.04350143525944076	0.030857217328329103	0.00224161541997889	0.0024893347202991404
-0.40251904761904767	0.04465364643754637	0.03199240200878641	0.0022339918423273154	0.002480668354095761
-0.3965619047619048	0.045841890280263364	0.03315969659523328	0.0022261514014165055	0.002472506686347633
-0.3906071428571429	0.047067167694942055	0.03435778532977706	0.0022180607336681167	0.0024638139483739775
-0.38465476190476194	0.04833098004260793	0.035606931430674546	0.0022097031572929763	0.0024571006766753154
-0.37870238095238096	0.049634495048502994	0.03688620868013166	0.0022011120358694297	0.0024487460950388352
-0.37275	0.050978546802085876	0.038185073386076164	0.0021922373240299596	0.002439955204465477
-0.3668	0.05236430302859859	0.03955985636721289	0.002183045658196223	0.0024304596140396323
-0.360852380952381	0.05379493326798382	0.04096696752505504	0.0021736037655249074	0.0024223899692506433
-0.3549047619047619	0.05526876934132435	0.042420832581779054	0.002163844918859325	0.00241301845669143
-0.34895952380952383	0.05678948124223804	0.0439267284289368	0.0021537524364103034	0.0024039357316010938
-0.3430142857142857	0.058358570331750334	0.045461543082315266	0.0021433429999670153	0.0023945948300915995
-0.3370714285714286	0.05997603660986124	0.04705525555089895	0.002132599927740289	0.0023829714212462694
-0.3311309523809524	0.061645216434405146	0.04870467153531508	0.0021214898561517795	0.002373553126409899
-0.3251904761904762	0.06336627662327378	0.050404612824864484	0.002109996103412316	0.002363965157600082
-0.319252380952381	0.06514288717008496	0.05216154506664707	0.002098152033100241	0.002353957450933416
-0.3133142857142857	0.06697321307802977	0.05396603362903915	0.002085840872691352	0.0023432380269380404
-0.30737857142857145	0.06886526160591074	0.05579779239613148	0.0020731460311315094	0.0023320245107624755
-0.3014428571428571	0.07081269367384253	0.05773928900112468	0.0020599173723181642	0.0023197115687954594
-0.29550952380952383	0.07282551835532833	0.05971918691121312	0.0020460214419379414	0.0023074213236215814
-0.2895785714285714	0.07489806384204964	0.061763744919117146	0.002031541648936701	0.002294586386454497
-0.28364761904761904	0.07703783693913385	0.06388479425365613	0.002016444629736099	0.0022821971681723117
-0.27771904761904764	0.07924784036863193	0.06605806181715126	0.002000830475071167	0.0022702706926461184
-0.27179285714285717	0.08152874140211074	0.06831237630573378	0.001984699184941905	0.0022562203917714323
-0.2658666666666667	0.08388320912583777	0.07064594081458206	0.001968017395769969	0.0022429329685083703
-0.25994047619047617	0.0863134121724054	0.07304565891524725	0.0019507684257661871	0.002230370346923504
-0.25401666666666667	0.08882235326386456	0.07552329730738126	0.0019328855477738717	0.002216524156298474
-0.24809523809523812	0.09141236785069932	0.0780632483684305	0.001914385443582195	0.0022009898347572945
-0.2421761904761905	0.0940867922907441	0.08068090560254035	0.0018952180678236407	0.0021850704115109606
-0.23625619047619048	0.09684812885237465	0.08342349704569621	0.001875350056919865	0.002167823094225284
-0.23033857142857145	0.09969971389342538	0.08623681211048476	0.0018547980926600397	0.0021511898017361844
-0.22442261904761904	0.10264471695383895	0.08914587969229777	0.0018334620843091338	0.00213428606513991
-0.21850785714285714	0.10568664120934147	0.09214293736476663	0.0018113420318671468	0.002115222473902742
-0.21259476190476193	0.1088286561998756	0.09522960534012984	0.001788404571755735	0.0020958356103991846
-0.20668309523809525	0.1120747655548426	0.09840971812565505	0.0017645996586073823	0.0020731082732069026
-0.20077285714285714	0.11542880608575205	0.10170828342186539	0.0017398939288437454	0.002052200218007051
-0.1948640476190476	0.11889394733254657	0.10510944733845651	0.0017140872009947603	0.0020303861530657085
-0.18895666666666666	0.1224745265604109	0.10863978632991986	0.0016872128386387713	0.0020084229076606564
-0.1830509523809524	0.12617554830609662	0.1122813026646275	0.001659239146376352	0.0019852644832267347
-0.17714666666666667	0.13000118301689667	0.1160249962615191	0.0016301360969869928	0.001961236776117651
-0.17124380952380952	0.13395626841167096	0.11991644771994071	0.001599848640566426	0.0019350063807669871
-0.16534238095238096	0.13804564220927934	0.12393866292192754	0.0015683267317471356	0.0019091908317593602
-0.15944261904761903	0.14227430894647336	0.12809405262608142	0.0015354902979410972	0.0018826639553045324
-0.15354428571428572	0.14664743997789637	0.132385069447312	0.0015012609347392018	0.0018546234284829276
-0.14764761904761906	0.15117054029397506	0.1368275413330313	0.0014655502286588385	0.001825865787145774
-0.14175238095238096	0.15584944852091967	0.14141621790601963	0.0014282897843644023	0.0017933126752827772
-0.13585857142857144	0.16068950283126518	0.14616325489436102	0.001389364497510607	0.00176143320895442
-0.12996642857142857	0.1656970423048969	0.15107260340471343	0.001348682618257007	0.0017282665888779592
-0.12407571428571429	0.17087823920380846	0.1561518928208077	0.0013061123604691438	0.0016938939233823252
-0.11818642857142858	0.1762380980647515	0.16139384977782603	0.0012615519652330685	0.001657395412549992
-0.11229880952380952	0.18178479296442016	0.16679898038404933	0.0012148579691619026	0.0016185940196635784
-0.10641285714285716	0.18752332843956615	0.17242370555061604	0.0011658869088687674	0.0015777409633824357
-0.10052809523809524	0.19345870902694093	0.1782406365489901	0.001114481975535447	0.0015377886130960344
-0.0946452380952381	0.19959927562113056	0.1842690749308515	0.0010604780194491388	0.001494752542342219
-0.08876380952380954	0.20594669640105218	0.19049878608363593	0.0010036982136446206	0.0014487708221975495
-0.08288404761904763	0.21250597590345738	0.19693266545439422	0.0009439557220831664	0.0014020083656221538
-0.07700571428571429	0.21928045048618058	0.20358483656853132	0.0008810637087260508	0.00134877600599228
-0.07112880952380952	0.2262684519703045	0.2104734651822481	0.0008148303329977962	0.0012943720343353711
-0.06525380952380952	0.23346664399799488	0.21759527352033872	0.0007450887770066837	0.0012373588668713662
-0.0593802380952381	0.24087002203250002	0.22496954494580682	0.0006716939091869173	0.0011783433770221727
-0.053508095238095243	0.2484635724635653	0.23259502123000483	0.0005945806705607262	0.0011165730136265557
-0.04763785714285714	0.2562256089652671	0.24044908012298236	0.0005137607383805311	0.0010499350040094006
-0.04176904761904762	0.26411943160142715	0.24856321174253967	0.000429529380314675	0.0009777098997021346
-0.03590166666666667	0.2720933268256125	0.25692944248673655	0.0003422586002616922	0.0009033161031171028
-0.030036190476190477	0.2800822356600526	0.26557366468235094	0.0002533029595023439	0.0008256423970755555
-0.024172142857142857	0.2879660492227095	0.2744618613268723	0.00016344550122036067	0.000742056681428653
-0.018309761904761905	0.2956596903888064	0.28364339730913	7.72880637767129e-05	0.0006485511833069627
-0.01244897619047619	0.30288457327917184	0.2934063867939715	-6.68701196209472e-06	0.000546114625045753
-0.006589809523809524	0.3097174341239968	0.3025360055289953	-7.05831522548367e-05	0.0004153358793233467
-0.0007366142857142858	0.31511899745786964	0.31323093936030355	-0.00017760942386759625	0.0002602733855083109
0.005090809523809524	0.32275592054078195	0.3240146384588155	-5.915959857793936e-05	0.0006034148582191917
0.01087054761904762	0.32472270348415316	0.3273456095516084	0.00010641812107814791	0.0007400987699549468
0.01658602380952381	0.3281991883475846	0.3306736757933543	0.00018798528972431165	0.0008423730793883687
0.02221792857142857	0.32969554483630725	0.33212661352636214	0.00034122102355609886	0.000982715632786689
0.02775309523809524	0.32977728560324976	0.3312677017461719	0.0005180381577368244	0.0011496128091346477
0.033186428571428575	0.32780216176529253	0.3280064554763471	0.0007275307775708931	0.0013382754137594027
0.038518333333333335	0.32342652846549375	0.32195175003597126	0.0009688188853005373	0.0015569676781457087
0.04375428571428571	0.31608153669309036	0.31262975634581697	0.0012434932290102127	0.0018064876575149926
0.0489052380952381	0.30526673277292427	0.2998471294764812	0.0015412835760757727	0.002069430885873246
0.053983571428571436	0.2909120531904734	0.28348274248980254	0.0018584959184204323	0.0023481985130259266
0.05900119047619048	0.2725837714272674	0.26302786028647207	0.002204708607875408	0.0026582285985799017
0.06397333333333334	0.24956623872783026	0.2380187706834126	0.002572667243938737	0.002983950929238495
0.06891714285714286	0.2219762276163654	0.208897729904606	0.002934149860502137	0.003292542185620954
0.07384785714285715	0.19078128186484522	0.17609079538533456	0.0032934089237736477	0.003601631998833566
0.07877714285714287	0.15541488791299074	0.13895147849535197	0.003671064889846187	0.00393235544071135
0.08371809523809524	0.11529018041773326	0.09759243760667313	0.004038009017432073	0.0042416705361540945
0.0886852380952381	0.07222564121670551	0.05407613761468585	0.00434196618260327	0.004476129730777447
0.0936852380952381	0.028495164991934073	0.008609649154938429	0.004654359984023018	0.0047435984924932215
0.09872404761904761	-0.019890197683374362	-0.04311979931142585	0.005054445947234739	0.005128377792030384
0.10382452380952381	-0.07509324077536128	-0.09577584889450962	0.005207253168911313	0.005174701762307672
0.10900595238095238	-0.11547601554910863	-0.13063012068471264	0.0049292189536183735	0.004675518916283246
0.11424738095238096	-0.1355360338462533	-0.15832989563714164	0.004880516177139309	0.004645641340142865
0.11952595238095239	-0.1686362067391003	-0.19037592475357062	0.0050695974016842695	0.004736867043559802
0.12484095238095239	-0.20118237741354725	-0.2209888024327389	0.005142112213269681	0.004719231243856286
0.13019095238095238	-0.2287523703780058	-0.24867488086754022	0.005161250314121219	0.004666250090858309
0.13557119047619048	-0.25420043975979406	-0.2754650216297195	0.0052431120663867315	0.004690734728719706
0.1409807142857143	-0.28158693304336124	-0.30103823807034136	0.005244122896789871	0.0046061462599614805
0.14641714285714286	-0.3010228856075838	-0.3191939768501296	0.005151171784115485	0.004400917875214227
0.15186761904761906	-0.31627004091073324	-0.33982442068690943	0.005340220522166654	0.004621703882563268
0.1573254761904762	-0.3475267092821896	-0.370546436881141	0.005700934599900522	0.004975500929069048
0.16279833333333335	-0.38361442379783856	-0.40535005382154954	0.005930094960893807	0.005171060444599895
0.1682957142857143	-0.416922952237443	-0.43774420608935233	0.005948476916956935	0.005117125872360009
0.1738219047619048	-0.44089635145643213	-0.46172954266396604	0.005835213569661692	0.004890824914760585
0.17937309523809525	-0.45800352625225244	-0.4807471381012835	0.005775292211871472	0.004752399666422777
0.18494404761904762	-0.475405968716416	-0.4993633721451519	0.005824848946007291	0.004750190165466069
0.19053238095238095	-0.49510048901280357	-0.5185118211776392	0.00588375946487059	0.004758452001197564
0.19613857142857144	-0.5133737208717422	-0.5363881855669455	0.005885805167883883	0.004716437677602903
0.20176190476190475	-0.5285791717019618	-0.5518713417811476	0.005860112521548577	0.004649761340889857
0.2074011904761905	-0.5418145032309757	-0.5655975938938477	0.005845629849449641	0.004604092282851595
0.21305476190476189	-0.5542808042791635	-0.5783226138548706	0.005843996938980185	0.0045842388916323955
0.21872142857142857	-0.5660598156134674	-0.5900839022404599	0.005835862905944383	0.004567147713998448
0.22440095238095237	-0.5765159610664369	-0.600505286227817	0.005812315592139	0.004543435079362486
0.23009166666666667	-0.5853956774426583	-0.6096043482560926	0.005786966963627586	0.004530011857442982
0.23579261904761903	-0.593449645254869	-0.617900811635805	0.005774876132939575	0.004544127787924
0.24150238095238094	-0.6013668223958698	-0.6259104658437419	0.005773328380562285	0.004584606254299544
0.24722142857142856	-0.6091271907186544	-0.6336711333504402	0.005772476634640626	0.004635550446058625
0.25294761904761903	-0.6165122187850705	-0.6411351611101789	0.005770408790252959	0.004693551038845481
0.2586809523809524	-0.6235886337518056	-0.6482703022657298	0.005767734565871446	0.004756078007234462
0.26442380952380956	-0.6303280765772677	-0.655105505166878	0.005764071265521117	0.004823222358883642
0.27016904761904764	-0.6367305472614567	-0.6616394176344516	0.005760526177836369	0.004893980441003953
0.27592380952380957	-0.6428794547502323	-0.667937984206344	0.005759077759731538	0.0049701626363955285
0.28168333333333334	-0.6488965761045496	-0.6741343489830693	0.005759309030506191	0.005050223664024102
0.28744761904761906	-0.6547668977141539	-0.680125250995067	0.0057580351970826045	0.005123990279210032
0.2932166666666667	-0.6603552970867523	-0.6858855073795606	0.005754332985554892	0.0051950173093476765
0.2989904761904762	-0.6656500969699249	-0.6914376326381887	0.00575225878714785	0.005267090844332818
0.30476904761904766	-0.6708798378753268	-0.6969541314637755	0.00575564077251779	0.005342446642987034
0.31055238095238097	-0.6762363603784355	-0.7026327291399121	0.005764801820140963	0.005420237347759569
0.31633809523809525	-0.6818114143196964	-0.708676305679107	0.005782625713479226	0.005502906879400902
0.32212857142857143	-0.687933630945797	-0.7152235374664884	0.005805946529464078	0.005585300879686384
0.32792142857142853	-0.6943994924288392	-0.7220284001644436	0.005819271011743686	0.005646142303534095
0.33371904761904764	-0.7003749093102267	-0.7283581071842028	0.005815428920675424	0.005679574907939559
0.33951904761904766	-0.7055229094486861	-0.7341713810117616	0.005811754704074361	0.005714685800224156
0.34532380952380953	-0.7107026049865722	-0.7401410089469114	0.005824506878487749	0.005769446769725381
0.3511309523809524	-0.716534558481081	-0.7464811954850179	0.00584213632953637	0.005818048311344482
0.3569428571428571	-0.7223881983015134	-0.7527690425650035	0.005844902319936948	0.0058457577402242404
0.36275714285714283	-0.7274477849573615	-0.7584022494530679	0.005835332713787668	0.005856510400793662
0.3685738095238095	-0.7319101635608544	-0.7636823378522004	0.005834178246939755	0.005879918453993197
0.37439285714285714	-0.7367145188423719	-0.7693332838371797	0.005849645631851348	0.005925462291159194
0.3802166666666667	-0.7421594548280918	-0.7753760628874202	0.005861943205165858	0.005959723505011375
0.3860404761904762	-0.7472290505574432	-0.7808744970822417	0.005852793839455534	0.005962940296276761
0.3918690476190477	-0.7511876391279435	-0.7856484332168211	0.005836931541157127	0.005961805903265296
0.3977	-0.7548342782409287	-0.7902701962799469	0.005838504637814301	0.0059844911133902
0.40353333333333335	-0.7591648707099633	-0.7954611304650804	0.005853400321600797	0.006025238347005028
0.4093666666666667	-0.7638874852245383	-0.8008582838816837	0.005855934582211845	0.006044330329395104
0.41520476190476197	-0.7678444056161216	-0.8054652803182617	0.005837525037493087	0.006030381026670822
0.42104285714285716	-0.7707537096477072	-0.8094587272698442	0.005823559901457775	0.006033110250780898
0.4268857142857143	-0.7739015632644515	-0.8138528258261362	0.005836286272564412	0.006071357367372154
0.4327285714285714	-0.7782204784810657	-0.8190417002040219	0.0058526310048534	0.006106392756814201
0.4385714285714286	-0.7823925939529669	-0.8238915434480596	0.005835809258853702	0.006096052863643406
0.4444190476190476	-0.7847997761304771	-0.8273082201967445	0.005797072284585932	0.006058959203618215
0.4502666666666667	-0.7861726873793276	-0.8300966576630764	0.005783709313983783	0.006063816457095959
0.45611666666666667	-0.7886933057232071	-0.8341479323298098	0.005808637283886231	0.0061242216099138685
0.4619666666666667	-0.7928003622173377	-0.8391434398350942	0.005824467479824881	0.006156744974034485
0.46781666666666666	-0.7961584063776485	-0.8433901737062981	0.005795369602633515	0.006128319120652718
0.47367142857142863	-0.7974178814601296	-0.8461866996310407	0.005750335860205048	0.006090180412653747
0.4795238095238095	-0.7979650441449692	-0.8483192815296628	0.005723522646087561	0.006075300378838442
0.4853785714285715	-0.798825824466241	-0.850587029343387	0.005710902280711976	0.006085743684298212
0.49123333333333336	-0.7998384090689775	-0.8530042483790382	0.005698372619087742	0.006095215472971054
0.4970904761904762	-0.8006991893902493	-0.8554758026306081	0.005683366087380449	0.006102775000199348
0.5029476190476191	-0.8014281835770629	-0.8579383572288164	0.0056664053017600365	0.0061037755481502766
0.508802380952381	-0.8019436508624758	-0.8603923194112197	0.005646432370949919	0.00610067001897402
0.5146595238095238	-0.8021905413422205	-0.8624813464513676	0.005620673659812755	0.006087595645443885
0.5205166666666667	-0.8019436508624758	-0.8642255740662085	0.005584291222951745	0.006063877648243019
0.5263738095238095	-0.8008610027452172	-0.8653010052029516	0.0055441703375851735	0.006041611187388243
0.5322285714285715	-0.7993679826143288	-0.8662978318540229	0.005518186255801738	0.0060438156913246105
0.5380833333333334	-0.7983754161585987	-0.868038195413899	0.005505168624482281	0.006064144364611912
0.5439380952380952	-0.7977431763489823	-0.8698648704019023	0.0054743210161317815	0.006046875036549028
0.5497928571428572	-0.7959081795400694	-0.8705841169197992	0.005408158842536758	0.005991942263147624
0.5556452380952381	-0.7921230815769571	-0.8700924020559799	0.005339401500383606	0.005950892142284235
0.5614952380952382	-0.7880193614406609	-0.8697122581962454	0.005304034488337487	0.0059577245419632835
0.5673428571428571	-0.7850283166421327	-0.8703732067273958	0.005276709218331292	0.00596852116768396
0.5731904761904763	-0.7817303269228411	-0.8708456271006766	0.005209868161800185	0.00592749697546232
0.5790333333333333	-0.7762036501701787	-0.869386715096042	0.005102009352248257	0.00583729046228729
0.5848738095238095	-0.7683748865117892	-0.8663837417897222	0.00498621103969704	0.0057618474393173755
0.5907095238095239	-0.7593333567805999	-0.862441980503516	0.004875794106046336	0.005704263044888152
0.5965404761904762	-0.7492692333731709	-0.8577820051202185	0.004756422213374577	0.005645565404152538
0.6023666666666667	-0.737628680888994	-0.8523186017812534	0.004619938829094586	0.0055824551804672055
0.6081880952380954	-0.7242965949827829	-0.8459263919219814	0.004464596553449864	0.005508634680468246
0.614002380952381	-0.7089893852386144	-0.8386800319866715	0.004293907585644421	0.005443020039762504
0.6198095238095238	-0.6919622830308194	-0.8309190848260873	0.004086802984457897	0.005361246039710842
0.6256047619047619	-0.671743954554433	-0.8205851652374759	0.0037819715701941092	0.005176730268775057
0.6313857142857142	-0.6450914599944311	-0.8049280297352999	0.0033505231593271025	0.004880265770218264
0.637152380952381	-0.6105818427344472	-0.7844100814599174	0.0028697380216343086	0.0046368213578198356
0.642902380952381	-0.5721369914088037	-0.7628672302624833	0.0023859500394687954	0.0045847735310829705
0.6486214285714287	-0.5320790110702339	-0.739399510769038	0.001655964454811068	0.0039601395108406325
0.6542666666666667	-0.4852649061170301	-0.6899303168606359	5.2854816847758446e-05	0.0018464236233965373
0.659797619047619	-0.4173266515354039	-0.5942820233466526	-0.001059986711807029	0.00010373172618355396
0.6651380952380953	-0.3950464539173662	-0.49172355602144535	-0.0009018940878950385	-0.0007439026299236087
0.6702261904761905	-0.38614004667846963	-0.416309667725434	-0.000670562249914107	-0.0005787055837278059
0.6750880952380952	-0.383127315554018	-0.3806478425486363	-0.00046454389635172726	-0.0003493085784416483
0.6797761904761904	-0.38036647944606267	-0.3663117849060458	-0.00038851324674106307	-0.000166389180734815
0.6843452380952381	-0.3787533504331364	-0.3613336244444867	-0.0003199425371080541	-9.833277736634471e-05
0.6888404761904762	-0.3776840477472153	-0.35938645804774016	-0.0002836543677403975	-9.666817983113196e-05
0.693302380952381	-0.3768783173302108	-0.3588249893983312	-0.00026115393577450354	-8.800537446685261e-05
0.6977595238095239	-0.3761693412904036	-0.359181931248049	-0.00023426193306103123	-7.665414322560302e-05
0.7022404761904762	-0.37601920518785614	-0.3604213089949353	-0.00021769953929459457	-7.584351268714995e-05
0.7067500000000001	-0.37587073726422593	-0.3619805848258641	-0.00022169344137945587	-8.57875891136363e-05
0.7112738095238095	-0.3757172648038441	-0.3637843107009524	-0.0002225563070851046	-9.0406399236146e-05
0.7158261904761904	-0.37567222397307987	-0.36577722351187614	-0.00022044214613812062	-9.932095818332669e-05
0.7204309523809523	-0.37575730109785677	-0.3679411509564649	-0.00022070362094575417	-0.00011221527361345733
0.725095238095238	-0.37597916889384353	-0.3700388242580477	-0.00022767815091136471	-0.0001392677590032777
0.7298214285714286	-0.3762310639103397	-0.37199514746719015	-0.0002405531541890444	-0.000169320525046525
0.7346071428571429	-0.3764896316425047	-0.37389094752015267	-0.00025384377116289425	-0.0001927372876629889
0.7394547619047619	-0.376784899310848	-0.37576408672207706	-0.00026669132773825114	-0.0002159963637035813
0.7443690476190477	-0.3771285441677899	-0.37770732217971514	-0.00028102010219912166	-0.00023506861396122385
0.7493547619047619	-0.3775022162452412	-0.37963216667605004	-0.0002971915274413293	-0.00026313841777052456
0.7544095238095239	-0.3778975746486161	-0.3814222037573479	-0.0003145872786914635	-0.000291073221934942
0.7595357142857143	-0.37831128302008016	-0.38312996687093115	-0.00033289921109706485	-0.0003202674703581385
0.7647285714285715	-0.3787400050017989	-0.38472073202353185	-0.0003517768539742969	-0.00035285227996951406
0.7699880952380952	-0.3791870769516068	-0.3861727030253107	-0.00037112970785090077	-0.0003884545083909512
0.7753119047619048	-0.3796675124797585	-0.3874443026534739	-0.0003914846340682249	-0.00042566607345276254
0.7806952380952381	-0.38016963433383383	-0.3885171145912837	-0.00041330678744677093	-0.0004609316635992464
0.7861333333333335	-0.3807084561240873	-0.38938094195767387	-0.00043770637811871467	-0.0005027756050326341
0.7916214285714287	-0.3812272597673345	-0.39010021234113335	-0.0004648406800548303	-0.000542456925065882
0.797152380952381	-0.38169434986414874	-0.3904369750290981	-0.0004914992227846536	-0.0005925272460512294
0.8027214285714287	-0.3821731172133833	-0.3904917200626246	-0.000517748723942166	-0.0006345832730140007
0.8083261904761905	-0.38267523906745854	-0.3902847863377126	-0.0005474699905678947	-0.0006693403077220319
0.8139619047619048	-0.38309728833350853	-0.38991577426445284	-0.0005797987936706784	-0.0007003219359897967
0.8196238095238095	-0.3834375968326161	-0.3893274453044556	-0.00061104578928783	-0.0007288277619542649
0.8253095238095238	-0.38374620993229686	-0.3885782664965198	-0.0006420844875493512	-0.0007665158314058683
0.8310142857142857	-0.38400310948554467	-0.38760360758615653	-0.0006745584088159276	-0.0008054043263138404
0.8367380952380953	-0.3842032909556079	-0.38637595785861534	-0.0007089330230001004	-0.0008388334132079925
0.8424761904761905	-0.3843017135117223	-0.38489151412294664	-0.0007454264680834417	-0.0008773335428214201
0.8482238095238096	-0.38423498635503456	-0.38285004177753	-0.0007815359460611527	-0.0009154102587686293
0.8539857142857143	-0.3840481503163089	-0.38032044688189515	-0.0008160716223399669	-0.0009540427823466043
0.859754761904762	-0.38373953721662807	-0.3774567337576474	-0.0008501301326942869	-0.0009968977608383715
0.8655309523809523	-0.38331748795057813	-0.3739703458202947	-0.0008842934244991008	-0.0010319413929077816
0.8713166666666666	-0.3827703252657386	-0.3700645393098143	-0.0009196502871851291	-0.0010603703188489441
0.877107142857143	-0.38203299018433906	-0.36574954286275	-0.0009553730297311084	-0.0010861301588978838
0.8829047619047619	-0.38111048724313096	-0.3610393599918074	-0.0009903358271781727	-0.0011267705457122664
0.8887047619047619	-0.37995110289568146	-0.35562397182403876	-0.0010230969650368087	-0.0011571989074273634
0.8945119047619048	-0.37861822794084377	-0.3498486509539419	-0.001052558887017615	-0.0011825667752092825
0.9003214285714286	-0.37717024864071974	-0.3435301462317258	-0.0010821005027972324	-0.0012031144808773168
0.9061380952380953	-0.37548872429218855	-0.3365185663805254	-0.0011118505956551768	-0.001230559314607517
0.9119595238095238	-0.37354696403257526	-0.3288388587845986	-0.0011368327016400897	-0.0012501436860536434
0.9177833333333334	-0.37148509489092396	-0.3208030870110303	-0.0011569888333463408	-0.0012444429783095585
0.9236142857142857	-0.36932480319315825	-0.31263197261991066	-0.00117528064009048	-0.0012499877634392852
0.929452380952381	-0.36708443890736725	-0.30388749571713464	-0.0011918982811692015	-0.0012469078336273308
0.9352928571428571	-0.36479402925406046	-0.2950200902202133	-0.0012067600348658288	-0.0012322821109410182
0.9411404761904762	-0.3625369831790975	-0.2854388814161117	-0.0012222512404065785	-0.00123998661493637
0.9469904761904762	-0.3602632553149626	-0.27509075394617294	-0.0012406842406800455	-0.0012321242646856103
0.9528428571428572	-0.35793948208331194	-0.2642410744340302	-0.001260834324587307	-0.0011951114450513439
0.9586976190476191	-0.35566408604025995	-0.2532777220693949	-0.0012863434677012663	-0.0011188573541135794
0.964554761904762	-0.35338535363937346	-0.2430178582859029	-0.0013292137333434267	-0.001052597010982045
0.9704095238095238	-0.3501724410448586	-0.2328888823120512	-0.001375347892998546	-0.0010096212054860412
0.9762666666666667	-0.3463489749666509	-0.2227993463274341	-0.0014015072803371517	-0.0009635474497919813
0.9821238095238096	-0.34242041361666	-0.21302466533127318	-0.0014225620441425948	-0.0009396826521614344
0.9879809523809524	-0.33808481661087386	-0.20239875137256744	-0.0014516118486183202	-0.0009550309177573776
0.9938357142857143	-0.33207103161439094	-0.19081743522126107	-0.001434543425905841	-0.0009184896929174037
0.9996928571428572	-0.3284127152489854	-0.1793528510525182	-0.0014142607525262794	-0.0008240833381928916
1.0055500000000002	-0.3237418142808433	-0.16856301290574677	-0.0014392613971027847	-0.0007529275245712247
1.011404761904762	-0.3188457091588801	-0.15793600372559646	-0.0014482145133513627	-0.0006629769037666496
1.017261904761905	-0.31354090020220454	-0.1481034228600728	-0.001451482475850145	-0.0005879716617328677
1.0231190476190477	-0.3081360005104973	-0.13856915869547964	-0.0014483563085593242	-0.0005158736647289854
1.0289761904761905	-0.30251757391738926	-0.1289569336436786	-0.001443029813276725	-0.0004590518314502004
1.0348333333333335	-0.2967957202314152	-0.11983652586599644	-0.00143412841057458	-0.00037827443335021894
1.0406880952380952	-0.29093040315856256	-0.11128449445250102	-0.001423013334449319	-0.0003088910564228605
1.0465452380952383	-0.28497500442418144	-0.1028826216448219	-0.0014091591085420262	-0.00023368485560037167
1.052402380952381	-0.2789178467758515	-0.09486237334258359	-0.0013930795319591974	-0.0001689654714510444
1.0582595238095238	-0.27278895743408227	-0.08681992283454552	-0.001374619464061533	-0.00010675403677769466
1.0641166666666668	-0.26659000457779086	-0.0791797001480251	-0.001353999104466103	-1.4144816045013143e-05
1.0699714285714286	-0.2603410063539836	-0.07226652944905076	-0.0013311800850578119	4.860873742223544e-05
1.0758285714285716	-0.2540503036572466	-0.06549451195787412	-0.0013063158782970412	0.00012046477090887507
1.0816857142857144	-0.24773291009783446	-0.05923099383139747	-0.0012794448522988869	0.00019682946194933803
1.0875428571428571	-0.2414005029281676	-0.05349819335952316	-0.0012506687659772974	0.00025139210596507907
1.0934000000000001	-0.23506475940066635	-0.047810853015831566	-0.0012200676919202982	0.00032945677619543654
1.099254761904762	-0.22873568858883384	-0.04266795323067447	-0.0011877333799683349	0.00040184908783033954
1.1051119047619047	-0.2224249677450905	-0.03807341647664012	-0.001153740898172681	0.00048026129837627876
1.1109690476190477	-0.21614427412185658	-0.03392429608141204	-0.0011181719873002791	0.0005402323342578841
1.1168261904761905	-0.2099036167926354	-0.02981227997633738	-0.0010811033835813205	0.0005946294432425426
1.1226833333333333	-0.20371133665201277	-0.025991030217641826	-0.001042616827782747	0.0006711224468711138
1.1285380952380952	-0.1975774427734919	-0.022367070254849013	-0.0010027957288504187	0.0007252326753198569
1.134395238095238	-0.19151194423057602	-0.019078151252195103	-0.0009617268320880298	0.0007880371093816188
1.140252380952381	-0.185523181917851	-0.016268813942527965	-0.0009195002191571083	0.0008378635857952416
1.1461095238095238	-0.1796194967299029	-0.013403430911745388	-0.000876205971719183	0.0008905720903188091
1.1519666666666666	-0.17380589320348322	-0.01089371360562313	-0.0008319341714357821	0.0009457541509232662
1.1578214285714288	-0.16809238041209515	-0.008572145252283206	-0.0007867765681473516	0.001001034091428345
1.1636785714285713	-0.1624856310714075	-0.006546573923177349	-0.0007408265798732541	0.0010599927975275293
1.1695357142857143	-0.15698998244660492	-0.004864534796527104	-0.0006941709519171838	0.0011084478314553666
1.1753928571428571	-0.1516117736175728	-0.003183823156976827	-0.0006468980977617517	0.0011498615083981414
1.18125	-0.14635567548527922	-0.0017412292863609143	-0.0005990947627106521	0.0012089437751651503
1.187104761904762	-0.14122635895069235	-0.0006358672095639415	-0.0005508426875308275	0.0012559311053201164
1.192961904761905	-0.13622749400743003	0.00036352165514567535	-0.0005022286175259717	0.0013005818329539644
1.1988190476190475	-0.13136258383121835	0.0013270233286011039	-0.00045333262528411043	0.0013437486844685138
1.2046761904761905	-0.12663463114410828	0.0020079140721593904	-0.000404238119751103	0.0013914811647133243
1.2105333333333332	-0.12204597139658385	0.002485811016413586	-0.00035502517351497476	0.0014315251408516048
1.2163880952380952	-0.11759843958545402	0.0029367984265558787	-0.00030576718644808237	0.0014674756159495839
1.2222452380952382	-0.11329337025385253	0.0033642715060941994	-0.00025653922660169945	0.0015040632080780675
1.228102380952381	-0.1091320979449131	0.0036541495285607934	-0.00020740802113251375	0.0015406534499177768
1.233959523809524	-0.10511462265863579	0.00381043861427276	-0.00015844363355504743	0.0015712624011744788
1.2398166666666668	-0.10124161166658742	0.0038691605072577453	-0.00010970411649561878	0.0016052756813663904
1.2456714285714288	-0.09751239769720114	0.003892718514906181	-6.125052530259714e-05	0.0016380730357568969
1.2515285714285715	-0.0939264802968018	0.0037172908833486553	-1.3138510424660046e-05	0.0016705762075982483
1.2573857142857143	-0.09048319219382249	0.0035024185029114015	3.458218304288177e-05	0.0017025657069733285
1.2632428571428571	-0.0871811988451295	0.0031875242681230933	8.186321127500805e-05	0.0017360421556489739
1.269097619047619	-0.08401899888969733	0.0028119282434393273	0.00012865713126331382	0.001766378997011793
1.2749547619047619	-0.08099492414860879	0.00239762819687929	0.0001749252412569201	0.0017945723727287068
1.2808119047619049	-0.07810680598927151	0.0018964495380334688	0.00022063334358802454	0.0018256097282156889
1.2866690476190477	-0.07535280941487661	0.0013505448057536903	0.00026574757422460806	0.0018464911330582426
1.2925261904761907	-0.07273043215704829	0.0007897792619736756	0.0003102379059461612	0.001871066399304914
1.2983809523809524	-0.07023717194741075	0.00020296299882149692	0.0003540843206056776	0.0018945246374242443
1.3042380952380954	-0.06787086015337164	-0.00038913322617327255	0.0003972567909826477	0.0019211699976349249
1.310095238095238	-0.06562832723498828	-0.0010516817739695606	0.0004397352989300654	0.0019446768317371648
1.315952380952381	-0.06350707092388491	-0.0017567218232756928	0.00048149648994308983	0.0019636016064749017
1.3218095238095238	-0.06150425531590229	-0.0024834901868120204	0.0005225220140536318	0.00198274143476724
1.3276642857142857	-0.05961671087109774	-0.0032372748481227813	0.000562790184935768	0.0019986667316984606
1.3335214285714285	-0.05784126804952859	-0.003980506522194369	0.0006022926616949122	0.002017575301739085
1.3393785714285715	-0.0561747573112522	-0.004822739805085441	0.0006410110943629755	0.002036184089015041
1.3452357142857143	-0.054614175934217586	-0.005637942198409344	0.0006789438147610406	0.0020534989672235148
1.3510928571428573	-0.05315602074269867	-0.006434633904531276	0.0007160824819945215	0.0020688300946437293
1.3569476190476193	-0.05179728901464449	-0.00725578524872973	0.0007524304324212527	0.002082680848264032
1.362804761904762	-0.050534644392220655	-0.008047910337952595	0.0007879876660412342	0.0020974692427599695
1.3686619047619046	-0.04936508415337623	-0.008832332271604975	0.0008227575192123002	0.002112713447222928
1.3745190476190476	-0.04828543875816854	-0.009623246061533064	0.0008567466646501197	0.0021284977891680027
1.3803761904761904	-0.04729253866665491	-0.010475441510492556	0.0008899667796071129	0.0021419082142160708
1.3862309523809524	-0.04638354797467612	-0.011247135106381714	0.0009224228686200315	0.002154908227392374
1.3920880952380954	-0.04555563077807294	-0.012021716494913022	0.0009541249407623785	0.0021678413685307296
1.3979452380952382	-0.04480561753690271	-0.012786137981632544	0.00098508133692874	0.002179648079108864
1.4038023809523812	-0.044131005982789615	-0.013530671455030467	0.0010153020661926191	0.00219183109853494
1.409659523809524	-0.043528626575791006	-0.014305477912851514	0.0010448004739853534	0.002204660904637163
1.415514285714286	-0.042995977047531095	-0.015051965498431092	0.0010735815648436945	0.002213046377444677
1.4213714285714285	-0.04253038831174236	-0.01580442370415977	0.001101660352377897	0.002223636620335073
1.4272285714285715	-0.04212935810004902	-0.01654980030453582	0.0011290501820192984	0.0022350396399464204
1.4330857142857143	-0.04179021732618357	-0.01727520266810314	0.0011557610628414024	0.002247160211431034
1.4389428571428573	-0.041510463721770204	-0.018008940386367002	0.0011818113448122975	0.002256932507379432
1.444797619047619	-0.04128792865421657	-0.0187384421503288	0.0012072127051844042	0.002265458327577163
1.450654761904762	-0.041120276673038615	-0.01938175029577505	0.001231981825746895	0.0022746964122469875
1.4565119047619048	-0.04100517232775226	-0.020038518928804656	0.0012561337201100237	0.0022833006731171656
1.4623690476190478	-0.04094061380365687	-0.020691356252683844	0.0012796834018840456	0.002292478929334317
1.4682261904761904	-0.04092426565026837	-0.021304635523126517	0.00130264922103705	0.0022992620970287833
1.4740809523809526	-0.04095412605288614	-0.021948800448266272	0.0013250311775690362	0.0023058075284233637
1.4799380952380952	-0.04102819319680953	-0.022563602477699774	0.001346847621448094	0.0023095668578829495
1.4857952380952382	-0.04114413163155449	-0.023167851367721554	0.0013680985526742233	0.0023147005237646426
1.491652380952381	-0.04129993954242037	-0.023784358753505513	0.0013888089939311816	0.002320433547240641
1.497509523809524	-0.04149294784313967	-0.024383505981590343	0.0014089539225352115	0.0023280158669393394
1.5033642857142857	-0.041721154719011756	-0.02496875790781994	0.001428545015738733	0.0023363060034137565
1.5092214285714287	-0.04198139063009395	-0.025563467895021612	0.0014475589190369057	0.0023416450148880667
1.5150785714285715	-0.04227098649011876	-0.026093311511621493	0.0014659672733881369	0.0023461908425355636
1.5209357142857145	-0.04258560503390147	-0.0266394403259022	0.0014837584015400065	0.0023503180472212674
1.526792857142857	-0.04292207672149942	-0.027151234883491877	0.0015008422218309862	0.0023557619350045743
1.532647619047619	-0.043272894747785236	-0.027650316616798343	0.0015171686888935598	0.0023622719165930298
1.5385047619047618	-0.04363472275492452	-0.02818998368257312	0.0015325526348679193	0.0023691691878765225
1.5443619047619048	-0.04399171304320395	-0.02868987009908396	0.0015469139871660388	0.002372119607245038
1.5502190476190476	-0.044341530162139445	-0.02915999503887	0.0015597122558187481	0.002378380711413807
1.5560761904761906	-0.04464430463561008	-0.029620358311457238	0.0015712760720727342	0.00238500726906052
1.5619309523809524	-0.044927895051532996	-0.03007132617486079	0.001579411780651887	0.002390857014534849
1.5677880952380954	-0.04504500121151999	-0.030517992729820483	0.00158588931938735	0.0023951280993224516
1.5736452380952384	-0.045147927850710826	-0.030977741571660666	0.0015827397975916885	0.002397377797440505
1.579502380952381	-0.04468567547275648	-0.031372405350908676	0.0015806495694084448	0.0023995337308531446
1.5853595238095237	-0.04449466898673782	-0.03177054475584281	0.001536049137878357	0.002402439584969315
1.5912142857142857	-0.04168345387548318	-0.03211954445785402	0.0015322773853465822	0.0024059616193546603
1.5970714285714285	-0.04238775901432231	-0.03244382955441173	0.0011504695993160643	0.0024073239224924907
