8.71811366572486,0.00187388307642973,0.00542941197109599
7.88445479355166,-7.1863026370262e-05,-0.0599423248790751
0.152176638501345,-1.27484131390594e-06,3.82785688157765e-06
40.1807283504141,-0.233992676628931,-0.00535054131681912
7.26191260628313,0.00258229289112626,-0.030430435655914
23.8637363084269,0.00319764710783014,-0.171678100399876
56.6277903733844,-0.247714981908913,0.0265612235839368
17.847131741119,-0.114495371576639,0.00575183419904236
97.1115515883504,-0.0277197720732607,0.0996553691888747
40.3418277706105,0.00659588625452922,-0.276562681634198
36.4160086344207,-0.237375312925684,-0.0038526232615773
43.9142019673652,-0.296082791866886,0.00665890470483443
10.9359403958289,-0.0875916654158257,0.000209876357359303
7.03847038143349,-0.0461339985106286,0.00062067661045479
77.7358062667656,0.216149493675861,0.216184821542919
87.7099094537516,-0.0678019049213235,-0.137415538592752
58.5096474176913,0.03308893937502,-0.224238130773345
41.4259574352563,-0.0754018212436006,0.07243975242902
2.3950094408744,-0.00103844023155567,0.00359029384326493
68.5709865188518,-0.0286856482300636,-0.297132998755204
39.9638805841234,-0.0496092273526294,0.0842887631805663
0.871121500708222,0.00010177935203177,-9.31166647125815e-05
17.1998834878322,-0.0524057406392014,0.0202628059480478
14.2242825821556,-0.106155963855983,-0.000160976969138704
30.2818749180672,-0.0805573274578754,-0.00479956348695375
71.7210377976807,0.186003030682472,0.14804350440645
20.1291627390729,0.0207580626119356,-0.0117300429399485
6.32871988626577,-0.0355206738278767,-0.000132371329579808
7.81261752067892,-0.017830661623287,0.00417942276975385
36.6408906903771,-0.233526577095211,0.00999606689335764
4.23797468620132,-0.000487901958248077,0.00901224573381226
25.6844638278198,-0.194087809717142,0.0017640753351792
40.2646576162955,0.0116220353577874,-0.25035451560257
0.356088501590563,-2.82571069336943e-05,0.000406385673864031
79.2444958873739,0.108018492964969,0.0349480767576109
5.85299151055688,2.39701854938476e-05,-0.04765256553301
86.8830854306615,-0.108718907683993,-0.0841447535312695
17.0315540492897,0.0159252829147957,-0.0731371759965317
10.1930054982966,0.00666594068385187,-0.00441266390918767
22.8939660587762,-0.0518078006133167,0.0383442066867876
3.09268443225921,-0.0238389654333346,-1.07365230157351e-05
29.0452498012637,0.0043724077819855,-0.202007028225917
64.0661862442511,-0.336499076432138,0.00201262254061454
2.50060029275824,0.00044609761334406,-0.003753346228024
23.4590869638773,-0.063855573285561,-0.00193722605435424
60.256215653362,-0.021474287142756,-0.260830116073373
12.4482804420744,-0.084647946146419,0.00144984554580417
0.555591506778557,3.29020860749037e-08,-0.00455948368690776
49.5316607063269,0.0647317215417731,0.112436609037359
87.2716137476811,0.139532076046729,0.143823058235967
27.2976478771381,-0.209245137698639,0.000522744777363967
55.6524977678217,-0.286320176848231,0.0173042542393109
55.7666070709147,-0.021245419903292,-0.129896330618552
25.3599021021497,-0.000128019381714323,-0.189701901821476
4.40906337207556,-0.0357632430561429,3.02965041320546e-06
65.9852736184987,-0.200479193597246,0.0420907403564702
62.9764148959627,0.0458787367921097,0.141414094961122
60.0923338393837,0.151637043681675,0.113539966553414
3.56351547598062,-0.0100572621179611,0.00078780392974993
21.9431045156017,0.0154240781195943,0.0154240778503027
3.20806459724006,-0.00150115443112057,0.00534236844013499
40.9756581116484,0.0496905548033014,-0.133268922458579
46.1948918982998,-0.00486021706088816,-0.286560675993411
0.0249862760094581,-1.76641517424188e-07,2.27731507837298e-08
0.0304440817178229,2.7424131233702e-08,-2.90050717303274e-07
46.320884380786,-0.020697859228047,0.0840914973871174
14.9726190311296,-0.0609980919075175,0.0125980849897779
4.76146342997793,0.00164977949989349,0.0011456448518425
0.064765817077646,6.7869656071524e-06,-2.72975063628518e-07
18.2331078322655,-0.0690746549912567,0.0206450645120588
62.4290517785878,0.0118643696190262,-0.312714869746191
27.2035610884582,-0.106835494820528,0.044370673097071
3.45986087091475,0.00415283752897361,-0.00194373132483713
15.7231507642874,0.0147382814154704,-0.0229308052875646
83.0046882233018,-0.101809881022023,-0.111333193580416
0.660105327855924,-3.18469211927845e-05,2.12223940173548e-05
1.81378617570135,-0.0120001628068577,-7.99120755813185e-06
6.24814371460292,0.00250591734716106,-0.00453613307520567
4.71512066802024,-0.03280063363071,0.000169959590625982
2.90176825235441,-0.0140419416319039,0.000322201009809567
87.1837682563846,0.0728190708308563,0.090401348716705
0.0198985826769694,-8.23002108514457e-08,1.48625259786175e-08
21.3932488997037,-0.0374954075188498,0.0318042983849396
17.5674813600076,0.0192246013696784,-0.0308758605246613
14.5027354726604,0.00202047239516672,-0.098746985725537
70.6129123581285,-0.00166702328113524,-0.3068621724164
37.0400650676286,0.109353796090717,0.0498348253461629
1.8486279892097,-0.00537473433829822,-1.418450444428e-05
13.732360247934,0.00877466325406481,-0.0644437577116809
0.594140342140302,-8.11349665687822e-07,-0.00265956158066756
65.2313111931395,-0.314062719050015,0.00937107384017436
13.5687996167499,-0.108149317084239,0.000183993694290155
62.1847836314083,-0.0193308683536255,-0.302445535088038
9.14857295236675,-0.00452192328827745,-0.00572357530904041
101.5174592145,0.100525072709782,-0.028247695167903
26.2937753203283,-0.00167883787726861,-0.161495594991758
101.000728329191,0.131487446781588,0.0962965352162414
32.123636873574,-0.234715849827435,-0.00164063594904816
45.5763809896297,0.0383556834759074,-0.149134180392256
69.3052583288228,-0.0454611498702153,-0.206617671516038
1.81378617544633,-7.99120852943693e-06,-0.012000162742668
0.171456939848985,0.000532675039703272,-3.02178218071343e-06
12.1871348704811,-0.000365111122190835,-0.0782087760927955
0.381586119535999,-0.00211152986573441,2.42598290706682e-06
88.7139960878734,-0.0490313516662836,-0.0443010117684047
4.62341614898028,0.00857438758953371,-0.00134870828119292
4.33609847428259,0.00133133950501059,-0.0076743906766349
24.9698677102569,0.000292513570849034,-0.190781975754745
54.6574389112205,0.0213840360957541,-0.266284495187051
21.3932488988381,0.031804296753375,-0.0374954099115639
21.9982605339154,0.0113686982252325,-0.135450122111362
4.99944360033119,0.00759359130956986,0.00103754587125287
1.59475645297283,-0.0129774840596967,5.48593562973542e-06
73.6718532744855,-0.0704732540523341,-0.0465230006232013
52.3314646748717,-0.0100221571731422,-0.28310430747633
2.7209999177645,2.25384126548048e-05,-0.0217745615001454
49.4214284882153,-0.271778327699879,0.016907917234562
4.08481330208927,3.79373137317682e-05,-0.0330310556432282
87.9155479465804,-0.00357189514906515,-0.0268382468808598
32.9284824386528,-0.00327044517069097,-0.217634879450818
0.395197560693373,0.000612163873504553,-3.45290794770247e-05
0.0320338668231062,-1.5558915584192e-09,2.04023853945054e-08
0.581297695036366,-3.17189011002214e-05,0.00191145548310918
23.6534441769926,0.0370298783742599,-0.0843205479406705
82.7235127881259,-0.165300873798241,-0.0231808897557059
15.0612289624385,0.000636822084069027,-0.118456625963749
43.4636435274426,-0.249041361063424,-0.00591120039074056
3.80838805848854,-0.0290019820793827,7.53647215229735e-05
95.03005083449,0.0156462376369349,0.106493691926595
2.41050910037394,-0.000394576914180067,-0.000394576925393641
72.5149730434411,-0.283751234554031,-0.0347482424599219
106.784172741456,-0.00140327599850608,0.00383606512916459
62.8025804010336,0.108453577149978,-0.0181369908781694
4.71556426976073,-0.0208335422920012,-8.68222409616659e-05
10.4769310624388,0.000344730548159592,-0.0823258645797092
29.435352400791,-0.197028116387324,-0.00222200232147973
97.755359765986,0.121910094755459,0.172993183065394
36.6459593844235,-0.253977233822157,0.00605581505559724
60.8591045355732,-0.128427708822391,0.0617962287803095
0.921017305619501,4.30898227982146e-06,6.15831156011611e-05
1.69179600940206,1.90841745665778e-06,-0.0139321902425122
0.87112150069856,-9.31165573317672e-05,0.000101779331709188
33.2501142590835,-0.19929440085757,-0.00415741705473913
77.5000640787074,-0.260118586696617,-0.0333090502902984
6.24814371437153,-0.00453613298890727,0.00250591829378905
1.56020211812376,-0.0125205043665266,7.15094202413507e-06
5.1517247673428,-0.00213419862613949,-0.00213419850848543
36.0130942483655,-0.249794714790251,-0.00282261512968558
5.85299151126286,-0.0476525647858921,2.39701400694438e-05
31.1409219238441,-0.000377839554167547,-0.235043724077543
77.8779574534132,-0.024133418263441,0.0898652400835487
0.981082663137223,0.000491575496774,-0.000187803691427457
38.6794163407624,0.0809805024976253,0.118701122842029
74.2705471134698,0.148966714056429,0.0884550226901592
0.303670516618132,-8.45131046708507e-06,2.07768521820049e-05
21.1119449996505,0.014551066929858,-0.12073806226894
9.84367187932899,0.000222426738384189,-0.00408605640178565
37.0046619547973,-0.213470239695816,0.017169615859504
95.3456001187623,0.0902662788601469,0.158485605857382
1.99104689886097,-0.000594997779456561,0.000355782646177886
70.4161777232681,0.0528507391446543,-0.176503539612326
85.829724614605,0.0215604858366374,-0.0319290802707771
87.8937521589573,-0.151441380606614,-0.024806054407793
11.6846539883572,-0.00961788924084851,0.00890665098874003
39.3473838713623,-0.208614730125786,0.0208887379893036
87.8937521394505,-0.0248060564317825,-0.15144138116232
72.7973730174823,0.0210322487394277,0.124782902378548
81.4124225784091,0.168578864154142,0.180164742168936
81.3420968587709,0.210030243351835,0.206541366788595
28.3496040402249,-0.0484938419460279,0.0617929412810817
10.223877050202,-0.000460975478462311,-0.0289936447484181
25.6844638305312,0.00176407497440528,-0.194087807920804
1.18176675084494,3.63243486639398e-05,-0.00656974771205468
97.8296299092956,0.165353743178583,0.165353743804978
11.893608812021,0.00666359675581876,-0.0540879603316619
42.6457425885834,-0.286500616259317,-0.00273447836125117
53.4866733229314,-0.00233198690740451,-0.340992167465055
54.9783563799448,-0.0120267743587521,-0.290714807231752
17.5674813608234,-0.0308758583665696,0.0192246031245805
16.2601908508043,-0.127545327475705,0.000216612665547409
87.3137180499811,0.216240442066518,0.217960174294141
3.37572491114673,0.000812209622425098,-0.00549981231792449
0.127851571776876,-2.55909394769911e-06,0.000205644994640328
43.1722886296354,-0.0363582403862381,0.0852222536926995
6.52469064226855,-0.0372315729036124,0.00114760795310535
0.698814768350183,-2.4071141264458e-05,2.81379754149868e-06
47.7675599278303,0.0697381897524471,-0.0476017402016853
21.5369471950038,-0.100708616970507,0.0237701608080278
2.00413775029701,0.00553252918403287,-0.0003418807280854
67.5685617046966,0.136333197046227,0.197565683809569
54.9783564011471,-0.290714808406858,-0.0120267737804896
101.51745920478,-0.028247697002998,0.100525071417766
75.3440437276035,0.215217408181775,0.217265236302614
43.7692326104834,-0.21545027539617,-0.00754572349381568
4.40625810593064,-0.0287807997706743,0.000244359817331943
11.9189989517266,0.000747590292531968,-0.0895361584526108
8.1334450196899,-0.000218744852844161,-0.0454093036548009
40.1664112285797,0.106880167597134,0.0131337353591558
28.1955315963292,-0.208291072973451,0.00229097458107379
11.3644176733079,0.000103348906778529,-0.0911369675221167
3.83108027558277,0.00107256275536183,0.00176461072869341
63.1497148363349,-0.0369163913453164,-0.0481290563961854
86.0226473708145,-0.102578257033683,-0.113796685568766
25.3599021138869,-0.189701900838542,-0.000128019401788099
10.9359403910217,0.000209876378540054,-0.087591665212244
50.2689679294818,-0.335262649261528,0.000304128989608309
3.19015527388226,-3.27374852879023e-05,-0.0180702022285552
28.5476990316776,-0.127294793595938,0.0415102641814745
17.8904348735697,0.0142681306673552,-0.0896433172300292
1.52439346304804,-0.0119812940322044,9.09747931097971e-06
0.579430507187576,-0.00424045783121735,-3.65509496037582e-07
71.7210377886418,0.148043504399741,0.18600302884584
36.2543716005335,-0.112817029807828,0.0612169483391012
49.4209226164251,0.0832127546503091,-0.00344091455095048
90.5045527731897,-0.0168201329826127,-0.168841170154156
13.4986666925897,0.0033192780009644,-0.0855372520952865
4.5424437947496,-0.0348679214427549,-2.36570558232141e-05
82.6727671257278,0.113656319242414,0.0753380392098433
46.8794815164754,0.0323498897492117,-0.17205412495973
55.5873481827379,0.0948378058565346,0.117792657031342
41.2574193722443,-0.262613389497215,0.0107984141900363
22.8564481553143,0.00844670017064328,-0.147868509276815
3.04948659719698,-4.2366057335808e-06,-0.0243670788135109
59.6069085403918,0.0719087084012323,-0.0898788685542387
0.0763563294170879,1.22000368342439e-07,-2.77831927240265e-07
3.60180123343071,-0.0257850029584373,8.89626954090887e-05
16.2601908423603,0.000216612611533347,-0.127545328590499
80.8659646674511,-0.0904742132557078,-0.166960864974761
20.1906645766411,-0.104193802844954,0.017473406297406
1.13656206915414,-0.000116761447014629,3.08877791488135e-05
65.445831389234,-0.337483583895017,-0.0105701232329525
21.889769745963,0.0259116228831621,-0.000963917737559807
77.8213346594485,0.193093943176984,0.195288184326678
67.5455518521905,-0.0483094388292266,-0.0491037133821823
97.755359770263,0.172993182903385,0.121910095621902
40.2646576066662,-0.250354517372061,0.0116220346537366
44.7455167173723,0.0116077409693783,-0.278543707711524
57.4930704913593,-0.296475589874568,-0.0142467813508529
0.187883044946714,-2.4852092277942e-06,0.000653113896822872
5.14303541425001,-0.0390780338641252,0.00013767445540615
77.406114787667,-0.0832887575843005,-0.124061286393254
65.3855865458694,-0.0426673290013168,-0.0483519304716011
2.72099991748802,-0.0217745618232782,2.25384290045768e-05
35.870709468066,0.00201413001267395,-0.262624639418776
0.280945423232818,1.81871848983537e-06,-1.97298440771989e-06
42.8486725085553,-0.101010862393724,0.0594907740807073
3.16354336782051,-2.53336604872406e-05,-0.0208457552937436
83.7944588788556,0.0380948362748373,0.0857100346637579
22.8564481598867,-0.147868510557803,0.00844670041359171
10.1793450982883,-0.00607362848683247,-0.00445159241661139
68.570986542575,-0.297132999869796,-0.0286856471374577
0.443385916411477,0.000155430591136153,-3.45988247648751e-05
14.5027354718375,-0.0987469864070869,0.00202047216475239
3.82383900361352,0.00564561462607854,-0.00200199520885295
1.25647850070998,-0.000299989719762153,0.000589853264880839
1.56800718241576,-0.000514677269711298,0.0014841254115239
8.12604708133806,-0.00443385289839343,0.00472992009294832
15.9815817598634,0.000341035357808959,-0.126517446434509
2.58076809306287,0.000253319055092478,0.00589071035062166
23.1927592498301,-0.163721454590935,0.00345962374371181
8.18536266329274,-0.000263755005550036,-0.0357978937010655
58.6015081191779,0.147231609471445,0.149674829724031
48.050128481615,0.152399525902678,0.152399528347981
69.7660763141021,0.0331102480786541,-0.232618025368414
61.2257663171495,-0.0521944105805629,0.0885004341859305
7.57526653816091,0.0035985719750131,0.00201984663417346
64.2462046330427,-0.228361233045945,0.0334113178880833
79.4410319806573,-0.10606657839558,-0.0420740110126867
81.696717749789,-0.201375424450144,-0.0537196547177432
85.5547888295455,-0.132584565455796,-0.0763543511156636
4.41157957003272,-0.00285669022659948,0.00115273949371524
43.1722886310817,0.0852222527104523,-0.0363582381512726
10.2086595015506,0.00497031222199777,-0.0450791668997754
18.5141526838262,-0.123347315262313,0.0043771005554201
58.6292193169102,0.0170144533556927,-0.291405071908409
51.0177917010152,0.0407576019909041,0.0975574383291157
67.0301707642384,0.0330598443917904,-0.230456312131536
87.0078251482978,0.00284984472363493,0.0355997659979237
72.9622274540389,-0.25005003805941,-0.0462448856279539
52.5876102033909,-0.279818012630463,0.017336817635118
31.9980512421062,-0.219260132062102,0.00555039321843177
93.2456333891952,-0.0678410770766865,0.0215924335741452
57.0562939270074,-0.0101676867384021,-0.322979578724366
49.6038803580685,0.00210672883599128,-0.333183929551262
8.81545402048673,0.000178296881108948,-0.070446156075065
3.31392814490913,0.00678478103943417,0.000429723140553155
45.4715153515673,-0.312733973318979,0.00415946432061242
8.22079415762447,-0.0003004602549429,-0.0234526452555834
9.00133258962452,0.000136894646615703,-0.0724627401618954
3.8006484298597,0.000122839461641207,0.00841108638230142
50.0612255722619,-0.167362022155406,0.036225508016538
28.6956240217236,-0.212277796964461,-0.000901149731992783
0.564382097969756,-0.00454602652773776,-8.38631534999336e-08
2.81089128174947,0.00737865326790613,-0.000277243757667075
50.4066398742169,0.0141928451621602,-0.288362764555437
0.17499165467743,1.05075283883953e-05,-2.55734736808067e-06
0.411472485228452,-0.00267381984317456,1.26839370582033e-06
13.2744366827784,-0.0945074772963583,0.00124304250811879
48.14211545454,-0.321154630803073,0.00494894159432623
34.521739541575,-0.211507998950386,0.0139786513099664
3.1308983422965,-1.78671040047717e-05,-0.0227209675219138
23.4590869549079,-0.00193722598557344,-0.0638555731565531
32.2655182230937,-0.183880791517804,0.0242081934909825
3.55858479975537,-0.00069524167431158,-0.00123868169229348
0.131043659853936,-5.04423374966541e-07,8.61495751173898e-07
63.0466099590382,-0.136201976916876,-0.0342778195810196
15.4128305465417,-0.00749326471529797,0.000875542872096969
62.4459794893255,-0.253344011284978,0.0265819412274093
0.131663810834506,1.81100698487915e-07,-1.46006977175818e-07
8.05051254791531,-0.000533111756869745,-0.00571645621330887
0.536079846000557,-0.00443369908615095,2.03829358403919e-07
53.6031926972788,0.0256392980924049,-0.243930304018419
96.5646045096235,0.171307017709715,0.107386516125726
19.4710565503619,0.0248729245915387,-0.0365864286777084
66.7929992795424,-0.33218759581429,-0.0038020905500629
32.5511982974108,-0.2289229645387,-0.00242036845338392
58.6292193109032,-0.291405079404425,0.0170144496554047
58.3135364883444,-0.348979924196235,-0.00321168105354141
0.425984791132612,9.91743823071155e-07,-0.00287589422531277
0.042635069330829,1.84872828500046e-09,-1.5617220969859e-07
99.07116000398,0.0854571434878945,-0.0702399510429341
2.78179266017287,0.00442620236301345,0.000473259533339281
4.56013826966304,-0.00123168068284257,-0.00205581088625912
3.37572491230976,-0.00549981262960095,0.000812209308680031
2.70942752783158,-0.000939670784455524,5.78554366912999e-05
80.2941592948358,0.160737324280744,0.143539228404548
64.8839594863159,-0.167265345106928,0.0523445680310283
2.9120433644494,0.00622647188855581,-0.000997947984926405
15.5838803770395,0.00443701895755031,-0.0993547786856718
72.0449515665322,-0.14759172722226,0.059049718095722
16.1384610895213,0.0184213693985202,-0.0374531435376605
36.6844682180611,0.0804356697320444,-0.0598634970748506
62.8495037192061,-0.207897212295305,-0.0300833646882908
8.22079416087218,-0.0234526452507554,-0.000300460253261876
69.6403725673907,-0.0560174611664147,-0.0479946648872864
93.7630448193104,0.0778789729135899,-0.000681375827393688
53.0974180834381,-0.126307011993695,-0.017774895770408
3.16354336827099,-0.0208457554044337,-2.53336613844251e-05
54.6087437070776,0.0028609138246095,-0.3437954194705
79.3844142586526,-0.178069613413974,0.0112844203616651
33.8477572176842,-0.00648564138620007,-0.0888842327970055
48.8928163382744,-0.32818079828523,0.00359797956756603
61.2257663160489,0.0885004356392206,-0.0521944063162362
45.73742209084,-0.301654231041588,-0.00296692052447462
55.5982429423366,0.15420114317131,0.149602714747013
16.631340276311,-0.0170737914019597,0.0106325017228448
62.5615636790937,-0.263003041522837,-0.0249325291375624
12.6494946480523,-0.00565999242214237,-0.00565999071719772
0.983661852355383,-6.4729184179601e-05,1.39901334732441e-06
48.0275425646205,0.127564673635581,0.0857819325763496
20.2446504758099,-0.157049919672331,0.00131920265012836
14.1838512892484,-0.0458470196966622,0.0130829446380595
60.256215667773,-0.260830118073334,-0.0214742863375996
67.6983173978111,0.217968738220555,0.198627416357375
17.3042854427552,0.00248074939609532,-0.120368955545917
8.62376686826967,0.000230439930594922,-0.0680614363693249
13.7323602528265,-0.0644437587958871,0.00877466298119978
53.1673745485438,0.041487816728758,-0.164129983444591
28.6146369515206,-0.0109156718635566,0.066102003000416
105.196462073533,0.0420502690038899,-0.00831847622424626
9.55042320954075,-0.00209683378626661,0.00280530762124443
59.1333007453777,0.00438840255697168,-0.341897787233593
14.6741157735295,-0.080347416756522,-0.000623959950374781
1.2233477722342,-0.000323632783124151,0.00123556957022996
36.8819124496435,0.0348222203686004,-0.174869465073787
80.1882180165832,0.190883253531229,0.196733238117121
63.4284319158647,-0.277111622339163,0.0205630725366328
93.2555061647768,0.203927033919455,0.203927033963049
4.64658406759492,-5.57371205079742e-05,-0.0304856942345712
85.8297246179353,-0.0319290795840506,0.0215604874836564
46.320884383558,0.084091496267278,-0.0206978575687428
4.71512066919754,0.00016995961876163,-0.0328006335957648
5.04627637259467,-0.00338073267240082,0.000462981825837705
4.25392782124642,2.12790217097444e-05,-0.034806507318649
0.381586119410744,2.42599922588282e-06,-0.00211152984246924
70.7261171233602,-0.257416167852018,0.0234181106919512
61.72224668295,-0.0137284384205956,-0.328387506077285
55.9595250676097,-0.346302656458991,-0.00279070713201628
0.286183857325677,-1.602068205399e-05,0.000155671579095655
52.6671478463391,-0.245132320395828,-0.0129289506611896
66.218245645259,-0.278683010633612,0.0191726734931656
33.8081980680419,0.088541691902538,0.068068680931609
0.648965841089193,-7.44047630696916e-05,0.000223990650934171
52.5720678503177,0.081967675200546,0.112015940110641
65.445831346908,-0.0105701240080942,-0.337483584509514
17.8507762801249,-0.126714191201368,0.00238735047079791
7.77410779269042,-2.85490310722128e-05,-0.0612913028082836
56.1978890611144,0.0463330054068009,-0.16287432285406
1.13656206916097,3.08877769969091e-05,-0.000116761478590515
24.8618674686803,0.0470432365084717,-0.0459059951677609
0.045870215687741,-3.90234554257735e-08,5.46046404026597e-08
34.6400081830674,-0.183286734434978,0.0291295366040601
35.1712481259777,0.00277487406171568,-0.255487817902422
87.3685531577046,-0.113717350807199,-0.0961188162885816
29.8493824426267,-0.211025053713863,0.00398655879862152
3.49175892248094,-0.0242902413278901,9.28327527536596e-05
18.6150995068385,0.000574401419073264,-0.146258705352979
0.331105280521347,-4.99911375180332e-06,5.606379319681e-06
44.0166045486197,-0.310689770085122,0.00143826059172296
14.2681250724353,0.0144902835134558,-0.027651446218232
102.070079601926,-0.0787699602293531,0.0648336889558068
12.4469359011264,0.00559277185152437,-0.0660424618252905
18.8860262760858,-0.0435914778424321,0.0245412085637307
2.06058447149544,-0.0115039403670611,0.000114205062115476
0.0568143913299747,2.61295776664567e-06,-1.33399566562818e-07
28.2623924239486,-0.213610463355352,-0.000341612116111872
33.6115618815925,0.086470938593029,-0.0161356239212773
71.2728478591297,-0.0372283711335347,0.103597076382407
86.1183559097037,0.172586723636736,0.167706678773977
0.728757566951154,-0.000105405026991069,0.000381213876135804
21.475013631378,-0.167319796736179,0.000763843452411665
24.9768287574173,0.0368294546103617,-0.103566746862763
0.315537611472635,-0.00036294802256938,4.42106686453202e-06
42.7401207394638,-0.251078539019163,0.0141794488909646
15.4648704538226,0.00175164727327038,-0.109955934794195
106.263829404681,0.00953157482991876,-0.0109844003587524
21.7712466729468,-0.148547668442124,0.00424724764168577
79.2018647201616,0.113852062819844,0.143013867108685
106.49413741962,0.00863633435650508,0.00863633491812889
8.62376686731481,-0.0680614372635498,0.000230439940384008
2.58076809360547,0.00589071047829668,0.000253318733394405
57.6561789408946,0.0214862387807176,-0.270903270389483
0.566291505789875,7.60004679542949e-06,-1.62536944485193e-05
59.8905151152651,-0.30038993290826,-0.0166815016875027
70.7261171286083,0.0234181098303106,-0.257416169655717
33.7115654441351,-0.135859093077266,-0.00583558200196037
0.575148394741749,0.000125066382405293,-4.99665932900322e-05
74.0189736470528,-0.0153948742076808,0.105534229584859
4.26377521264658,0.00262561122230363,-0.00281943417324152
42.6465572835161,0.00331579662256786,-0.301041366499033
0.278971208820189,3.47334658250303e-06,0.000381073130835012
59.1560294427785,0.0497034332135746,-0.163200400220836
52.2692014647512,-0.0624745717012169,0.0631357940028651
76.7136268225803,0.180436908159511,0.17355210075338
43.9142019604293,0.00665890336610679,-0.296082789840373
0.0494535865837442,6.25904077713917e-07,-4.62977831204866e-08
95.5189992575834,0.152331358950803,0.189449215491502
13.5687996150195,0.000183993863642983,-0.108149318572967
95.8327471814156,-0.0439174669163111,0.0763916898297104
71.3304268514417,-0.0513428872427969,-0.203738364184708
1.22334777229226,0.00123556951553635,-0.000323633004657238
16.9900118508763,0.00282569960377434,-0.00364848529516417
38.991037847022,0.0415687152578379,-0.158147290793444
86.0923918017617,0.124842351601183,0.107236657840026
8.81545401574963,-0.0704461559827478,0.000178296716071677
63.0711162285142,0.166515754893318,0.0936793964025255
2.51224538473172,-0.00112551678245785,0.00117373407148774
19.8059644841287,-0.152128247372933,0.00155984075578373
63.724636748982,-0.131180839376438,0.06391905705269
48.7656636650315,0.0405278607365224,-0.141027392329935
3.18166218727167,-0.00139366934401667,0.00076746489660139
76.8257503920423,0.109529171242161,0.148675926228826
41.1455651620618,0.0053612959608102,-0.285863529461769
52.481094621171,0.0132380552353369,0.0858998665671837
8.00316190481258,-0.000401772292659697,0.0070633582701745
0.111451199353941,-1.91376454237337e-07,-9.42224202388546e-08
19.3511161645163,-0.14643662567769,0.00183697329827329
0.395197560671366,-3.45289639615005e-05,0.000612163998395408
9.15057299330589,0.000636724100734104,-0.0636592455256527
6.90042390992445,0.00342792414579137,-0.001798149303504
13.0682925460263,-0.0504749631550718,0.00975053614987706
3.49175892335687,9.28327668089279e-05,-0.0242902413066153
28.7435052274362,0.0242102734078869,0.0634565365117784
50.2815182913226,-0.121955965139411,-0.0147202069594271
12.3782246410225,-0.0366916040999354,0.0101006971992459
33.3938529084443,-0.164872501780532,0.0366724851334437
2.35584181424441,-0.00106753124628597,0.00183945836181965
52.5876101913975,0.0173368163375031,-0.279818012431073
7.92497905211686,0.00167752756807344,-0.045548698206356
0.0198985826769344,1.48728403510422e-08,-8.23304054243162e-08
96.5646045041495,0.107386515191024,0.171307017345436
57.6483476811011,0.000420223099340105,-0.349158087005831
37.1892079134006,0.0007896807267452,-0.273693284870184
63.2765680756562,0.00721596876212505,-0.326765287688301
26.0266910972818,-0.00113188062207231,-0.176235972795726
32.0190171652333,0.00190427767284862,-0.236355585019807
0.103530161801189,-1.5731764909191e-06,8.49532278486065e-05
46.519727812492,0.150144863535244,0.13926675955083
20.2811117147224,-0.130824312983095,0.00712118849718365
1.30299226752742,0.00352344083763916,5.99812739220226e-05
95.6354313196941,-0.154947719190817,0.0116393699421415
5.44100041034153,0.00860923150085049,-0.00166835999019249
68.9303456901583,0.113138935677582,0.182313068293817
44.232157708833,0.0475604476253683,-0.125609252196893
4.51052873675309,-0.00260213105215795,-0.000151370604826474
26.7909636523593,-0.00311087712525506,-0.0721294868253419
48.0476428178908,0.149016003196309,0.131281604901556
1.62293652997087,0.00495890537971567,-0.000109342929550246
69.8159249691457,0.00786943213919881,-0.296024542051314
19.9597299705969,-0.125100722306561,-0.000609419720365975
65.0748103838389,-0.0347326144611001,-0.208673888276369
98.3697059403265,0.117612549118645,-0.00929375606542993
0.0568143913294256,-1.33380228266152e-07,2.61295647100753e-06
4.86384028062995,-0.034794850997333,0.000162642938572268
16.461149831509,-0.0907769820675686,0.00954077796741328
94.2937493814634,-0.00331218326610098,-0.157884882265316
16.1680768214512,-0.107393354645808,0.00337526841898813
9.20073925191022,0.0057208711484935,-0.0228988166975084
0.0363130724895701,2.30671141847496e-08,-3.44058728808133e-07
6.6086300748102,-0.0500907172122475,0.000226537555774106
1.48109399311005,0.000203555810814391,-0.000301373030862597
36.6844682196962,-0.0598635013606613,0.0804356693773963
2.98294112601125,0.00197662840791408,0.000651568952571899
38.5940530024696,-0.255383780683985,0.00873639630771195
1.18176675123428,-0.00656974779537572,3.63242980834257e-05
37.0383968087016,-0.00601414426174108,-0.188033751240407
48.6645021782245,-0.00352810524193708,-0.314486615179434
40.34237286769,0.0016444567102738,-0.291548366336876
32.9328149885749,-0.214022532197858,0.00889723002696612
32.0196681529334,0.0830669683596508,0.00120127088402064
76.8257504092692,0.148675930515162,0.109529171434025
37.1892079275994,-0.273693287114239,0.000789679859883881
8.24864611317952,0.00404540181890673,-0.0274390938650775
68.730988476014,-0.320877941807341,-0.00321810075240342
89.9202944531305,-0.121608750308899,-0.0597089063233933
49.854030458624,-0.316374012351302,0.0075818059651936
82.61996078341,0.159236333398592,0.140614223969201
36.5433405777857,0.0013759711829136,-0.268724714860603
70.910880806636,0.0738869493616755,-0.113106500108621
11.9132962697928,-0.0895168586784625,-0.000145994374774246
40.4742439223162,-0.00667762601490084,-0.202442367070291
87.3052781382153,0.191091614714454,0.18885498652271
38.1315030220517,0.0140081854328119,-0.226106079437089
32.9284824682898,-0.217634879283667,-0.00327044495655738
12.4499102680106,-0.0124133032623643,-0.000716634241580425
52.9229604020946,-0.0155977099368332,-0.193136028523347
0.50686647752371,-3.1750652578439e-05,6.57963887129181e-05
11.8414185620468,-0.00306833547026525,0.00214960012665339
7.26191260916629,-0.0304304362280665,0.00258229240815647
82.6956829734559,-0.151458622802508,-0.0954183745045265
93.2456333814737,0.0215924340586943,-0.0678410761789836
46.4579043127985,0.0471037777809625,0.113649969211071
25.3115359987911,-0.174913893229957,0.00412772002406285
49.5376099777743,-0.273629233413218,-0.00825175485575182
92.8637078761863,0.0540996517929228,0.108753072911485
20.2446504873892,0.00131920312267326,-0.1570499197295
67.0301707467339,-0.230456309835663,0.0330598385169
90.7954322871633,0.145360644340555,0.167517745121709
75.7992323822814,-0.172536007228574,0.037361992536504
89.9202944369014,-0.0597089039875581,-0.121608750684154
0.315537611366171,4.42110022487901e-06,-0.000362947923507039
40.2915272662351,0.0323871724618011,-0.178189018372559
1.5054965387101,0.000163137155985091,0.00153659310668546
71.3333689891111,-0.30981107265017,-0.0120472534291298
15.2417262029097,-0.0113366727154211,0.00404073114987756
63.1241738261135,0.181774081667601,0.137322872081002
50.5576204813275,-0.104032605230112,0.050747812656526
26.24063079247,0.00129128751623495,-0.200012986586552
75.2425397919872,-0.194230513819657,-0.0598983904018322
16.6313402767079,0.0106324994241573,-0.0170737933325187
50.2689679085658,0.000304128449329939,-0.335262651387776
59.1333007435839,-0.341897783020201,0.00438840185258113
67.4678885962493,-0.0115349381032126,-0.330815600529382
60.5354087887785,-0.205948620730727,-0.0258805852325617
10.2354464762862,0.000431988035098187,-0.0789938822155766
4.49728491976131,-0.00257551952369321,0.00571221741265589
54.0542918257057,-0.333078461993801,-0.00529975681479339
2.65850887192899,-0.0208441656456116,2.86391324448772e-05
0.111451199353387,-9.41806960380616e-08,-1.9140058279012e-07
24.9768287622699,-0.103566750238382,0.0368294561886885
0.761318003101617,0.00146963424026116,-0.000119428325773516
74.1274915547828,0.219195101893981,0.219195100285549
1.88887391951953,-0.00717551932414,0.000177926162199268
71.6796488003458,-0.047401445333829,-0.063413446420846
70.4157015006021,0.202133660800978,0.169547582930445
13.3428397254468,0.00412080870285218,-0.0082987558532324
87.3052781321691,0.188854986318203,0.191091613625012
8.91879108458463,-0.00543859776514574,7.34562882962711e-05
41.809884970948,0.12048224626198,0.051300703685779
28.2623924097344,-0.00034161226653141,-0.213610464967107
7.36198931554229,0.00397638877760765,-0.00909858236884698
60.3133115735648,-0.196252994331709,0.0413028284402408
4.0851759261255,0.000455375585093412,-0.0230297840457302
62.5615636634915,-0.0249325300304326,-0.263003039549054
1.30202757908449,-0.000193677853817421,9.16850596527836e-05
0.399020327906021,-2.3947980940601e-06,-8.60858311750229e-08
40.1664112288976,0.0131337316591442,0.106880167202073
41.5881908450306,-0.296459721908284,-0.000137165466587926
55.3236832996852,-0.0154822440219829,-0.251896660025764
2.34518207845703,-0.000683720888916687,0.00545624062796307
33.6716027189185,-0.238311259718008,0.00447737392471154
72.7973730357354,0.12478290741442,0.0210322489925095
31.909954267067,0.011174328877181,-0.203654983627551
107.045383684868,0.000356380531815291,0.000356380726534509
5.00679564739506,0.000154235586547436,-0.0369186290725918
6.48052549375808,0.000717451384788979,0.00861872519224771
66.0452754781722,0.00317520036412252,-0.326046289990525
98.2924776232514,-0.137205200980323,0.040124537600791
25.7138428530026,-0.185213571077512,-0.000607726296945488
98.5722450799072,-0.16725574290255,0.013135902566338
1.74843011898896,-1.32587876879145e-06,-0.0140241108620334
97.238279824649,-0.176480749184144,0.0081724572688656
7.11093042982286,0.00118708531913778,-0.00518754168989531
73.3069675395131,-0.0567957737423611,-0.199611219285454
102.022523750257,0.100395333537037,0.100395333688642
8.42513003942839,-0.0652690741229761,0.000290933025389081
12.3418637200622,-0.00788259550194966,0.00824454868257651
57.3860610991151,0.0398232988575396,-0.194787541652433
58.6031107108624,0.136739244279188,0.148904387828758
23.2113695092917,-0.00127911344417759,-0.12377321749425
39.2202738148562,-0.238201687697185,0.0124359476886594
41.6543055997449,0.0152447137759496,-0.237108209155147
57.9346652132406,-0.127661615529047,0.0579031599794759
81.314092371723,-0.0395878235481302,-0.113245597547476
26.7711279299602,-0.0319347912257719,0.0564603345254755
21.8470852203958,0.000527246451675165,-0.168551666544164
12.5323213187795,0.0111959261078999,-0.0195010825072093
11.2701428528313,-0.080331173815816,0.000873369159601933
19.7535960827703,-0.136456371045703,-0.000320042587459498
44.7102898451094,-0.305046150101883,0.00531992797279605
46.5197278120976,0.139266757111108,0.150144865720022
37.0808270568556,0.107779453403604,0.0882330670869379
15.2154418051293,-0.0412700703996481,0.0161558225199417
27.894546252847,0.0538752874408539,-0.0817163931605125
75.4920602825629,-0.128173614759894,-0.0695486238435969
39.5891631341081,0.0612346505829994,-0.109289716981678
16.2491518294302,0.0130790299322218,-0.0208347696183026
80.3869930619673,0.0858325654482459,-0.00408799573104175
24.5015717553841,0.00280265739796212,-0.179684856455962
78.9591230551255,0.208777997579532,0.20682002911918
76.7677443437016,-0.0576629658381272,-0.233606795345877
15.4128305468804,0.000875540702934597,-0.00749326418174661
32.0196681546477,0.00120127023494791,0.083066966400051
58.5096474332389,-0.224238132663334,0.0330889402296005
23.6363594494337,0.0140845928218187,0.0297676494560835
11.15465717339,-0.0896037671694987,0.000158449882798116
23.6366872094757,0.00119099868352526,-0.182801044784059
95.0300508377598,0.106493693490388,0.0156462395308906
32.0979021550229,0.0438000597289513,-0.144648524224629
8.24079854860799,0.00124082434819844,-0.0514368534410939
0.0426350693311126,-1.56165575233341e-07,1.83314843831973e-09
65.3508516101814,-0.0981721147900528,0.0796307979657933
4.01546406565077,-0.00186718253757327,-0.000518596240291077
29.7723028045933,-0.177731292913281,0.0198928355989298
1.84862798846247,-1.4184506681802e-05,-0.00537473434442795
76.3361356357663,-0.0888881983365914,0.0684996815572873
41.6543055926794,-0.237108211538422,0.0152447133131904
58.4008856305884,-0.027076653905618,-0.0469038601395418
19.1689092006528,-0.130809134298061,0.00355140361758669
31.6515718864058,-0.23633940712508,-0.000953473572328677
45.6630145335235,-0.291164310539277,0.00981238218008258
3.74420299730667,-0.0147209194616298,0.000706251000758753
69.725759016659,-0.0773285902060756,0.0899253451443942
5.97920332825037,-0.0244834092372705,0.0017715476131978
33.9219337683141,0.000159989478575484,-0.253580654579459
10.6836662594358,0.00415939014412841,-0.0557120774859017
16.5185569237732,-0.126971626686226,6.07787604866712e-05
84.8520135378243,0.0549458863372737,0.0015190574612734
64.7914738923562,-0.00392955665564955,-0.340638361198429
0.863670664451842,0.00102202419095652,5.18909559839002e-05
22.5051352002129,-0.16377715191806,-0.00010737523118682
67.401259338749,0.160300744813004,0.0612528949429137
7.24065977512579,-0.00121004896259286,-0.00521718427711798
70.2521115351308,0.163980750968191,0.0863551981933178
14.7334303397194,0.000771754326937933,-0.11459944292438
60.1061879567071,0.158481799341776,0.139429140778619
22.1919821014545,-0.167677686393096,0.000233577488690118
56.6501076299733,-0.0905686393814332,0.065179815692611
0.66010532785993,2.12223896778589e-05,-3.18470091313264e-05
19.8800658248767,-0.0258326392783309,0.0238617620158477
43.7692325885,-0.00754572388564377,-0.215450273543312
73.6380386770156,0.0691432219143103,-0.108284085584737
0.152176638502638,3.82786131674735e-06,-1.27489593101059e-06
3.19477682140387,-0.000766279500368884,0.00748147427619571
4.99944359930112,0.00103754630009621,0.00759359115658783
84.9475959338139,0.154285702970528,0.139466043712909
12.0211441991752,-0.0793594442519775,0.00181507901655299
95.8327471815182,0.076391690708834,-0.043917465225182
24.8618674705073,-0.0459059939636046,0.0470432372763249
19.297403021286,0.0249281929300921,-0.0644793166731831
3.55858479973274,-0.0012386816438704,-0.000695241680907697
57.8483402597645,-0.0183278031790126,-0.257126325592593
3.66701748486992,0.00285580363960255,-0.00224199876624153
2.78130224467267,1.73098386733023e-05,-0.0225640690248709
5.38979391103273,-0.0103728454702008,0.00203755773695031
0.480042283987425,7.3175560543967e-07,-0.00367813200124181
0.127851571783826,0.000205644928463726,-2.55913050489638e-06
36.5433405871724,-0.268724713595451,0.00137597200840385
2.61977870058994,0.00276053132280403,-0.00128692160374199
1.38445461022509,0.000386121546368674,-0.00031682284447096
66.514069003552,-0.300858591214058,-0.0253874735389381
18.5141526818665,0.00437710072577884,-0.123347314264234
31.3887533338834,0.0627226121542297,-0.0885631315133529
0.191214943766332,1.11186538746273e-07,1.15288070938482e-07
7.98207157211161,-0.0571155766316316,-0.000119433578289833
83.7650424943557,0.167600562643842,0.178412359756287
42.7697968014832,0.0210147796827687,-0.213287249510714
17.8471317368482,0.00575183430604625,-0.114495370500555
4.33370059324907,1.31136060425767e-05,-0.0354291052920988
52.4810946252348,0.0858998662619571,0.0132380575422374
15.6866343022511,0.000439673823331203,-0.124458091847618
13.0682925417505,0.00975053624854272,-0.0504749618742938
0.815322203867511,1.68199594463012e-05,-4.7440511309967e-05
79.0173592633654,-0.0855358673213717,-0.178923201168848
89.582484013604,0.13992404898412,0.127213993177384
1.54590659063974,4.81883171812744e-05,-0.000255195094067282
54.9455051549764,0.0521135103854898,-0.129298758080274
44.1607500365575,-0.0102713149908905,-0.11091623914341
2.77329528999703,-0.0107105361111658,0.000387810669479443
61.6021383114292,0.120568800581963,0.166177818352685
61.6184297358835,0.16825693163682,0.150477923328702
66.0238719278819,0.176072830705061,0.0896746238021209
8.2391477138922,-0.00832156901198548,-0.00032478209011195
52.5720678536309,0.1120159389495,0.0819676771717235
0.530375864235619,0.00156406590749703,-3.94167043613827e-05
0.0786123790572039,1.05976543030588e-07,1.50159909821608e-08
4.47895677738693,-9.37820321665431e-06,-0.0356440450357841
0.199638316558215,-4.52179062855691e-06,2.37721987358758e-05
13.3683792908755,-0.0317577002118325,0.0126249020213736
48.1282439903106,-0.322603496576772,-0.00144803517241846
6.77540748612282,0.000188597382279117,-0.0526694140337285
1.20319848242451,0.00375839035140291,1.05979439682277e-07
54.0966124422262,0.116529126932653,0.125564918038204
17.1381533075709,-0.108353372501804,-0.000537060180625063
22.7039124750248,-0.094492632706655,0.0304547729281382
0.201298851138909,1.87699853103108e-07,1.87641981617687e-07
24.548846150518,0.000640538793847251,-0.189486155998662
24.5015717435127,-0.179684855580696,0.00280265717234133
4.5986061346635,-3.93277261964718e-05,-0.033229965980255
58.9134065751005,-0.342178109185799,-0.0073454577554347
1.23179471145055,0.0027937825531958,-0.000264563691612058
3.80838806043428,7.5364700724655e-05,-0.0290019823731222
40.8504122080232,-0.104235463982637,-0.00888879687794287
1.50549653911009,0.00153659308915543,0.000163136980027759
11.373204692567,-0.00586646279341159,-0.00574065611015893
59.8779982755739,0.000725803101316088,-0.347989419293966
30.7490021001113,-0.12344575056232,0.0494971632483673
11.2701428579611,0.000873369345320973,-0.0803311739003463
30.2219713227501,-0.0264348026962287,0.0723533386127314
78.6223671769098,-0.221812840867013,-0.0692170794224085
2.35584181436155,0.00183945823524889,-0.00106753147023769
5.95079356906456,-0.000626970187908303,0.0092181551295307
36.2543715987804,0.0612169477528087,-0.11281702625228
2.06058447080967,0.000114205131578927,-0.0115039402105641
10.4522460522446,0.00136077344907332,0.000835105248649311
1.70330124679533,-0.00235624589113406,0.000204750863264372
75.3440437248147,0.217265238013992,0.215217405913925
33.3938529054172,0.0366724841315127,-0.164872499553979
75.2425397728349,-0.0598983909883201,-0.194230511699799
4.24753578450092,0.000334666087635769,-0.0262348290752691
27.5292862370186,0.00293128214127468,-0.200185083511685
74.1892691135971,0.20988740758833,0.20756761763849
35.5560720963727,-0.00188631397555419,-0.256247147435398
14.9465958277404,0.00688768513237837,-0.0134985694997022
71.5408066848518,0.14445302172064,0.0553527233696146
7.54915017274892,0.00746644415742367,0.00117574963422829
23.018584555978,-0.142890477129566,-0.000882408360795208
5.0554553609717,-0.000578785100242927,0.00934429099584535
6.91061896492058,0.00287784374632676,-0.0219800013839089
33.5118854093338,-0.172499412440495,-0.00503610079656171
0.46736277593952,8.20015091400683e-07,-0.00346557508695517
51.4328421745596,-0.00436244836507529,-0.324964044458279
32.0190171641901,-0.23635558695078,0.00190427837729553
71.7338833719737,0.20502032151053,0.212180291508324
9.00133259364398,-0.072462740372605,0.000136894619435564
75.4513014992116,0.19552331936769,0.195018665017433
46.1987299746053,0.00306005837909103,-0.318992788368012
101.157723214794,-0.133848906101541,0.0207831175519244
59.8905150919897,-0.0166815024205983,-0.300389931687633
27.0651278524789,0.0296353295457167,0.0483753438978671
18.6058992457425,0.0037897112262195,0.00378971207195502
22.6567244535403,-0.172716445171367,0.00182672280334604
5.03305854794054,0.00096357145482979,-0.0248490721097514
89.6680040553954,0.178401231643425,0.190721456005539
25.8088677603545,-0.0869839152765681,0.0448693735047426
8.66821435414625,-0.037247538440125,0.00363130936039805
15.9205310562424,0.00168161218254993,-0.115904779248784
58.6031107130855,0.148904386883628,0.136739246483938
17.1631336530794,-0.13270775789293,0.001140572182771
94.3150968250829,0.182246372536752,0.138386732898881
14.7334303379076,-0.114599444255417,0.00077175433243737
29.9723886941301,-0.156267655959831,-0.00364168939355078
66.9366772842635,0.0953653207323305,-0.0688727572020335
105.95250970812,0.0248559651373256,0.00499708802803225
5.62493236151111,-0.00408493387825689,0.00135765216092633
32.6773598793827,0.00123420919884856,-0.243103069826927
2.52461867178118,-0.0186694495491814,3.86244745425799e-05
64.8839594873434,0.052344568274728,-0.167265345258971
3.83108027661745,0.00176461064043803,0.00107256243299789
0.11358388295824,1.26122409512735e-07,1.26065142560487e-07
84.9328687876928,0.194641585960402,0.190597288401094
28.2104220124834,0.0120910446613543,-0.179884267201121
3.19015527535578,-0.0180702024004334,-3.27374693720424e-05
67.4012593330321,0.061252892640636,0.160300744261033
0.141417070062285,0.000297415739077522,-2.95888874332033e-06
96.6952801637949,0.184367255906444,0.161876407396483
0.923841812323422,0.00259463988526891,-0.000118302784271538
87.9155479461665,-0.0268382459185851,-0.00357189343210037
42.1946824091674,0.00962164158037328,-0.274619251651835
35.1677314225455,-0.0367517289208226,0.085485731216214
6.54553292185546,0.00297103298179451,-0.0137114237265846
2.14234030771759,8.36398146935155e-05,-0.0131638770280984
4.73594817047452,-0.013650759203538,-9.88883771200965e-05
66.1536165951208,0.204317818215517,0.156233851551469
38.6794163403669,0.11870112408198,0.0809805040947167
4.73594816857578,-9.88883805141424e-05,-0.0136507592132395
99.5909272399416,0.0518973269951051,-0.12178949693384
82.5198278410274,0.217026096936848,0.218316139534685
17.5445555322465,-0.137094675293336,0.000963957792103546
1.25647850074435,0.000589853324318152,-0.000299989878984518
0.0106603352949289,-5.01085804848267e-09,2.4567984296781e-09
77.406114830108,-0.124061286962163,-0.0832887592034573
1.74329930317577,0.00108573780637782,-0.000596568978118543
0.0304440817179398,-2.90030190648021e-07,2.74118794817101e-08
26.8497382266892,-0.00337085190880044,-0.0255536821223676
0.805628461930624,3.69494839038403e-05,0.00175000352912753
28.6956240081023,-0.000901149746005865,-0.212277798025484
9.43994082208293,-0.06735616375307,0.000607565625438438
25.1066785480183,-0.187272086954957,0.00229303822985583
52.4853979414928,0.0295909146853345,-0.219562316177527
14.3937190312116,0.000929388275087015,-0.110113770308744
37.3963620389054,-0.096847455654659,-0.0078050706696431
0.556351690048883,-6.67937074481268e-05,0.00043767509674819
93.1823622765796,-0.179377258053435,-0.00747739000497356
17.1998834840373,0.0202628047735321,-0.0524057393082306
35.5987064140579,0.0112952526871222,-0.222793591060866
4.56218752775985,0.000191766486151089,-0.030873320522545
26.8261499815864,0.00343683008555538,-0.191632661934781
84.9170821076095,0.217944854779931,0.218286221749091
12.5323213213181,-0.0195010827801132,0.0111959266361555
0.634801784229766,0.00218044790361275,-1.8503843172351e-05
46.1414032272523,0.01581106607829,-0.262193392093063
14.5512955162056,-0.00046721337663828,-0.0927222389773146
2.63957641603647,0.000432766307817252,-0.00719194896927944
3.1457707553704,0.000183043624753326,-0.0193767798681098
89.6680040577041,0.19072145694314,0.178401232186774
11.8936088164365,-0.0540879612538713,0.0066635963172683
18.1244083764682,0.0229883162098622,-0.0483124226024543
0.241537875809405,1.10220889696652e-06,0.000752823615324214
60.825920470799,-0.0317399484865883,-0.0476456174499055
0.255065922150649,-1.11527961843658e-05,8.91683279479928e-05
84.9170821052829,0.218286223290833,0.217944853361391
6.91061896748818,-0.0219800019881645,0.00287784327839928
15.0588192815133,0.0152590611951205,-0.0248239328209776
30.4661486646712,0.0481009058715174,0.0683735026653943
87.4828480554777,-0.0782770990391069,-0.0506208634241006
5.73731113072784,-0.00387282897736355,-0.000503678226052346
68.9864024542657,-0.260096385851809,-0.0374277948097459
8.6892641230519,0.0028808607733397,-0.00408526417088084
12.787164957929,-0.1011612777237,0.000410403134258527
73.5453811991364,-0.131516203340759,-0.0653060339673915
1.57844687989898,-0.000180746932336465,-7.96095174721412e-05
14.5512955185147,-0.0927222394427852,-0.000467213314881039
24.5799551603434,-0.151688371649215,0.0135435108470267
1.48697753893563,1.09604255519256e-05,-0.0113689539047606
66.1536165931377,0.156233850133539,0.204317818351012
2.90370789997655,-0.00145071298357128,0.0039422993225605
74.7469431392424,0.0531783536923481,-0.14191590124222
58.2932804739667,-0.0500632679583914,0.0808070398552556
105.196462074202,-0.00831847734583727,0.0420502693345136
0.690445861211928,0.00229128757659672,-1.00072249463049e-06
23.3585969887726,-0.0975361918549876,-0.00164140962307796
81.024595951693,-0.204440268057607,-0.0314590286589886
1.11786612527366,-0.000213260840421332,0.000347329649434888
64.7774302222285,-0.0287355193915022,-0.263626243665701
78.5338553134843,-0.0144448950044174,-0.232619033573146
14.3937190296054,-0.110113768613707,0.000929388355796628
1.13346789729331,-0.00539394739869865,4.70518435989071e-05
36.013094219968,-0.00282261529253704,-0.249794714915591
2.50060029361481,-0.00375334651205582,0.00044609736883734
10.2467194549013,-0.000498480076435369,-0.0102860616862054
10.1012191918574,-0.017756549441496,0.00733510578430214
47.2681750264872,0.0211968135889002,-0.234913192849529
56.148890017851,-0.336218379405959,0.00611588808017574
1.66094602880621,0.00355072086189789,-0.000465391144126479
56.9245060402059,-0.344454539328692,0.00349528252573227
4.57754001286855,-0.0134118380682157,0.00129094875639475
80.4503720218802,-0.205578302339518,-0.0727262765025049
0.598031947737502,-9.9984739805445e-07,-0.00061881116974223
52.4853979406364,-0.219562318606537,0.0295909133400418
3.90434944114253,-0.0305325461123955,6.26451986977014e-05
16.1388040423511,0.0166203323787628,-0.0566983889984062
11.8414185621134,0.00214959896986371,-0.00306833686836212
21.716687456599,0.0307084634875873,-0.0201353193564613
3.51437146382776,-0.00161862511566929,4.71423677208076e-06
38.3816015729988,-0.278390095747548,-0.000654850720063369
96.9709257467228,-0.148195686184974,0.0263782818040215
94.1091382379826,0.072100486608233,0.13685375704879
63.2765680726027,-0.326765283903594,0.0072159690107892
25.3623839102482,0.0312811681427891,0.0312811667549404
11.684653986495,0.00890665058972188,-0.00961788954190999
7.53277014109015,0.000431949862292523,-0.0524029997102403
9.71807522175259,0.000575758591496521,-0.0712695132362507
84.6643895676589,0.0130931822205146,-0.0665977366897083
50.4862707271435,0.0237836455992775,-0.239607126274993
73.8511002712408,-0.291118999204758,-0.0220542766895397
29.8493824566886,0.00398655912188469,-0.211025054163883
10.7195967069839,0.00766751379470804,-0.0291128773595041
82.723512779777,-0.0231808915625152,-0.165300874286467
88.3768746137202,0.107685242129942,0.108692949593097
84.9558107595738,-0.125063967626358,-0.0325013948041015
0.863670664224025,5.18910680639484e-05,0.00102202419278559
1.67485888375638,-0.000444545287972336,0.000394218608800968
0.376293298879803,-4.157693294596e-06,2.59743914336364e-06
60.5621802418753,-0.00355778641450469,-0.348972183879211
3.60180123505144,8.89626962535205e-05,-0.0257850030171405
51.9184321446658,-0.309032021187923,-0.00711601336174578
7.28801414932503,0.000488040329660812,-0.0493978935736428
0.941311155284542,-8.42466751646672e-05,4.73141412057052e-05
47.3905534383962,-0.0413070120567904,-0.0131639322338382
14.0051545291806,-0.092732834198241,0.00250119846400731
23.6534441810984,-0.0843205500745251,0.0370298799347367
84.9475959477397,0.139466044146627,0.154285703102626
13.8054546190912,-0.109059829455685,9.02504793164452e-05
52.2692014691876,0.0631357943910632,-0.0624745688075175
99.5909272359952,-0.121789497794352,0.0518973276673651
32.8578702453564,0.00512602765620158,-0.228789394964346
0.00640067275097574,4.06128064499e-10,1.20229265479101e-10
48.6645022173204,-0.314486614779111,-0.003528104941419
42.1946824046569,-0.274619251829069,0.00962164114176134
35.4369113644366,0.101818574589181,0.0613691171987657
0.503663265943826,-0.00405450231741759,4.73889891938924e-07
0.514809870344658,3.62107250969001e-07,-0.00420355881098642
20.2561091805408,-0.0854157707693866,-0.00116505145016439
40.8504121905035,-0.0088887965785384,-0.10423546341056
35.167731420532,0.0854857323584309,-0.0367517249670559
1.9910468988972,0.00035578270457451,-0.0005949978221696
36.6459593934311,0.00605581533477853,-0.253977234131081
92.4922044813624,-0.0147882643243672,0.0464883182783541
0.491323009848398,-3.17760971113923e-06,-3.17765124149051e-06
30.1563566323814,-0.123100659012259,-0.00428106364098861
74.7469431221982,-0.141915901564632,0.0531783518466398
1.22499587452778,0.000210870222773645,-0.000215113952830106
71.5408066671705,0.0553527233077148,0.14445301910155
20.6697582685653,0.00112484028813266,-0.161243091951478
34.5217395424202,0.0139786506995637,-0.211507997154343
68.7335699708682,0.0306955225915377,0.141684322299795
19.9597299671789,-0.000609419818839476,-0.125100721695203
80.0419182442849,0.0479689265446009,-0.096500221825934
30.3469317466348,-0.0285297578228713,-0.00513584300562672
53.5498709336836,-0.297067723126884,0.0140429784570055
34.2368910365868,0.0518846364112683,-0.133141494464918
97.5237496342781,0.0521026224588232,0.146846044281586
45.7374220540793,-0.00296692078720776,-0.301654231381613
39.4934879357607,0.00779599477765625,-0.266279696259491
37.6418380050469,-0.244356413217556,0.00936462957843494
3.00192964825076,1.41137449245184e-06,-0.0244454054123042
47.3550147664042,0.00636878977683078,-0.312555823021899
73.3820514782454,-0.256413070063568,0.0164835040422726
17.3042854382981,-0.120368955922528,0.00248074916615458
27.4746983487522,-0.142918412507181,0.0305150185560233
0.443971472189886,7.70288114754747e-06,-9.72646341932209e-06
35.458523182529,0.090529478631555,0.0905294772099307
61.6021383135781,0.166177817863602,0.1205688028293
49.5376099596822,-0.00825175530106778,-0.273629232314882
0.346671659360798,4.40109730660462e-05,-1.44756587466852e-05
12.9807025446196,-0.0766579688323602,0.00440710051972109
96.2864014344168,0.0335343592088908,0.130229331032938
77.7009319396449,-0.219475488012882,0.00380366961639958
24.36947902393,0.0428278730600343,-0.0684508400735851
10.1797812099504,-0.044259176708931,-0.00040431094227115
63.1766353270336,0.041875965368082,-0.198077165448473
2.64519730356616,0.00486107200775654,-0.00107877379755326
4.26377521241564,-0.00281943391304454,0.00262561178100737
0.32448128916358,-3.43576903803343e-07,-3.43630346340528e-07
52.5927475510496,0.15555826584798,0.154673454485024
72.9351468106937,0.21779234705305,0.216228090320046
69.3102743733842,0.0656810026272407,-0.142535476694658
5.12533325476833,-0.00294171991681491,-0.00098517242835159
9.35379233047673,-0.0754299084018624,6.31139935465482e-05
70.6129123826382,-0.306862170850147,-0.00166702191106387
6.05833791206338,0.00028023719253697,-0.0421451158760823
9.80530409187883,-0.000108473264993545,-0.0741321511774628
2.1896406287685,0.00623616259938002,-0.000184659408971332
0.0249862760093904,2.27841482979568e-08,-1.76668133478989e-07
57.4930704689896,-0.0142467820041732,-0.296475588671383
0.814967918852342,0.000619724116411366,-0.000142281082663397
22.2878431864718,-0.0663767612244885,0.0349734159234279
6.93502493775675,0.000148941473228637,-0.0549510698232928
8.85299492971982,0.000719050324916912,-0.0600625863108573
35.3553720921769,0.0982456821622566,0.0165028692894568
32.1525779180359,0.0701801100289097,0.0701801078879521
20.129162738925,-0.0117300411874911,0.0207580643218557
7.24065977503945,-0.00521718452058812,-0.00121004795366321
28.8307366276257,0.00163282130064722,-0.215586299004486
1.72117931454839,4.58960296252954e-07,-0.0140674976902209
10.2086595054635,-0.045079167687755,0.00497031170575015
2.63029600662783,0.000573216691871311,-0.00108292877250348
60.8259204346942,-0.0476456178449452,-0.0317399486265848
83.7292141969381,0.209860673367228,0.207181661110406
0.728757566970857,0.000381213915887501,-0.000105405182612016
26.0266911219674,-0.176235972656384,-0.00113188045097389
49.8637048873634,-0.236814193646276,-0.0106776069523256
59.5514348638753,-0.309216870777583,0.0131026726047592
0.425984791104577,-0.00287589424029867,9.91739621474891e-07
0.0606000338148639,-1.33050094987866e-07,9.72118283510271e-08
17.4684988805244,-0.00110752450799961,-0.0484589288340564
10.8351974638061,0.006018811425577,-0.00236054740712691
9.71438676741857,0.0055333106707924,-0.0338841318451201
10.8351974650528,-0.00236054654520285,0.00601881168899279
62.0485304148099,0.0514802099721623,-0.164675259528239
4.0388728727132,-0.00129687912296206,-0.00129687913151908
0.591044173167076,-1.0359822364077e-05,-2.31279397783578e-06
41.2574193813687,0.0107984148594917,-0.262613388770874
46.508201153915,0.103494830990555,0.138858800806609
69.7660762998445,-0.23261802415707,0.033110246629865
65.2786895720704,-0.136818675115677,-0.0396120493731301
12.4497653971786,-0.00595383649018472,-0.00269908406251724
9.46763235624997,-0.00810574915057461,0.00639800986181201
46.900275460675,-0.00886181480107864,-0.226921775406859
