31.6813,3.62258e-17,0.0269448
-3.95172,6.93032e-17,2.02827
35.2908,-1.1616e-15,0.658673
25.9086,1.63147e-17,0.127768
34.6775,0,0.0595684
42.9185,3.2476e-17,-3.09554
42.4735,-2.30271e-17,-3.3628
34.6912,2.51685e-17,0.0513728
37.5143,7.07168e-16,-0.57475
34.7229,-1.22892e-15,-0.00597135
27.2553,2.93361e-19,0.00519696
22.2854,-2.35792e-20,0.00103426
31.7889,-1.22829e-16,0.0915556
35.9689,-5.23955e-16,9.58851
36.3537,3.45271e-16,-0.888798
24.1886,1.91413e-18,0.01168
43.3211,9.98976e-17,3.95385
34.4321,-5.02569e-16,0.144324
34.6909,-2.98782e-17,0.0529778
2.0663,-8.3925e-19,-0.312416
17.6067,1.40514e-16,-2.32405
37.7027,3.07491e-16,-2.40627
34.9923,-8.10595e-17,9.54732
14.1264,-1.04522e-18,-0.177199
23.4936,-6.45163e-20,0.0014921
-3.13368,-1.85463e-17,0.433346
34.6912,-3.10242e-16,0.0464081
18.1239,3.3636e-20,0.00251603
36.2054,-4.54843e-17,-1.02794
19.7187,5.3264e-20,0.00112041
9.44521,8.52353e-18,2.84266
22.8364,4.88737e-17,0.71768
17.6885,-2.01143e-16,-2.19614
32.8463,1.60584e-16,1.01843
32.7868,-1.21891e-17,0.0319295
19.9175,1.77109e-20,-0.000207232
-4.61877,2.23202e-19,-0.0129816
35.9919,1.04529e-16,-3.50719
-0.547455,3.71549e-18,-0.248793
33.8989,-1.63115e-16,9.11907
44.4605,-4.65997e-17,-0.219607
34.6275,9.64329e-17,0.06619
9.09566,-4.00051e-19,-0.115587
24.3794,-5.25064e-19,0.00644637
30.8134,5.7187e-17,8.43186
13.4001,1.12988e-15,3.62156
3.03194,1.97075e-18,0.15101
34.7033,2.14738e-16,0.0457604
37.5611,2.52832e-15,0.36952
38.2354,-3.93754e-16,6.5672
18.1423,5.59351e-21,0.00175351
18.3874,-4.25917e-20,0.00140665
9.89659,-6.48359e-20,0.0574973
34.7039,2.20196e-16,0.0527236
34.7016,-4.12501e-17,0.0565083
23.4949,-7.28962e-20,0.00147888
44.3541,8.90301e-18,-0.116699
34.6371,9.28939e-17,0.0654225
40.5213,3.31892e-16,2.56513
34.7082,2.51515e-16,0.0622841
0.712513,1.50742e-20,-0.00010719
31.0826,-5.81693e-18,0.0206795
-5.81741,-2.31274e-17,0.463351
23.9725,3.08507e-20,0.00219263
42.2897,-2.39942e-17,-3.68968
41.4908,4.3517e-17,-1.32981
21.4457,1.19325e-19,0.0102547
40.1982,-3.23469e-16,1.22477
10.4916,-7.87329e-22,0.000917026
27.3573,1.60009e-16,-0.843003
8.55158,-5.29645e-17,-1.98925
34.7186,-5.17388e-16,0.0463023
-3.40479,-1.9853e-16,1.73143
25.4722,6.05292e-16,11.3066
28.7782,2.0993e-18,0.0114839
37.1635,9.80358e-16,-0.27695
15.3586,-1.32791e-18,-0.186194
36.4001,1.38003e-16,9.50775
43.8552,4.16362e-18,3.03658
29.1149,5.22897e-18,0.0296856
40.0404,-4.23531e-17,0.380541
31.0783,-7.24367e-17,0.073054
17.8419,7.88864e-17,10.6172
22.5777,3.75422e-16,10.7085
3.94273,-2.36884e-20,-1.35513
23.648,-2.18946e-20,0.00153322
25.4335,-7.86474e-20,0.00253207
18.6623,-1.31687e-20,0.000494647
37.7036,-7.4803e-16,0.210498
32.52,9.42786e-17,-3.85672
34.7099,1.07201e-16,0.0645
25.8166,-3.42192e-19,0.00430349
34.6259,-5.02296e-16,0.151487
21.2073,6.39216e-21,0.00138938
25.4269,-9.52044e-20,0.00252405
38.9278,-4.23891e-17,-0.942647
21.1928,6.46266e-21,0.00138422
33.6154,1.10942e-17,0.0412367
35.654,-2.28715e-16,-0.514969
2.21177,1.26187e-16,-1.24413
4.58321,-1.90011e-17,-1.19465
40.0509,-3.91251e-17,-0.271996
33.0311,3.62802e-16,7.46508
12.1407,-1.14199e-20,-0.0228354
-2.25889,9.35627e-18,1.0597
14.84,8.20351e-17,-1.58747
5.71518,-7.48215e-19,-0.223177
44.0104,2.12704e-17,2.45777
9.83277,4.85285e-20,-0.069223
25.3124,-9.14638e-18,0.198707
29.0661,-1.76706e-16,1.67695
39.7091,1.85876e-16,6.63576
32.1157,-5.99869e-17,10.5084
34.6918,-1.53292e-17,0.0558221
34.7029,-4.29018e-17,0.0585335
37.3468,-4.45304e-16,-0.943094
36.6724,1.10534e-15,-0.460016
6.58106,-1.2437e-16,0.966819
-4.41142,-9.68898e-17,1.95723
43.2674,6.93661e-19,-2.71073
29.5269,2.32899e-18,0.0124946
32.108,1.39106e-18,0.0283003
19.077,3.0543e-17,1.3578
34.6574,-9.02715e-17,0.154801
12.1052,-2.86544e-20,0.0160512
30.5298,-1.06254e-19,-2.10079
27.4403,4.07964e-18,0.0561203
20.0521,0,-0.000486901
34.6788,-3.7987e-17,0.0599855
33.3262,-2.10773e-17,0.300118
31.7313,3.95726e-17,0.027171
34.3084,9.18966e-16,-0.837887
32.8301,-4.44078e-18,0.0321147
42.997,6.00708e-17,3.60108
23.0676,2.94507e-17,0.746086
43.0243,-2.8449e-17,0.830581
22.8869,3.375e-20,0.00130114
34.0296,8.10413e-17,0.0658478
34.7492,-8.94025e-16,0.0179868
34.711,1.0702e-16,0.0602814
34.9747,5.99578e-16,0.487858
24.6749,3.86455e-19,0.00208217
17.5062,-2.90603e-22,0.000366914
10.4042,-1.35766e-21,0.000955809
34.7078,-2.02266e-16,0.0757545
0.726252,-8.64729e-20,-0.0373573
26.3677,3.0767e-16,9.78608
34.5089,-4.56219e-17,-1.11487
30.496,1.49101e-18,0.016131
34.676,-2.18435e-16,6.48659
30.0505,-4.96391e-19,0.0176172
27.4417,1.65686e-18,0.0109116
28.2506,8.88083e-17,2.08416
29.6433,2.40051e-18,0.0122477
35.5331,1.60863e-16,-2.50169
17.7904,-2.79365e-16,8.07899
34.6591,3.90577e-16,0.242346
37.398,-5.82042e-17,-3.85701
16.8255,-1.83924e-16,-4.54991
33.3237,6.33384e-17,0.0442847
21.7741,-1.26402e-20,0.00106455
43.8961,5.16125e-19,-0.660123
35.9374,-1.99054e-16,-0.825913
20.5914,1.14603e-19,0.00450998
33.8066,1.48568e-16,0.0838226
12.9724,1.88587e-20,-0.00939393
13.8422,-1.11243e-16,1.18387
35.672,5.04268e-16,-2.8438
39.2517,-3.0674e-16,-0.533752
34.605,-2.92419e-17,0.557339
34.6912,-3.00481e-17,0.0530387
29.7931,1.003e-16,-3.03397
34.7097,-1.00068e-16,0.103848
29.6554,1.60777e-16,2.21228
32.1144,-1.86977e-17,0.0593288
26.256,-8.56288e-19,0.0419362
25.3605,-1.81948e-19,0.00253191
34.6616,2.47619e-16,-0.162116
30.2536,-6.55692e-19,0.0149515
21.909,2.24654e-16,-3.55596
18.5107,-4.81301e-17,-2.09245
26.1306,-5.33091e-20,0.0034772
40.0279,-1.00738e-18,-1.6833
0.192817,1.08397e-20,-0.178004
37.4832,-2.46038e-16,7.1594
2.34232,-1.43196e-23,-0.000465517
17.2156,-3.83219e-21,0.00100039
10.817,-3.68719e-16,1.78024
24.7472,-2.24549e-19,0.00190224
26.4663,3.08715e-16,11.377
23.4782,-1.3959e-17,1.28936
34.5941,0,0.0600391
29.8949,-8.11714e-17,0.323641
38.1083,2.20978e-16,-3.73226
0.49391,-2.47781e-16,0.623969
30.4434,2.84406e-17,0.0439116
8.0576,-7.34687e-21,-0.0086313
30.0883,-6.2629e-17,0.306938
-3.55086,-5.30713e-16,1.17741
37.7173,-2.72153e-15,-0.152433
34.6705,-4.98521e-17,0.063048
40.9639,4.02261e-16,2.88347
22.6847,-5.61854e-18,0.106726
20.049,0,-0.000463328
31.5737,-3.61814e-17,0.0288131
24.161,-6.40847e-16,4.64019
41.5074,2.26912e-18,-1.30417
-5.72051,-6.9389e-18,0.157295
16.5312,-1.95514e-16,-2.79011
39.0024,-6.04589e-16,0.484271
-0.684765,-8.35294e-17,0.996982
9.35069,1.16215e-15,1.62024
16.6733,4.02287e-18,0.430292
32.2597,5.33142e-17,0.0426508
32.7501,-1.3073e-17,0.0318236
-3.95313,-7.93752e-17,1.44602
41.4653,-1.66109e-18,0.599001
29.6292,2.36718e-18,0.0122234
34.4103,-4.5606e-17,0.0548013
34.7107,-4.02392e-16,0.0757394
26.7279,-1.86758e-16,-3.96499
41.6804,5.04635e-18,-4.10762
26.5359,2.93985e-19,0.0782466
32.0538,-3.50006e-17,6.17716
15.7595,-2.60429e-21,-0.00038687
19.5362,1.85601e-16,3.3309
21.7649,-1.10722e-20,0.00109842
36.1149,7.51999e-17,-3.584
27.342,-2.40996e-17,1.30256
37.656,-1.22512e-15,0.00297631
17.5071,-3.231e-22,0.000473537
31.2714,4.99624e-17,0.048881
29.7617,-1.50505e-18,0.0125657
30.9956,-1.08731e-16,0.0734588
34.5389,0,0.377126
24.8251,-6.50635e-20,0.00190661
28.4727,-1.31057e-19,0.00799819
29.3275,5.44875e-17,-3.52508
25.111,-1.95234e-20,0.00479083
35.7286,2.79506e-16,0.107233
20.0641,6.60145e-20,0.00406838
27.7632,7.15762e-19,0.00630722
34.5205,-1.44674e-17,0.056876
15.469,-2.26657e-18,-0.358502
24.5745,9.20269e-20,0.00274928
20.0546,5.32656e-20,0.00407078
28.2403,6.43251e-19,0.00827677
6.54591,-7.82512e-19,-0.179953
33.4752,-1.84372e-16,2.88854
2.47442,-1.18276e-17,-1.40255
25.9785,6.50553e-17,-1.4091
12.565,2.7546e-20,-0.0153553
39.0494,-1.27328e-16,-0.121313
-3.1511,1.14145e-17,0.562828
35.304,3.5176e-16,9.99344
34.6642,-5.93461e-18,0.051886
7.36251,-2.44046e-22,0.00106121
22.2927,3.36255e-17,-3.52479
29.7625,0,-2.90136
38.4967,-3.70433e-16,7.89529
38.2787,-2.00769e-17,3.87936
10.7503,-1.07611e-20,0.00236288
-5.53745,-1.79952e-17,1.23518
25.1534,-7.42394e-18,0.340141
42.3951,-1.77845e-17,3.59172
18.8148,-9.22431e-18,-0.323615
3.45995,1.32688e-15,0.643955
10.4877,-1.09545e-21,0.000930696
17.3118,-3.46681e-18,-0.437469
32.814,-1.98957e-16,0.101261
34.6973,1.30184e-16,0.241562
31.9912,-3.73565e-17,0.0625529
40.4126,2.23587e-16,5.53239
31.5101,8.30816e-17,0.143155
34.0377,9.57645e-17,0.0667958
18.8276,1.65336e-17,-0.892785
23.3411,1.10578e-25,0.00198723
38.6578,1.71125e-17,-4.87055
37.7843,1.24047e-16,-0.737355
34.7145,-3.57572e-16,0.0741958
32.014,1.41283e-16,2.28945
34.7049,3.53271e-17,0.0778163
14.9345,3.53204e-21,-0.000111324
13.4816,7.79956e-20,0.0270929
-0.112178,-1.19141e-20,6.30921e-05
32.4526,-6.90609e-17,0.661392
34.6908,0,0.0544073
9.63296,-8.74467e-21,0.00162085
26.0021,1.28459e-17,0.129724
4.66597,-2.58614e-16,0.199431
40.74,1.68935e-17,4.12269
29.3791,-6.04368e-18,0.0147386
39.4079,4.6028e-16,7.76673
19.2689,8.23759e-21,-0.00103756
-5.21252,-1.39141e-17,1.71072
1.98289,9.25536e-16,1.2316
24.5354,4.91763e-16,6.40651
10.3657,-6.50449e-17,-1.59472
-4.38996,3.27153e-18,-0.151767
27.5658,1.16178e-18,0.00772538
15.0406,3.04371e-24,-6.64278e-05
16.7901,2.59093e-18,-0.224352
34.6889,3.99515e-17,0.0510138
34.6828,-3.48117e-17,0.0607643
18.8004,-1.66476e-20,0.00806259
29.5361,-4.47166e-18,0.447967
34.679,3.75207e-17,0.0521299
22.3131,-4.2223e-19,0.00726365
32.0037,-2.35287e-17,0.0605794
20.3589,-3.5715e-20,0.00164903
29.1185,8.20589e-18,0.0287348
28.5779,6.50056e-20,0.00835007
32.8427,-2.13779e-18,0.0321695
-5.95524,1.5168e-18,0.0241038
29.6484,-2.47353e-17,0.0545832
33.0347,1.39369e-16,-4.12657
28.3897,2.48227e-16,3.42336
20.3308,-2.31401e-16,10.7164
23.5785,1.30572e-20,0.00149409
-2.33406,-1.74525e-20,-0.0337941
34.668,0,0.0584825
-0.611609,0,0.171244
17.4398,-3.16574e-20,0.00398744
28.7743,-3.36512e-18,0.011406
34.8545,-3.10702e-16,0.647878
21.4466,7.76107e-18,-1.2506
36.898,1.36688e-16,-3.84055
34.9725,-3.45008e-16,1.41123
38.0544,9.91374e-17,-3.66319
34.6905,0,0.0542971
24.2381,6.08067e-19,1.41498
32.2558,4.77197e-17,0.0425149
17.1439,-1.79117e-20,0.00816756
10.4893,-9.30984e-22,0.000923908
18.1985,2.19543e-22,0.00166803
13.1655,-1.71745e-19,-0.987421
3.30671,-2.12119e-20,-0.016037
34.7429,4.14524e-17,0.0857828
24.5021,-6.9977e-19,0.00390328
38.3995,-1.41425e-17,-4.7554
26.3122,2.78831e-19,0.041718
38.8984,-4.05371e-17,7.14114
10.2614,-1.63751e-21,0.00104811
29.7695,8.4466e-17,0.743723
42.6305,2.2297e-16,1.99059
12.825,3.88881e-20,0.0209394
20.3959,-6.89138e-18,0.962687
42.5485,4.88781e-17,0.957798
14.1458,-8.05288e-18,-1.14216
-1.98495,2.72227e-17,1.64956
34.2545,1.18836e-16,0.218133
9.44057,-4.06402e-20,-0.0369197
38.3489,1.85448e-15,0.443138
26.7199,2.667e-16,4.60483
35.0726,2.09889e-15,0.362932
37.1325,2.89234e-17,-3.86534
33.6669,-8.07794e-17,1.42302
12.3966,-1.06181e-19,-0.118416
41.6735,-1.08458e-16,4.06969
34.7007,7.21306e-16,0.00705671
8.36716,5.28113e-20,-0.0113606
31.0663,-6.75878e-18,0.0206263
39.2477,8.87591e-17,2.11406
-2.48975,5.13763e-17,0.693724
34.4445,-2.71842e-17,0.05601
34.7215,3.41699e-15,0.000788759
24.7186,-2.25478e-18,0.0501532
25.3591,-1.98012e-19,0.00253425
40.6733,-1.53915e-17,-4.46579
36.5914,-7.67154e-17,-3.58397
34.7368,-1.68908e-16,0.0591636
19.2499,7.6545e-20,0.019876
34.7115,-8.76822e-17,0.104021
34.6918,0,0.0545608
42.9587,-1.96846e-17,-1.65562
28.6218,1.04659e-16,0.658227
14.9433,1.11048e-18,-0.0595726
34.6468,-1.26984e-16,0.165595
-2.87503,-7.26248e-18,0.695101
28.068,3.97116e-18,0.0127192
13.1007,-2.9275e-20,-0.0055547
34.5118,0,0.397501
34.6777,5.31665e-17,0.0504765
31.3004,-1.57024e-16,5.04828
34.7641,-5.0943e-17,10.208
21.7722,-1.2781e-20,0.00106944
25.6584,-5.69064e-18,0.0370612
29.9723,1.90426e-18,0.0167581
17.4588,2.42329e-22,0.000184457
34.6907,-2.89862e-16,0.042771
37.0252,3.90367e-17,-3.70176
22.8253,8.51153e-19,0.0293423
34.7015,1.93539e-16,0.0551881
22.9599,6.93414e-18,0.228743
34.6678,0,0.0584541
-4.83597,-3.99189e-18,-0.123188
-1.3785,1.3869e-16,0.454628
26.814,-2.21778e-18,0.0531961
20.5272,-1.14603e-20,0.00108532
30.7477,-2.46378e-17,0.0226396
39.4517,1.60138e-16,-1.67806
34.7186,-2.75385e-16,-0.020179
34.6918,-6.80001e-17,0.0349291
28.634,-8.54093e-18,0.0154413
30.4881,1.58006e-18,0.01612
20.5689,1.01472e-19,0.0046941
34.4726,-1.25715e-16,-1.43357
11.5443,4.61011e-20,-0.00715743
26.5343,1.10417e-18,0.0247513
39.1332,-2.82208e-16,2.82051
17.8564,4.54223e-21,0.00238969
-3.9961,-1.52765e-17,1.07382
9.46968,2.1652e-20,-0.00601388
-0.470963,1.14591e-15,0.449117
17.8826,-2.5595e-19,0.0265025
40.6462,1.66907e-16,6.52434
34.7362,-3.35954e-16,0.162808
25.92,-4.20453e-18,0.0686101
33.1451,-3.61998e-16,0.288668
28.4517,-7.5332e-20,0.00793962
35.7849,1.65581e-17,-3.28184
5.50021,1.81986e-20,0.00593882
33.9944,5.70194e-17,3.48123
40.0858,-1.9731e-18,-4.58672
34.2047,8.56195e-17,0.0566407
41.8551,-1.18834e-16,5.84095
30.6652,-7.27868e-18,0.0268273
32.8319,-3.9203e-18,0.0321265
39.4864,-1.3669e-17,5.29768
38.6636,7.21364e-17,1.14551
34.3868,1.44377e-16,9.75847
11.9697,-1.57956e-16,-2.34358
42.7929,-2.58449e-18,-2.44137
31.5246,6.95958e-17,0.601859
38.415,-4.96587e-16,5.55353
27.9512,6.61424e-20,0.00667517
20.4556,-2.6906e-22,0.00132857
34.0248,1.08834e-16,8.51686
42.0375,1.27526e-17,1.25033
34.451,5.37417e-16,1.66216
29.5681,-2.45141e-17,0.0547571
33.9837,-2.60374e-16,9.24208
0.611138,-3.41379e-17,0.493262
25.1399,-8.54455e-18,0.211301
5.39911,-1.01007e-16,-1.33014
32.0037,-1.93296e-17,0.0599981
8.56549,1.71134e-16,0.556094
35.4717,-4.84082e-17,-1.37539
43.3653,7.8457e-17,2.46948
-0.406138,7.66306e-18,-0.548877
30.5855,4.53736e-16,-0.94077
24.3845,-4.5108e-19,0.00670458
27.34,-8.79609e-18,0.0164732
32.8359,-4.77568e-18,0.0321218
10.8247,-1.32808e-20,0.00226302
-2.64225,-9.06426e-20,-0.0607798
40.8262,1.30875e-16,5.89154
17.3375,4.95875e-21,0.000455456
34.7044,3.69304e-16,0.0413203
34.5193,2.88109e-16,0.0994186
-4.19569,2.79934e-16,1.06865
34.7509,-1.66729e-15,0.0177545
33.1462,2.47533e-16,0.759032
34.7023,-3.73149e-17,0.0584361
-2.23921,-3.99659e-19,-0.15808
16.8315,-2.78997e-16,8.37834
22.812,3.62648e-20,0.00138744
14.4365,3.94325e-17,-2.98666
44.0162,-4.92212e-17,2.5067
37.0857,-4.08032e-16,-2.78609
41.4191,5.49914e-17,-0.257879
36.4725,-1.03397e-16,6.32245
14.8914,-4.58803e-21,-8.76708e-05
34.6685,0,0.0582925
15.8808,-1.3457e-17,-0.75452
30.5695,-7.96848e-17,-4.81068
34.6758,0,0.0591939
34.1466,-4.32735e-18,0.0497496
29.8233,4.2605e-17,0.0334165
17.8843,-1.75531e-18,-0.985502
20.3882,2.06651e-18,-0.579999
24.1859,1.95674e-18,0.0119503
16.2652,-1.94064e-18,-0.31618
33.0442,-4.67461e-16,1.03811
34.6772,4.44576e-17,0.0520176
25.3938,1.97923e-18,0.017242
34.3313,-3.99929e-17,0.0548657
34.6785,4.21793e-17,0.0520508
34.6925,8.62588e-17,0.242766
-4.96258,-4.2281e-17,1.01422
22.3474,5.88741e-22,0.00104887
37.9125,4.64432e-16,-0.80004
41.2003,3.60125e-18,-0.376779
40.903,1.49867e-17,-3.53025
28.6805,1.45938e-17,1.06465
31.3052,-4.72274e-16,9.09767
34.8911,4.58169e-16,0.830206
33.8175,-5.7191e-17,0.043473
34.7006,-1.60667e-16,0.10447
34.83,5.90981e-17,0.455812
34.7173,1.23818e-15,0.00469607
25.8524,-4.7309e-18,0.0695901
34.7337,-6.43791e-16,0.0550828
27.4415,1.46191e-18,0.0110061
17.1846,1.01107e-18,-0.267216
34.6823,2.34959e-16,0.104114
24.9357,2.25846e-17,1.65149
20.8164,-1.86149e-19,0.00913508
34.6772,1.12334e-16,0.0286245
-2.70741,-2.1319e-17,-0.0944335
30.1819,5.76735e-18,0.0155841
25.2118,3.22401e-19,0.00336958
20.428,1.97818e-17,-0.8732
33.7721,-3.09727e-17,0.0447818
26.5716,6.32593e-19,0.0242109
34.5149,-1.90104e-17,0.0566931
7.57105,-1.06455e-17,-1.73338
34.6829,2.90655e-16,0.103835
40.8409,-1.85239e-17,-1.48779
34.6654,0,0.0547479
20.7255,1.77614e-17,-0.597222
37.7304,-9.48157e-16,1.32545
28.4861,5.24587e-18,0.0236893
28.857,2.70794e-18,0.00996228
14.5593,8.8569e-24,-0.105779
39.1719,-6.38341e-16,0.96042
-1.3826,7.06778e-17,0.68344
35.885,-2.80996e-16,3.17932
25.2005,2.90371e-19,0.00336248
25.1539,3.75256e-17,-2.78199
15.4178,-7.64044e-17,-1.83646
14.4719,1.44623e-23,-0.100729
42.2965,-3.34561e-17,1.57622
24.4909,4.8072e-17,-3.0448
34.7165,2.72082e-16,0.0521606
42.3307,1.52981e-17,4.65305
37.8291,-1.54682e-16,5.79789
21.0182,-6.50275e-17,2.14944
42.7473,-1.30412e-16,-0.985086
37.8388,-2.9545e-16,-2.46036
34.6645,7.42626e-16,1.00088
34.4705,1.8359e-16,0.102171
37.0281,-2.84461e-16,6.45428
34.6326,-2.72489e-16,0.149858
34.7239,-1.43831e-16,0.0700628
7.33151,-2.34188e-22,0.00110335
4.84108,8.32241e-17,-0.50119
39.5954,3.83836e-16,0.479144
27.443,2.00675e-16,11.5076
26.33,-6.47471e-18,1.7255
15.2795,-1.54199e-18,-0.183862
33.5757,-8.6893e-17,0.0367415
9.9336,-1.26228e-19,-0.199761
42.9604,-2.96286e-17,0.791304
34.2135,2.26259e-16,0.2177
27.6334,1.67823e-18,0.117032
1.54342,2.80542e-18,-1.24335
31.9202,-1.63414e-16,0.0906563
34.6905,-2.3708e-17,0.0530377
7.2154,-8.18753e-22,0.00101001
34.4356,-9.81976e-17,0.554227
7.25778,-1.15056e-21,0.00106845
24.7447,-2.60276e-19,0.0019097
15.8614,-8.99463e-21,-0.0614621
22.1983,4.59063e-20,0.00114878
35.4051,-5.21923e-16,-1.80863
32.3558,4.49483e-16,1.37335
29.8234,4.01505e-17,0.0334501
12.506,2.15856e-20,0.0493847
43.032,-3.24884e-18,3.69746
29.5044,3.60485e-18,0.012583
28.3703,1.93719e-18,0.0078581
25.1049,3.45811e-16,3.87253
27.6337,-9.89378e-20,0.00651432
21.7692,-1.26923e-20,0.00107864
1.36284,-1.76927e-20,-0.0368789
34.5444,-1.0294e-15,0.797113
34.4449,2.6482e-17,4.65815
9.79997,-2.18892e-19,-0.199432
19.7762,2.06507e-16,-3.50249
40.2818,-2.48464e-16,-2.71503
20.2229,4.91743e-20,0.00270027
34.6929,-9.17247e-18,0.0559276
34.1064,-1.21331e-18,0.0492428
11.9375,-6.046e-20,-0.064882
-5.97741,1.34271e-16,1.14656
36.2155,-1.5096e-16,-1.70602
34.4097,3.0746e-16,0.0962402
26.8221,1.11409e-16,6.73265
26.9809,5.14083e-16,9.79757
27.9955,5.82407e-16,7.02937
34.6382,8.02839e-17,0.0688509
-3.81452,-9.12854e-18,0.0211559
34.6777,-5.83448e-17,0.0384132
32.7217,4.30469e-17,4.08991
34.5337,-3.4142e-17,0.058278
18.7898,-4.59607e-21,0.000619141
-0.53551,-1.32324e-19,-0.0354594
34.7036,1.75232e-16,0.041127
24.6178,3.87675e-19,0.00203402
31.8526,-5.39299e-16,1.81398
39.428,2.59894e-17,3.99669
27.1476,1.48159e-17,0.311385
28.253,4.49062e-17,-3.61167
34.7498,-2.31158e-15,-0.00912338
25.1085,-4.42267e-20,0.00483375
10.4366,2.12152e-21,0.000955214
40.9804,6.53893e-17,0.470203
29.2217,4.00896e-19,0.0104894
-3.16278,8.53193e-20,-0.0866498
2.42316,3.59341e-16,-0.739604
35.4122,-3.87031e-16,9.19504
34.5895,0,0.0592757
34.702,-8.20943e-17,0.04892
38.7525,6.86669e-17,5.88408
25.3599,-1.85571e-19,0.00253241
-0.54568,1.3225e-16,0.234226
31.3395,4.33644e-17,0.571659
1.22733,-1.47747e-15,1.60231
10.8597,2.22065e-17,-2.60582
23.9723,-1.11583e-18,0.0468631
29.8182,8.08991e-17,11.2445
27.7344,4.43698e-19,0.00632632
11.5478,-2.95262e-19,-0.131301
28.8087,-1.5218e-17,8.29512
-3.59229,-8.93461e-17,1.64941
43.2731,2.25776e-17,-2.87624
21.6005,2.45896e-17,-0.678351
41.5173,-1.37478e-17,-3.85193
39.3363,-1.07095e-16,-0.409176
34.7976,-2.59056e-16,-0.0629055
41.8629,-4.67864e-18,-3.92636
27.1431,9.93162e-19,0.00510709
33.6026,-1.36893e-17,0.0428659
34.5524,4.0904e-17,-1.348
25.6811,-2.30913e-17,0.662179
32.4638,4.54743e-17,-2.04188
-5.13823,3.88306e-18,-0.0452288
40.4292,-3.68794e-17,-3.63739
34.6634,-2.39879e-18,0.0498603
34.7136,-5.04144e-16,0.075214
30.6238,1.26739e-16,8.44924
34.7044,-3.63441e-17,0.0591327
17.1305,-6.41552e-19,0.226677
20.8357,-2.34428e-18,0.0637942
34.7082,2.10856e-16,0.0636825
-2.43565,2.38381e-17,-0.331192
33.3532,2.95084e-18,-1.78603
34.7139,-4.79195e-16,0.0761282
32.2156,-2.69715e-17,-0.464805
34.6795,0,0.0549186
40.95,3.23352e-18,0.652985
24.7707,1.29061e-16,-0.799251
37.5891,-1.207e-17,-5.13073
28.1105,4.24756e-18,0.0669735
10.7416,-6.55617e-18,-2.2248
31.2216,-1.02595e-18,0.0217377
32.7457,1.09443e-16,0.444539
27.6617,2.94421e-19,0.00659369
2.31634,2.96334e-22,-1.29809
34.2853,-4.22353e-16,0.141359
-0.99087,-7.13034e-17,1.62003
34.2154,1.82693e-16,1.15267
34.6793,-3.51874e-17,0.0598553
2.30323,1.51777e-22,-0.00038881
18.0833,-4.31059e-21,0.00174497
24.7622,3.20596e-19,0.0150019
34.7108,1.76753e-16,0.061121
39.8673,-1.03769e-17,-5.07684
33.9748,1.43052e-16,0.330333
35.288,5.89757e-17,5.16231
34.769,-4.63195e-16,2.27713
10.2091,-8.10015e-17,-1.62553
0.624362,-4.30424e-18,1.2233
20.5299,-9.10414e-21,0.00114381
23.026,-1.16719e-20,0.00132573
22.9426,-3.69418e-19,0.00856242
35.3253,-2.06277e-16,-1.06345
22.2788,-2.24427e-19,0.00799289
6.72233,1.73636e-18,-2.07066
36.2344,-3.16496e-16,7.09849
2.22059,2.88328e-21,-0.000358194
26.7055,1.59119e-16,-1.56035
17.2783,1.7524e-17,-0.74876
35.2574,-2.28667e-16,-1.08735
22.0409,-2.64583e-18,0.0900272
13.5928,2.23635e-18,-0.24658
13.5137,-1.07623e-19,-0.00718653
26.8829,6.97265e-19,0.00885749
28.7941,1.61174e-17,-4.58309
24.3713,-4.43363e-19,0.00669779
23.9227,5.08299e-17,2.18081
24.7452,-2.52629e-19,0.00190847
2.25438,-2.46565e-21,-0.000398684
35.6181,-1.79582e-17,-2.47815
14.2981,5.10934e-17,-0.932078
2.66439,-2.56486e-20,-0.0167467
25.6316,5.75824e-17,-2.41805
16.5033,1.92633e-18,6.25394
17.722,1.52149e-16,10.5096
42.2207,-2.68806e-17,-3.19775
41.1844,-1.85498e-16,2.61511
14.6523,1.06322e-19,-0.0197522
34.6776,2.33312e-16,0.0286094
24.661,3.14666e-19,0.00209438
39.1543,4.075e-18,2.8366
34.7797,3.08099e-16,-3.09178
31.2782,5.78052e-17,0.0489223
30.0481,-3.10266e-19,0.0172854
20.4476,2.38151e-21,0.00131044
31.9606,-6.31332e-18,0.0584233
9.2604,5.76292e-18,-0.713843
9.86969,0,0.00764618
3.84274,4.67635e-18,-0.887292
35.1249,6.85042e-17,-3.51159
5.70557,-3.36163e-17,-1.34997
17.7048,-2.21381e-20,0.0030036
34.5388,1.63975e-16,-2.70107
-1.02592,-2.35674e-17,-0.0525537
19.8879,1.01025e-20,0.0122431
41.54,1.18298e-16,2.96784
12.8142,-1.07576e-16,7.68448
9.93382,8.6666e-22,0.00133471
34.5802,0,0.245825
13.8433,-1.33808e-21,0.00176961
-2.48989,1.61347e-16,2.00518
38.2553,-3.21146e-16,-2.5835
32.3649,-3.72641e-16,9.27884
2.08439,-4.99892e-22,-0.000338223
41.882,2.71877e-17,5.09673
10.1308,6.3488e-21,0.00116008
31.7698,-1.08992e-16,0.0922529
33.3669,5.13202e-17,0.192601
18.9763,-1.97508e-20,0.00057673
34.7019,1.82984e-16,0.0555041
34.7433,-8.98566e-16,0.0892691
28.4694,-1.23425e-19,0.00798841
9.90413,-3.54199e-20,-0.0203679
18.7542,1.19694e-17,-0.438714
34.6646,2.45952e-17,0.0141991
31.5165,-2.38222e-17,0.029191
34.1549,4.30532e-17,0.0675416
7.30001,1.06482e-21,0.00111037
25.5564,-8.61555e-19,0.0102624
34.6783,-2.54241e-17,0.0384214
19.2818,-6.96272e-21,-0.000699765
29.9158,-2.07904e-17,0.0235887
42.6421,1.42639e-16,1.95841
26.427,3.70108e-17,2.5144
-6.41942,-2.50298e-18,0.94371
-1.92072,2.42986e-18,-0.275108
34.4672,0,0.374003
33.9239,5.82357e-16,1.50746
34.6359,-2.22655e-16,0.147838
16.7322,-1.15198e-17,-0.500537
33.7412,-6.27382e-17,0.0429402
32.6444,5.87825e-18,0.0322015
13.9734,-1.66098e-16,-2.57987
28.0371,3.53932e-18,0.0676955
34.6414,2.22954e-16,0.264841
33.9516,3.15407e-16,0.778621
13.0112,8.21812e-20,-0.068771
19.4329,-8.63558e-21,-0.00113698
34.5499,-1.23489e-15,0.789289
39.1854,-2.21982e-16,0.0546636
33.2219,6.64243e-17,0.0507083
1.62757,-1.78092e-22,-0.0002242
8.71369,-1.48784e-18,-0.396627
19.3817,8.74765e-18,-0.367758
15.9842,6.28659e-20,0.0239614
34.63,-2.89925e-16,-0.250057
13.9417,-1.42384e-23,-0.148558
31.0592,2.20596e-17,0.605014
22.4221,-5.50918e-21,0.00110384
34.6639,-1.09469e-17,0.0534562
14.8776,0,0.00399677
34.6792,-3.50117e-17,0.0598525
20.5164,-3.52625e-21,0.00117097
34.3503,-4.3577e-17,0.0556932
18.9091,1.22468e-21,0.000772466
27.465,2.41178e-18,0.0105837
35.8331,3.12526e-16,-0.691684
39.7358,9.38777e-18,-4.43989
29.8909,1.13834e-20,0.0131702
2.14945,2.26579e-16,0.0435184
-4.12338,2.73157e-16,2.06626
20.8956,4.26269e-19,0.032796
16.845,-2.46977e-15,10.2173
22.7628,-7.22476e-16,4.96073
21.5808,9.10683e-19,0.021137
21.0685,-3.23849e-20,0.00138843
39.59,7.59288e-17,5.90339
28.4911,-1.75944e-19,0.00804179
11.4221,1.6476e-18,-1.13802
43.1755,8.90899e-18,1.9758
27.0696,-4.00044e-19,0.00538234
5.02431,6.69842e-17,-1.62581
34.6859,1.1081e-16,0.113181
34.6764,3.27519e-17,0.042265
16.2257,-1.59472e-19,-0.290739
33.8439,-4.65306e-17,5.10116
34.6773,5.90637e-17,0.0452279
36.5264,-1.94688e-16,7.99012
25.8484,8.10423e-18,0.139149
29.0713,1.14048e-16,-2.27683
21.7644,-1.23958e-20,0.00109327
34.7067,-2.70592e-17,0.108823
34.6769,0,0.0593339
19.9863,-1.40895e-20,-0.00036425
34.5336,-1.36482e-17,0.0571646
-2.49331,-2.30279e-19,-0.518474
13.543,-1.21932e-19,-0.00721974
17.7402,1.27675e-20,0.00446446
34.6776,6.65908e-17,0.0459164
43.4037,-1.28735e-16,2.93786
25.3754,-3.5853e-17,0.632094
19.1411,3.84641e-21,-0.000535277
13.8844,2.87731e-17,-0.898052
41.4138,3.48338e-16,6.51
-6.04312,2.7909e-18,0.145695
38.3327,-6.83589e-16,-0.0916487
39.8703,3.43931e-17,-4.79551
33.5778,1.2135e-16,0.193418
34.2453,-3.01699e-17,-3.66055
34.6759,3.22751e-17,0.0501096
21.6958,-8.83812e-21,0.0010945
31.2511,1.31755e-19,0.0221415
21.2165,2.29257e-17,1.67947
34.8348,1.00783e-15,6.75635
18.759,-4.69665e-20,0.0166781
34.7028,8.75977e-17,0.0810705
34.7035,4.46526e-17,0.0798133
38.9695,1.42628e-16,-2.64172
24.1958,7.24016e-21,0.00160051
34.7032,-2.35218e-16,0.0223614
27.1054,1.07797e-16,11.4745
25.2054,2.52156e-19,0.00331259
7.25745,-1.51948e-21,0.00103488
32.856,4.16299e-16,-0.878629
37.301,2.6073e-16,4.85591
42.9009,-8.37112e-17,1.3121
35.0517,-8.75045e-17,9.52993
4.78876,3.22569e-18,-0.396447
15.702,2.04196e-21,-0.0004628
34.7475,-1.19593e-15,-0.00685547
30.4551,4.31232e-17,0.0411591
-1.95893,7.84216e-19,1.85241
42.1184,-1.42828e-18,0.125719
27.1663,3.48168e-17,0.832396
14.7154,-6.01114e-18,-0.253013
24.1324,-3.18248e-17,-3.25108
20.348,-5.44744e-21,0.00186557
42.0368,-5.83565e-18,2.37582
34.7108,1.47907e-16,0.0603227
-4.34325,2.55673e-18,-0.11818
40.9546,-2.6254e-16,5.33391
10.4941,-1.52487e-17,5.05066
26.086,-1.35967e-16,-1.76804
24.1993,4.02895e-21,0.00159935
3.74022,2.68159e-20,0.0017184
33.4944,-2.75564e-16,1.10597
32.3535,-2.50903e-17,0.0358453
-4.98397,8.03857e-20,-0.07524
4.58947,3.82386e-19,-0.163079
19.5702,1.53311e-17,-0.785178
36.4512,-8.49407e-16,-2.76309
3.32044,-4.58001e-18,-1.03438
25.2523,-4.86823e-17,10.2724
42.6192,1.23268e-16,4.16891
34.6842,1.79547e-16,0.159665
20.7065,-1.25894e-18,0.0661522
38.6753,-2.78462e-16,6.27665
13.982,-1.25646e-23,-0.146982
34.66,3.25123e-16,0.246217
20.6562,0,0.000934797
37.818,-6.72499e-17,-0.75487
30.4161,3.95614e-16,-0.930148
32.0564,2.91334e-17,0.691794
27.3236,1.7239e-17,0.297263
34.7456,-4.85073e-16,0.0863761
34.7037,-5.63082e-17,0.0587189
30.3428,-1.90613e-18,0.0154099
-3.30765,1.98212e-16,2.03543
16.9245,-4.00389e-20,0.0156642
5.1872,1.73502e-20,-0.000299149
34.7136,-2.94088e-22,0.0609388
9.88471,2.31368e-20,-0.0695646
16.2668,2.09307e-16,6.03807
26.2506,-8.53683e-19,0.0414273
19.2736,1.53007e-19,0.0113359
42.0675,-2.78143e-17,-3.62599
27.8477,6.33449e-20,0.0063927
39.8313,-1.89285e-17,7.48575
25.7043,9.00649e-19,0.00607947
5.77466,-9.59277e-18,-0.903283
41.0385,-5.04727e-17,6.43527
34.6636,-4.68369e-18,0.0502549
41.9139,9.96524e-18,-3.18074
29.5535,1.57e-16,11.2364
32.2915,8.59712e-17,0.0432629
22.2687,-3.45138e-20,0.00103727
33.139,1.07873e-16,0.0490643
20.9057,-2.65651e-18,-1.22535
23.2452,7.63431e-21,0.00302887
40.4749,3.15048e-16,5.50517
0.506433,-2.25317e-15,0.214937
34.3751,-4.93542e-17,0.0567419
24.1221,-1.07784e-16,10.4098
14.0663,-7.52583e-18,0.583268
41.679,-4.98311e-17,1.77611
25.3536,-2.02715e-19,0.00253046
37.7825,3.70579e-19,0.502736
42.4593,1.36189e-17,-1.77547
34.6763,-1.21208e-16,0.00660615
34.7303,-3.95734e-16,0.0670091
39.1863,-2.04003e-16,0.0607246
21.4603,1.64638e-19,0.0104194
6.06669,3.24844e-17,-1.67447
21.1027,-1.23081e-16,4.05115
22.212,2.96437e-20,0.00113475
34.3577,6.99059e-17,5.24315
34.4177,-3.47931e-16,0.142491
37.255,-1.75698e-18,5.0823
39.4363,3.34394e-18,3.47069
21.5517,4.23939e-20,0.00132923
21.1369,-2.20228e-20,0.00136585
31.5762,8.9225e-17,0.413617
34.6771,2.65885e-17,0.0339605
13.0168,5.9852e-23,-0.000677316
22.5571,-6.1426e-16,11.4586
8.90908,1.13054e-16,-2.22691
17.1338,-2.0603e-20,0.00842743
26.8577,4.03819e-19,0.00904432
34.733,-3.46627e-17,0.0212336
-6.36511,0,0.682456
34.1221,1.47607e-16,0.804397
34.7397,-5.22223e-16,0.227737
32.0843,2.90188e-16,1.40531
24.6558,2.62588e-19,0.00212631
23.4272,1.37035e-19,0.00160965
17.9656,3.80503e-21,0.00177204
19.2311,1.60406e-19,0.0117998
35.3247,-1.25166e-15,-1.01038
34.357,-6.25419e-16,0.840423
34.7018,1.40147e-15,0.013848
40.5381,-2.43014e-16,5.32043
9.91096,7.75721e-22,0.00136688
-4.26002,-6.73189e-18,0.557074
18.787,-5.96988e-21,0.000617916
16.6716,2.45121e-17,-0.661661
42.8257,7.17154e-17,5.03943
28.3429,2.16769e-18,0.00784569
25.957,-1.98892e-19,0.00333686
34.7822,1.51672e-15,0.0126473
3.22183,2.21382e-18,-1.01375
27.3377,-9.42238e-18,0.0166472
18.0125,8.01922e-19,0.0569996
43.9678,-3.65208e-17,-0.465655
14.7427,-1.44319e-23,-0.12713
22.1179,-2.74009e-18,0.089166
34.1145,6.83038e-20,-0.0682855
34.6756,0,0.0590873
34.6787,0,0.0548487
-5.89364,9.8874e-17,1.24512
36.413,2.31429e-16,-0.951254
31.3602,1.87493e-17,0.0344138
26.5714,3.49181e-19,0.0240096
38.7949,-6.06994e-17,7.26424
-4.68706,-9.25465e-21,0.430022
32.2834,7.86694e-17,0.0428282
25.3632,1.79957e-18,0.0178286
2.75596,1.61201e-16,1.14125
9.89415,-6.65812e-20,-0.202456
23.5297,2.47928e-18,0.0681625
19.5481,-1.47662e-18,0.0445953
22.7679,-1.25636e-16,-0.861239
34.5878,0,0.0594132
30.1769,3.35694e-17,0.529533
29.7534,3.97602e-17,0.0332019
2.31804,1.92605e-22,-0.00045222
30.3617,-2.22727e-19,0.0154149
28.8548,2.61102e-19,0.0102642
36.4772,3.0495e-16,-1.04115
5.55216,-4.79418e-18,-1.85552
17.3588,1.84101e-17,-0.758109
10.3444,1.89045e-21,0.000981507
34.9286,-7.16931e-16,0.0962051
12.2447,4.25991e-20,-0.0297155
25.2722,3.37378e-19,0.00272556
-3.74022,-2.40993e-17,0.698499
32.8451,-1.38173e-16,9.93119
29.4318,4.07868e-16,-0.971663
40.4958,-1.84275e-19,-1.27267
32.8048,-2.02269e-16,0.101897
23.2477,3.22127e-20,0.00297338
33.855,-4.34715e-16,1.17678
35.9963,-3.54746e-16,3.00875
41.2208,-6.45228e-17,6.21818
23.5415,-9.38041e-17,10.5442
30.9379,2.36028e-17,2.3476
