zone,x/c,cf
"alpha=10 deg, Dwight 2022",0.0,0.030537327581673962
"alpha=10 deg, Dwight 2022",0.0,0.030537327581673962
"alpha=10 deg, Dwight 2022",1.3469169239250276e-06,0.030149776756455693
"alpha=10 deg, Dwight 2022",1.3469169239250276e-06,0.030149776756455693
"alpha=10 deg, Dwight 2022",5.818606394707828e-06,0.03019813638780531
"alpha=10 deg, Dwight 2022",5.818606394707828e-06,0.03019813638780531
"alpha=10 deg, Dwight 2022",1.4150627342888643e-05,0.030714930183261862
"alpha=10 deg, Dwight 2022",1.4150627342888643e-05,0.030714930183261862
"alpha=10 deg, Dwight 2022",2.7212759647188533e-05,0.03123089336660388
"alpha=10 deg, Dwight 2022",2.7212759647188533e-05,0.03123089336660388
"alpha=10 deg, Dwight 2022",4.6029342337375965e-05,0.03163355080892319
"alpha=10 deg, Dwight 2022",4.6029342337375965e-05,0.03163355080892319
"alpha=10 deg, Dwight 2022",7.180327453142227e-05,0.032010808198345536
"alpha=10 deg, Dwight 2022",7.180327453142227e-05,0.032010808198345536
"alpha=10 deg, Dwight 2022",0.000105940407938258,0.032397355653289044
"alpha=10 deg, Dwight 2022",0.000105940407938258,0.032397355653289044
"alpha=10 deg, Dwight 2022",0.00015007861631753032,0.03277719292769607
"alpha=10 deg, Dwight 2022",0.00015007861631753032,0.03277719292769607
"alpha=10 deg, Dwight 2022",0.00020611403528114663,0.033126739382838714
"alpha=10 deg, Dwight 2022",0.00020611403528114663,0.033126739382838714
"alpha=10 deg, Dwight 2022",0.0002762360143329658,0.03339669950773097
"alpha=10 deg, Dwight 2022",0.0002762360143329658,0.03339669950773097
"alpha=10 deg, Dwight 2022",0.0003629542998897464,0.033560049455892735
"alpha=10 deg, Dwight 2022",0.0003629542998897464,0.033560049455892735
"alpha=10 deg, Dwight 2022",0.00046912844542447625,0.03364630371998785
"alpha=10 deg, Dwight 2022",0.00046912844542447625,0.03364630371998785
"alpha=10 deg, Dwight 2022",0.000597992282249173,0.03367702183483072
"alpha=10 deg, Dwight 2022",0.000597992282249173,0.03367702183483072
"alpha=10 deg, Dwight 2022",0.0007531893054024256,0.03364874584464345
"alpha=10 deg, Dwight 2022",0.0007531893054024256,0.03364874584464345
"alpha=10 deg, Dwight 2022",0.0009387642227122381,0.033546950611241674
"alpha=10 deg, Dwight 2022",0.0009387642227122381,0.033546950611241674
"alpha=10 deg, Dwight 2022",0.0011591931091510473,0.0333545695777807
"alpha=10 deg, Dwight 2022",0.0011591931091510473,0.0333545695777807
"alpha=10 deg, Dwight 2022",0.0014193778941565599,0.03305901562487204
"alpha=10 deg, Dwight 2022",0.0014193778941565599,0.03305901562487204
"alpha=10 deg, Dwight 2022",0.0017246230429988974,0.032655381011735984
"alpha=10 deg, Dwight 2022",0.0017246230429988974,0.032655381011735984
"alpha=10 deg, Dwight 2022",0.0020806233186328555,0.03214359521842586
"alpha=10 deg, Dwight 2022",0.0020806233186328555,0.03214359521842586
"alpha=10 deg, Dwight 2022",0.0024934342337375962,0.03152655746107429
"alpha=10 deg, Dwight 2022",0.0024934342337375962,0.03152655746107429
"alpha=10 deg, Dwight 2022",0.0029694416207276734,0.030810407995603088
"alpha=10 deg, Dwight 2022",0.0029694416207276734,0.030810407995603088
"alpha=10 deg, Dwight 2022",0.0035153198456449835,0.030000353639871108
"alpha=10 deg, Dwight 2022",0.0035153198456449835,0.030000353639871108
"alpha=10 deg, Dwight 2022",0.004137967089305403,0.029075250084981578
"alpha=10 deg, Dwight 2022",0.004137967089305403,0.029075250084981578
"alpha=10 deg, Dwight 2022",0.004844550275633958,0.02805300015804611
"alpha=10 deg, Dwight 2022",0.004844550275633958,0.02805300015804611
"alpha=10 deg, Dwight 2022",0.005642485115766262,0.026989112443351407
"alpha=10 deg, Dwight 2022",0.005642485115766262,0.026989112443351407
"alpha=10 deg, Dwight 2022",0.006539262403528114,0.025907670411621408
"alpha=10 deg, Dwight 2022",0.006539262403528114,0.025907670411621408
"alpha=10 deg, Dwight 2022",0.007542786659316428,0.024815425047169888
"alpha=10 deg, Dwight 2022",0.007542786659316428,0.024815425047169888
"alpha=10 deg, Dwight 2022",0.00866097794928335,0.0237134072656218
"alpha=10 deg, Dwight 2022",0.00866097794928335,0.0237134072656218
"alpha=10 deg, Dwight 2022",0.009902279492833517,0.02260515521755382
"alpha=10 deg, Dwight 2022",0.009902279492833517,0.02260515521755382
"alpha=10 deg, Dwight 2022",0.011275160418963617,0.02149965250184954
"alpha=10 deg, Dwight 2022",0.011275160418963617,0.02149965250184954
"alpha=10 deg, Dwight 2022",0.0127887177508269,0.02042117234680359
"alpha=10 deg, Dwight 2022",0.0127887177508269,0.02042117234680359
"alpha=10 deg, Dwight 2022",0.014452201764057333,0.019389560434489403
"alpha=10 deg, Dwight 2022",0.014452201764057333,0.019389560434489403
"alpha=10 deg, Dwight 2022",0.0162755170893054,0.01840850651360041
"alpha=10 deg, Dwight 2022",0.0162755170893054,0.01840850651360041
"alpha=10 deg, Dwight 2022",0.018268856670341786,0.017481178309531446
"alpha=10 deg, Dwight 2022",0.018268856670341786,0.017481178309531446
"alpha=10 deg, Dwight 2022",0.020443036934950386,0.016610157813920768
"alpha=10 deg, Dwight 2022",0.020443036934950386,0.016610157813920768
"alpha=10 deg, Dwight 2022",0.022809438257993385,0.01579307756223603
"alpha=10 deg, Dwight 2022",0.022809438257993385,0.01579307756223603
"alpha=10 deg, Dwight 2022",0.025379999448732083,0.015028463099482248
"alpha=10 deg, Dwight 2022",0.025379999448732083,0.015028463099482248
"alpha=10 deg, Dwight 2022",0.028167238699007717,0.014315451818039913
"alpha=10 deg, Dwight 2022",0.028167238699007717,0.014315451818039913
"alpha=10 deg, Dwight 2022",0.031184335170893054,0.01365180485235823
"alpha=10 deg, Dwight 2022",0.031184335170893054,0.01365180485235823
"alpha=10 deg, Dwight 2022",0.03444508599779493,0.013033682536673561
"alpha=10 deg, Dwight 2022",0.03444508599779493,0.013033682536673561
"alpha=10 deg, Dwight 2022",0.03796391179713341,0.012457045396838229
"alpha=10 deg, Dwight 2022",0.03796391179713341,0.012457045396838229
"alpha=10 deg, Dwight 2022",0.04175587651598677,0.01191921282868467
"alpha=10 deg, Dwight 2022",0.04175587651598677,0.01191921282868467
"alpha=10 deg, Dwight 2022",0.045836630099228226,0.011418005934861503
"alpha=10 deg, Dwight 2022",0.045836630099228226,0.011418005934861503
"alpha=10 deg, Dwight 2022",0.050222412899669236,0.010950164036882856
"alpha=10 deg, Dwight 2022",0.050222412899669236,0.010950164036882856
"alpha=10 deg, Dwight 2022",0.05493000551267916,0.010512155677270348
"alpha=10 deg, Dwight 2022",0.05493000551267916,0.010512155677270348
"alpha=10 deg, Dwight 2022",0.0599766703417861,0.010101805887502629
"alpha=10 deg, Dwight 2022",0.0599766703417861,0.010101805887502629
"alpha=10 deg, Dwight 2022",0.06538009371554575,0.009717012206703863
"alpha=10 deg, Dwight 2022",0.06538009371554575,0.009717012206703863
"alpha=10 deg, Dwight 2022",0.07115830760749724,0.009355021054376753
"alpha=10 deg, Dwight 2022",0.07115830760749724,0.009355021054376753
"alpha=10 deg, Dwight 2022",0.07732958103638368,0.009013768508956273
"alpha=10 deg, Dwight 2022",0.07732958103638368,0.009013768508956273
"alpha=10 deg, Dwight 2022",0.08391230429988975,0.008691691284006568
"alpha=10 deg, Dwight 2022",0.08391230429988975,0.008691691284006568
"alpha=10 deg, Dwight 2022",0.09092487320837928,0.008386826957064615
"alpha=10 deg, Dwight 2022",0.09092487320837928,0.008386826957064615
"alpha=10 deg, Dwight 2022",0.09838551819184124,0.008097268077023673
"alpha=10 deg, Dwight 2022",0.09838551819184124,0.008097268077023673
"alpha=10 deg, Dwight 2022",0.1063121223814774,0.007821885479026403
"alpha=10 deg, Dwight 2022",0.1063121223814774,0.007821885479026403
"alpha=10 deg, Dwight 2022",0.11472206174200661,0.007559615128067758
"alpha=10 deg, Dwight 2022",0.11472206174200661,0.007559615128067758
"alpha=10 deg, Dwight 2022",0.12363196251378168,0.007309317935418458
"alpha=10 deg, Dwight 2022",0.12363196251378168,0.007309317935418458
"alpha=10 deg, Dwight 2022",0.13305746416758546,0.007069527872691306
"alpha=10 deg, Dwight 2022",0.13305746416758546,0.007069527872691306
"alpha=10 deg, Dwight 2022",0.14301298787210584,0.006839349564988852
"alpha=10 deg, Dwight 2022",0.14301298787210584,0.006839349564988852
"alpha=10 deg, Dwight 2022",0.1535114553472988,0.00661853958806693
"alpha=10 deg, Dwight 2022",0.1535114553472988,0.00661853958806693
"alpha=10 deg, Dwight 2022",0.16456401323043,0.006406109886399368
"alpha=10 deg, Dwight 2022",0.16456401323043,0.006406109886399368
"alpha=10 deg, Dwight 2022",0.17617972987872108,0.006201120056610416
"alpha=10 deg, Dwight 2022",0.17617972987872108,0.006201120056610416
"alpha=10 deg, Dwight 2022",0.18836531422271222,0.006002833063345493
"alpha=10 deg, Dwight 2022",0.18836531422271222,0.006002833063345493
"alpha=10 deg, Dwight 2022",0.20112480154355017,0.0058109810630645985
"alpha=10 deg, Dwight 2022",0.20112480154355017,0.0058109810630645985
"alpha=10 deg, Dwight 2022",0.2144592723263506,0.005625553412932023
"alpha=10 deg, Dwight 2022",0.2144592723263506,0.005625553412932023
"alpha=10 deg, Dwight 2022",0.22836657662624035,0.005446275027143814
"alpha=10 deg, Dwight 2022",0.22836657662624035,0.005446275027143814
"alpha=10 deg, Dwight 2022",0.24284105843439913,0.005272819152702734
"alpha=10 deg, Dwight 2022",0.24284105843439913,0.005272819152702734
"alpha=10 deg, Dwight 2022",0.25787334619625135,0.005104895427821366
"alpha=10 deg, Dwight 2022",0.25787334619625135,0.005104895427821366
"alpha=10 deg, Dwight 2022",0.2734501323042999,0.004942280526549046
"alpha=10 deg, Dwight 2022",0.2734501323042999,0.004942280526549046
"alpha=10 deg, Dwight 2022",0.28955404630650494,0.00478459074703933
"alpha=10 deg, Dwight 2022",0.28955404630650494,0.00478459074703933
"alpha=10 deg, Dwight 2022",0.3061635336273429,0.004631689268019909
"alpha=10 deg, Dwight 2022",0.3061635336273429,0.004631689268019909
"alpha=10 deg, Dwight 2022",0.3232528390297684,0.004483708694990064
"alpha=10 deg, Dwight 2022",0.3232528390297684,0.004483708694990064
"alpha=10 deg, Dwight 2022",0.340792006615215,0.0043402752399947005
"alpha=10 deg, Dwight 2022",0.340792006615215,0.0043402752399947005
"alpha=10 deg, Dwight 2022",0.35874698456449833,0.004201209194961738
"alpha=10 deg, Dwight 2022",0.35874698456449833,0.004201209194961738
"alpha=10 deg, Dwight 2022",0.377079796030871,0.004066695421995443
"alpha=10 deg, Dwight 2022",0.377079796030871,0.004066695421995443
"alpha=10 deg, Dwight 2022",0.395748776185226,0.003936714834249599
"alpha=10 deg, Dwight 2022",0.395748776185226,0.003936714834249599
"alpha=10 deg, Dwight 2022",0.41470888092613006,0.003811191111104509
"alpha=10 deg, Dwight 2022",0.41470888092613006,0.003811191111104509
"alpha=10 deg, Dwight 2022",0.43391206725468573,0.003689991783625257
"alpha=10 deg, Dwight 2022",0.43391206725468573,0.003689991783625257
"alpha=10 deg, Dwight 2022",0.45330775633958104,0.003572955468511283
"alpha=10 deg, Dwight 2022",0.45330775633958104,0.003572955468511283
"alpha=10 deg, Dwight 2022",0.47284330760749727,0.0034598821131060953
"alpha=10 deg, Dwight 2022",0.47284330760749727,0.0034598821131060953
"alpha=10 deg, Dwight 2022",0.4924646030871003,0.003350625855939751
"alpha=10 deg, Dwight 2022",0.4924646030871003,0.003350625855939751
"alpha=10 deg, Dwight 2022",0.512116598676957,0.0032450712249770955
"alpha=10 deg, Dwight 2022",0.512116598676957,0.0032450712249770955
"alpha=10 deg, Dwight 2022",0.53174394707828,0.003143017776494644
"alpha=10 deg, Dwight 2022",0.53174394707828,0.003143017776494644
"alpha=10 deg, Dwight 2022",0.5512916207276737,0.0030440792247178636
"alpha=10 deg, Dwight 2022",0.5512916207276737,0.0030440792247178636
"alpha=10 deg, Dwight 2022",0.5707054024255789,0.0029480434630755744
"alpha=10 deg, Dwight 2022",0.5707054024255789,0.0029480434630755744
"alpha=10 deg, Dwight 2022",0.5899328004410144,0.0028548518813606596
"alpha=10 deg, Dwight 2022",0.5899328004410144,0.0028548518813606596
"alpha=10 deg, Dwight 2022",0.6089230429988974,0.0027642497512899624
"alpha=10 deg, Dwight 2022",0.6089230429988974,0.0027642497512899624
"alpha=10 deg, Dwight 2022",0.6276282800441014,0.0026760048457993304
"alpha=10 deg, Dwight 2022",0.6276282800441014,0.0026760048457993304
"alpha=10 deg, Dwight 2022",0.6460033076074972,0.002589902734858934
"alpha=10 deg, Dwight 2022",0.6460033076074972,0.002589902734858934
"alpha=10 deg, Dwight 2022",0.6640065600882029,0.0025057113004709414
"alpha=10 deg, Dwight 2022",0.6640065600882029,0.0025057113004709414
"alpha=10 deg, Dwight 2022",0.6816001102535832,0.0024231711432612015
"alpha=10 deg, Dwight 2022",0.6816001102535832,0.0024231711432612015
"alpha=10 deg, Dwight 2022",0.6987499448732083,0.002342010373715125
"alpha=10 deg, Dwight 2022",0.6987499448732083,0.002342010373715125
"alpha=10 deg, Dwight 2022",0.7154261852260198,0.002261924938978099
"alpha=10 deg, Dwight 2022",0.7154261852260198,0.002261924938978099
"alpha=10 deg, Dwight 2022",0.7316031422271223,0.0021827574473736373
"alpha=10 deg, Dwight 2022",0.7316031422271223,0.0021827574473736373
"alpha=10 deg, Dwight 2022",0.7472594266813671,0.002104436018085244
"alpha=10 deg, Dwight 2022",0.7472594266813671,0.002104436018085244
"alpha=10 deg, Dwight 2022",0.7623777287761851,0.002026862927924989
"alpha=10 deg, Dwight 2022",0.7623777287761851,0.002026862927924989
"alpha=10 deg, Dwight 2022",0.7769449283351709,0.0019499788837297285
"alpha=10 deg, Dwight 2022",0.7769449283351709,0.0019499788837297285
"alpha=10 deg, Dwight 2022",0.7909517640573318,0.0018737234426454271
"alpha=10 deg, Dwight 2022",0.7909517640573318,0.0018737234426454271
"alpha=10 deg, Dwight 2022",0.8043927232635061,0.0017980698523614798
"alpha=10 deg, Dwight 2022",0.8043927232635061,0.0017980698523614798
"alpha=10 deg, Dwight 2022",0.8172657662624034,0.0017230286417192443
"alpha=10 deg, Dwight 2022",0.8172657662624034,0.0017230286417192443
"alpha=10 deg, Dwight 2022",0.8295721609702316,0.0016486462013174448
"alpha=10 deg, Dwight 2022",0.8295721609702316,0.0016486462013174448
"alpha=10 deg, Dwight 2022",0.84131598676957,0.0015749962014588524
"alpha=10 deg, Dwight 2022",0.84131598676957,0.0015749962014588524
"alpha=10 deg, Dwight 2022",0.8525041345093715,0.0015021801852940315
"alpha=10 deg, Dwight 2022",0.8525041345093715,0.0015021801852940315
"alpha=10 deg, Dwight 2022",0.8631457552370452,0.0014303353893432495
"alpha=10 deg, Dwight 2022",0.8631457552370452,0.0014303353893432495
"alpha=10 deg, Dwight 2022",0.8732520396912898,0.0013596260633499295
"alpha=10 deg, Dwight 2022",0.8732520396912898,0.0013596260633499295
"alpha=10 deg, Dwight 2022",0.8828360529217198,0.0012902308909666636
"alpha=10 deg, Dwight 2022",0.8828360529217198,0.0012902308909666636
"alpha=10 deg, Dwight 2022",0.8919121830209481,0.0012223304504923927
"alpha=10 deg, Dwight 2022",0.8919121830209481,0.0012223304504923927
"alpha=10 deg, Dwight 2022",0.9004962513781698,0.0011561057828530677
"alpha=10 deg, Dwight 2022",0.9004962513781698,0.0011561057828530677
"alpha=10 deg, Dwight 2022",0.9086049062844542,0.0010917279150065371
"alpha=10 deg, Dwight 2022",0.9086049062844542,0.0010917279150065371
"alpha=10 deg, Dwight 2022",0.916255512679162,0.001029334285808864
"alpha=10 deg, Dwight 2022",0.916255512679162,0.001029334285808864
"alpha=10 deg, Dwight 2022",0.9234660418963616,0.0009690233603117099
"alpha=10 deg, Dwight 2022",0.9234660418963616,0.0009690233603117099
"alpha=10 deg, Dwight 2022",0.930254796030871,0.000910869378229728
"alpha=10 deg, Dwight 2022",0.930254796030871,0.000910869378229728
"alpha=10 deg, Dwight 2022",0.9366401874310915,0.0008549417160560724
"alpha=10 deg, Dwight 2022",0.9366401874310915,0.0008549417160560724
"alpha=10 deg, Dwight 2022",0.9426406835722161,0.0008013093430572153
"alpha=10 deg, Dwight 2022",0.9426406835722161,0.0008013093430572153
"alpha=10 deg, Dwight 2022",0.948274696802646,0.0007500412694780577
"alpha=10 deg, Dwight 2022",0.948274696802646,0.0007500412694780577
"alpha=10 deg, Dwight 2022",0.9535602535832415,0.0007012180240543256
"alpha=10 deg, Dwight 2022",0.9535602535832415,0.0007012180240543256
"alpha=10 deg, Dwight 2022",0.9585151598676956,0.0006548929773342205
"alpha=10 deg, Dwight 2022",0.9585151598676956,0.0006548929773342205
"alpha=10 deg, Dwight 2022",0.9631568357221609,0.0006110561135516753
"alpha=10 deg, Dwight 2022",0.9631568357221609,0.0006110561135516753
"alpha=10 deg, Dwight 2022",0.9675021499448732,0.0005696194725594805
"alpha=10 deg, Dwight 2022",0.9675021499448732,0.0005696194725594805
"alpha=10 deg, Dwight 2022",0.9715675303197353,0.0005304129972765085
"alpha=10 deg, Dwight 2022",0.9715675303197353,0.0005304129972765085
"alpha=10 deg, Dwight 2022",0.9753687982359427,0.0004931153656415543
"alpha=10 deg, Dwight 2022",0.9753687982359427,0.0004931153656415543
"alpha=10 deg, Dwight 2022",0.9789211135611907,0.00045741130555613553
"alpha=10 deg, Dwight 2022",0.9789211135611907,0.00045741130555613553
"alpha=10 deg, Dwight 2022",0.9822391951488423,0.0004225987907007604
"alpha=10 deg, Dwight 2022",0.9822391951488423,0.0004225987907007604
"alpha=10 deg, Dwight 2022",0.9853368798235943,0.00038853455875478393
"alpha=10 deg, Dwight 2022",0.9853368798235943,0.00038853455875478393
"alpha=10 deg, Dwight 2022",0.9882276736493936,0.00035329018015045285
"alpha=10 deg, Dwight 2022",0.9882276736493936,0.00035329018015045285
"alpha=10 deg, Dwight 2022",0.9909241455347298,0.00031864219961044775
"alpha=10 deg, Dwight 2022",0.9909241455347298,0.00031864219961044775
"alpha=10 deg, Dwight 2022",0.9934384785005512,0.0002777333100458791
"alpha=10 deg, Dwight 2022",0.9934384785005512,0.0002777333100458791
"alpha=10 deg, Dwight 2022",0.9957820837927233,0.00024135735766263227
"alpha=10 deg, Dwight 2022",0.9957820837927233,0.00024135735766263227
"alpha=10 deg, Dwight 2022",0.9979658213891952,0.00011187595802873198
"alpha=10 deg, Dwight 2022",0.9979658213891952,0.00011187595802873198
"alpha=10 deg, Dwight 2022",1.0,0.0008125931397839477
"alpha=10 deg, Dwight 2022",1.0,0.0008125931397839477
"alpha=15 deg, Dwight 2022",0.0,0.05250978229544324
"alpha=15 deg, Dwight 2022",0.0,0.05250978229544324
"alpha=15 deg, Dwight 2022",1.3469169239250276e-06,0.05164781760333858
"alpha=15 deg, Dwight 2022",1.3469169239250276e-06,0.05164781760333858
"alpha=15 deg, Dwight 2022",5.818606394707828e-06,0.05143636884334883
"alpha=15 deg, Dwight 2022",5.818606394707828e-06,0.05143636884334883
"alpha=15 deg, Dwight 2022",1.4150627342888643e-05,0.05200559402372771
"alpha=15 deg, Dwight 2022",1.4150627342888643e-05,0.05200559402372771
"alpha=15 deg, Dwight 2022",2.7212759647188533e-05,0.052627008453182994
"alpha=15 deg, Dwight 2022",2.7212759647188533e-05,0.052627008453182994
"alpha=15 deg, Dwight 2022",4.6029342337375965e-05,0.053029742283826196
"alpha=15 deg, Dwight 2022",4.6029342337375965e-05,0.053029742283826196
"alpha=15 deg, Dwight 2022",7.180327453142227e-05,0.053331661749339614
"alpha=15 deg, Dwight 2022",7.180327453142227e-05,0.053331661749339614
"alpha=15 deg, Dwight 2022",0.000105940407938258,0.053619619750578905
"alpha=15 deg, Dwight 2022",0.000105940407938258,0.053619619750578905
"alpha=15 deg, Dwight 2022",0.00015007861631753032,0.053887362601518864
"alpha=15 deg, Dwight 2022",0.00015007861631753032,0.053887362601518864
"alpha=15 deg, Dwight 2022",0.00020611403528114663,0.05410427382709753
"alpha=15 deg, Dwight 2022",0.00020611403528114663,0.05410427382709753
"alpha=15 deg, Dwight 2022",0.0002762360143329658,0.054244070212671615
"alpha=15 deg, Dwight 2022",0.0002762360143329658,0.054244070212671615
"alpha=15 deg, Dwight 2022",0.0003629542998897464,0.054281678199232235
"alpha=15 deg, Dwight 2022",0.0003629542998897464,0.054281678199232235
"alpha=15 deg, Dwight 2022",0.00046912844542447625,0.05419239269074306
"alpha=15 deg, Dwight 2022",0.00046912844542447625,0.05419239269074306
"alpha=15 deg, Dwight 2022",0.000597992282249173,0.05395419504098409
"alpha=15 deg, Dwight 2022",0.000597992282249173,0.05395419504098409
"alpha=15 deg, Dwight 2022",0.0007531893054024256,0.05354643577780881
"alpha=15 deg, Dwight 2022",0.0007531893054024256,0.05354643577780881
"alpha=15 deg, Dwight 2022",0.0009387642227122381,0.05288784674678187
"alpha=15 deg, Dwight 2022",0.0009387642227122381,0.05288784674678187
"alpha=15 deg, Dwight 2022",0.0011591931091510473,0.05195641502408703
"alpha=15 deg, Dwight 2022",0.0011591931091510473,0.05195641502408703
"alpha=15 deg, Dwight 2022",0.0014193778941565599,0.0508258553197785
"alpha=15 deg, Dwight 2022",0.0014193778941565599,0.0508258553197785
"alpha=15 deg, Dwight 2022",0.0017246230429988974,0.04952359295155067
"alpha=15 deg, Dwight 2022",0.0017246230429988974,0.04952359295155067
"alpha=15 deg, Dwight 2022",0.0020806233186328555,0.048060341147615294
"alpha=15 deg, Dwight 2022",0.0020806233186328555,0.048060341147615294
"alpha=15 deg, Dwight 2022",0.0024934342337375962,0.04645286322062608
"alpha=15 deg, Dwight 2022",0.0024934342337375962,0.04645286322062608
"alpha=15 deg, Dwight 2022",0.0029694416207276734,0.044721463291883735
"alpha=15 deg, Dwight 2022",0.0029694416207276734,0.044721463291883735
"alpha=15 deg, Dwight 2022",0.0035153198456449835,0.042892712370697125
"alpha=15 deg, Dwight 2022",0.0035153198456449835,0.042892712370697125
"alpha=15 deg, Dwight 2022",0.004137967089305403,0.040989520469868874
"alpha=15 deg, Dwight 2022",0.004137967089305403,0.040989520469868874
"alpha=15 deg, Dwight 2022",0.004844550275633958,0.03898897164685462
"alpha=15 deg, Dwight 2022",0.004844550275633958,0.03898897164685462
"alpha=15 deg, Dwight 2022",0.005642485115766262,0.03687622607211492
"alpha=15 deg, Dwight 2022",0.005642485115766262,0.03687622607211492
"alpha=15 deg, Dwight 2022",0.006539262403528114,0.03472427749571358
"alpha=15 deg, Dwight 2022",0.006539262403528114,0.03472427749571358
"alpha=15 deg, Dwight 2022",0.007542786659316428,0.03260063686698793
"alpha=15 deg, Dwight 2022",0.007542786659316428,0.03260063686698793
"alpha=15 deg, Dwight 2022",0.00866097794928335,0.030528295936440616
"alpha=15 deg, Dwight 2022",0.00866097794928335,0.030528295936440616
"alpha=15 deg, Dwight 2022",0.009902279492833517,0.02853795634520126
"alpha=15 deg, Dwight 2022",0.009902279492833517,0.02853795634520126
"alpha=15 deg, Dwight 2022",0.011275160418963617,0.026652978057597653
"alpha=15 deg, Dwight 2022",0.011275160418963617,0.026652978057597653
"alpha=15 deg, Dwight 2022",0.0127887177508269,0.024885214684592347
"alpha=15 deg, Dwight 2022",0.0127887177508269,0.024885214684592347
"alpha=15 deg, Dwight 2022",0.014452201764057333,0.02323759498715788
"alpha=15 deg, Dwight 2022",0.014452201764057333,0.02323759498715788
"alpha=15 deg, Dwight 2022",0.0162755170893054,0.021704856560551627
"alpha=15 deg, Dwight 2022",0.0162755170893054,0.021704856560551627
"alpha=15 deg, Dwight 2022",0.018268856670341786,0.02028815883004299
"alpha=15 deg, Dwight 2022",0.018268856670341786,0.02028815883004299
"alpha=15 deg, Dwight 2022",0.020443036934950386,0.018986606166931087
"alpha=15 deg, Dwight 2022",0.020443036934950386,0.018986606166931087
"alpha=15 deg, Dwight 2022",0.022809438257993385,0.01779279099502438
"alpha=15 deg, Dwight 2022",0.022809438257993385,0.01779279099502438
"alpha=15 deg, Dwight 2022",0.025379999448732083,0.016698342883470794
"alpha=15 deg, Dwight 2022",0.025379999448732083,0.016698342883470794
"alpha=15 deg, Dwight 2022",0.028167238699007717,0.0156947549830856
"alpha=15 deg, Dwight 2022",0.028167238699007717,0.0156947549830856
"alpha=15 deg, Dwight 2022",0.031184335170893054,0.014774812598230826
"alpha=15 deg, Dwight 2022",0.031184335170893054,0.014774812598230826
"alpha=15 deg, Dwight 2022",0.03444508599779493,0.01393242936366863
"alpha=15 deg, Dwight 2022",0.03444508599779493,0.01393242936366863
"alpha=15 deg, Dwight 2022",0.03796391179713341,0.013160974661759509
"alpha=15 deg, Dwight 2022",0.03796391179713341,0.013160974661759509
"alpha=15 deg, Dwight 2022",0.04175587651598677,0.012452426587882344
"alpha=15 deg, Dwight 2022",0.04175587651598677,0.012452426587882344
"alpha=15 deg, Dwight 2022",0.045836630099228226,0.01179982916967442
"alpha=15 deg, Dwight 2022",0.045836630099228226,0.01179982916967442
"alpha=15 deg, Dwight 2022",0.050222412899669236,0.011198325127376028
"alpha=15 deg, Dwight 2022",0.050222412899669236,0.011198325127376028
"alpha=15 deg, Dwight 2022",0.05493000551267916,0.010643820482744397
"alpha=15 deg, Dwight 2022",0.05493000551267916,0.010643820482744397
"alpha=15 deg, Dwight 2022",0.0599766703417861,0.010131205050618734
"alpha=15 deg, Dwight 2022",0.0599766703417861,0.010131205050618734
"alpha=15 deg, Dwight 2022",0.06538009371554575,0.009655139012112585
"alpha=15 deg, Dwight 2022",0.06538009371554575,0.009655139012112585
"alpha=15 deg, Dwight 2022",0.07115830760749724,0.009212226995472328
"alpha=15 deg, Dwight 2022",0.07115830760749724,0.009212226995472328
"alpha=15 deg, Dwight 2022",0.07732958103638368,0.00879975949477154
"alpha=15 deg, Dwight 2022",0.07732958103638368,0.00879975949477154
"alpha=15 deg, Dwight 2022",0.08391230429988975,0.008414104175412851
"alpha=15 deg, Dwight 2022",0.08391230429988975,0.008414104175412851
"alpha=15 deg, Dwight 2022",0.09092487320837928,0.008052054772800998
"alpha=15 deg, Dwight 2022",0.09092487320837928,0.008052054772800998
"alpha=15 deg, Dwight 2022",0.09838551819184124,0.007711662939497359
"alpha=15 deg, Dwight 2022",0.09838551819184124,0.007711662939497359
"alpha=15 deg, Dwight 2022",0.1063121223814774,0.007390800022116494
"alpha=15 deg, Dwight 2022",0.1063121223814774,0.007390800022116494
"alpha=15 deg, Dwight 2022",0.11472206174200661,0.007087161010793425
"alpha=15 deg, Dwight 2022",0.11472206174200661,0.007087161010793425
"alpha=15 deg, Dwight 2022",0.12363196251378168,0.006799229349664818
"alpha=15 deg, Dwight 2022",0.12363196251378168,0.006799229349664818
"alpha=15 deg, Dwight 2022",0.13305746416758546,0.00652548828766342
"alpha=15 deg, Dwight 2022",0.13305746416758546,0.00652548828766342
"alpha=15 deg, Dwight 2022",0.14301298787210584,0.006264537989798249
"alpha=15 deg, Dwight 2022",0.14301298787210584,0.006264537989798249
"alpha=15 deg, Dwight 2022",0.1535114553472988,0.006015279311287772
"alpha=15 deg, Dwight 2022",0.1535114553472988,0.006015279311287772
"alpha=15 deg, Dwight 2022",0.16456401323043,0.005776484386382252
"alpha=15 deg, Dwight 2022",0.16456401323043,0.005776484386382252
"alpha=15 deg, Dwight 2022",0.17617972987872108,0.005547275649900224
"alpha=15 deg, Dwight 2022",0.17617972987872108,0.005547275649900224
"alpha=15 deg, Dwight 2022",0.18836531422271222,0.005326920247873025
"alpha=15 deg, Dwight 2022",0.18836531422271222,0.005326920247873025
"alpha=15 deg, Dwight 2022",0.20112480154355017,0.005114783960368787
"alpha=15 deg, Dwight 2022",0.20112480154355017,0.005114783960368787
"alpha=15 deg, Dwight 2022",0.2144592723263506,0.004910313272590635
"alpha=15 deg, Dwight 2022",0.2144592723263506,0.004910313272590635
"alpha=15 deg, Dwight 2022",0.22836657662624035,0.0047129749280649166
"alpha=15 deg, Dwight 2022",0.22836657662624035,0.0047129749280649166
"alpha=15 deg, Dwight 2022",0.24284105843439913,0.004522319525184573
"alpha=15 deg, Dwight 2022",0.24284105843439913,0.004522319525184573
"alpha=15 deg, Dwight 2022",0.25787334619625135,0.00433794319010305
"alpha=15 deg, Dwight 2022",0.25787334619625135,0.00433794319010305
"alpha=15 deg, Dwight 2022",0.2734501323042999,0.004159537366202797
"alpha=15 deg, Dwight 2022",0.2734501323042999,0.004159537366202797
"alpha=15 deg, Dwight 2022",0.28955404630650494,0.0039868118100850084
"alpha=15 deg, Dwight 2022",0.28955404630650494,0.0039868118100850084
"alpha=15 deg, Dwight 2022",0.3061635336273429,0.003819548225737124
"alpha=15 deg, Dwight 2022",0.3061635336273429,0.003819548225737124
"alpha=15 deg, Dwight 2022",0.3232528390297684,0.003657540118410023
"alpha=15 deg, Dwight 2022",0.3232528390297684,0.003657540118410023
"alpha=15 deg, Dwight 2022",0.340792006615215,0.0035006160474491347
"alpha=15 deg, Dwight 2022",0.340792006615215,0.0035006160474491347
"alpha=15 deg, Dwight 2022",0.35874698456449833,0.0033486273300637154
"alpha=15 deg, Dwight 2022",0.35874698456449833,0.0033486273300637154
"alpha=15 deg, Dwight 2022",0.377079796030871,0.0032014603382539185
"alpha=15 deg, Dwight 2022",0.377079796030871,0.0032014603382539185
"alpha=15 deg, Dwight 2022",0.395748776185226,0.003058969000897882
"alpha=15 deg, Dwight 2022",0.395748776185226,0.003058969000897882
"alpha=15 deg, Dwight 2022",0.41470888092613006,0.002920946650481305
"alpha=15 deg, Dwight 2022",0.41470888092613006,0.002920946650481305
"alpha=15 deg, Dwight 2022",0.43391206725468573,0.002787158398603534
"alpha=15 deg, Dwight 2022",0.43391206725468573,0.002787158398603534
"alpha=15 deg, Dwight 2022",0.45330775633958104,0.0026574436675846943
"alpha=15 deg, Dwight 2022",0.45330775633958104,0.0026574436675846943
"alpha=15 deg, Dwight 2022",0.47284330760749727,0.0025316293555948804
"alpha=15 deg, Dwight 2022",0.47284330760749727,0.0025316293555948804
"alpha=15 deg, Dwight 2022",0.4924646030871003,0.0024094364192066816
"alpha=15 deg, Dwight 2022",0.4924646030871003,0.0024094364192066816
"alpha=15 deg, Dwight 2022",0.512116598676957,0.0022907031896803854
"alpha=15 deg, Dwight 2022",0.512116598676957,0.0022907031896803854
"alpha=15 deg, Dwight 2022",0.53174394707828,0.002175294179765341
"alpha=15 deg, Dwight 2022",0.53174394707828,0.002175294179765341
"alpha=15 deg, Dwight 2022",0.5512916207276737,0.002062936014653881
"alpha=15 deg, Dwight 2022",0.5512916207276737,0.002062936014653881
"alpha=15 deg, Dwight 2022",0.5707054024255789,0.0019534506912479927
"alpha=15 deg, Dwight 2022",0.5707054024255789,0.0019534506912479927
"alpha=15 deg, Dwight 2022",0.5899328004410144,0.001846826231503438
"alpha=15 deg, Dwight 2022",0.5899328004410144,0.001846826231503438
"alpha=15 deg, Dwight 2022",0.6089230429988974,0.0017430003619889542
"alpha=15 deg, Dwight 2022",0.6089230429988974,0.0017430003619889542
"alpha=15 deg, Dwight 2022",0.6276282800441014,0.0016418400823498174
"alpha=15 deg, Dwight 2022",0.6276282800441014,0.0016418400823498174
"alpha=15 deg, Dwight 2022",0.6460033076074972,0.0015432946343828075
"alpha=15 deg, Dwight 2022",0.6460033076074972,0.0015432946343828075
"alpha=15 deg, Dwight 2022",0.6640065600882029,0.001447464599052208
"alpha=15 deg, Dwight 2022",0.6640065600882029,0.001447464599052208
"alpha=15 deg, Dwight 2022",0.6816001102535832,0.0013544854891153202
"alpha=15 deg, Dwight 2022",0.6816001102535832,0.0013544854891153202
"alpha=15 deg, Dwight 2022",0.6987499448732083,0.0012644053688470151
"alpha=15 deg, Dwight 2022",0.6987499448732083,0.0012644053688470151
"alpha=15 deg, Dwight 2022",0.7154261852260198,0.0011772511672115433
"alpha=15 deg, Dwight 2022",0.7154261852260198,0.0011772511672115433
"alpha=15 deg, Dwight 2022",0.7316031422271223,0.0010931070465178881
"alpha=15 deg, Dwight 2022",0.7316031422271223,0.0010931070465178881
"alpha=15 deg, Dwight 2022",0.7472594266813671,0.00101211011269879
"alpha=15 deg, Dwight 2022",0.7472594266813671,0.00101211011269879
"alpha=15 deg, Dwight 2022",0.7623777287761851,0.0009344559619412593
"alpha=15 deg, Dwight 2022",0.7623777287761851,0.0009344559619412593
"alpha=15 deg, Dwight 2022",0.7769449283351709,0.0008603596165587335
"alpha=15 deg, Dwight 2022",0.7769449283351709,0.0008603596165587335
"alpha=15 deg, Dwight 2022",0.7909517640573318,0.0007900039817126478
"alpha=15 deg, Dwight 2022",0.7909517640573318,0.0007900039817126478
"alpha=15 deg, Dwight 2022",0.8043927232635061,0.0007235463566572524
"alpha=15 deg, Dwight 2022",0.8043927232635061,0.0007235463566572524
"alpha=15 deg, Dwight 2022",0.8172657662624034,0.0006611215451651165
"alpha=15 deg, Dwight 2022",0.8172657662624034,0.0006611215451651165
"alpha=15 deg, Dwight 2022",0.8295721609702316,0.0006028163914860197
"alpha=15 deg, Dwight 2022",0.8295721609702316,0.0006028163914860197
"alpha=15 deg, Dwight 2022",0.84131598676957,0.0005486457642985893
"alpha=15 deg, Dwight 2022",0.84131598676957,0.0005486457642985893
"alpha=15 deg, Dwight 2022",0.8525041345093715,0.0004985523431907428
"alpha=15 deg, Dwight 2022",0.8525041345093715,0.0004985523431907428
"alpha=15 deg, Dwight 2022",0.8631457552370452,0.00045242555189826863
"alpha=15 deg, Dwight 2022",0.8631457552370452,0.00045242555189826863
"alpha=15 deg, Dwight 2022",0.8732520396912898,0.0004100823790794466
"alpha=15 deg, Dwight 2022",0.8732520396912898,0.0004100823790794466
"alpha=15 deg, Dwight 2022",0.8828360529217198,0.000371271668523682
"alpha=15 deg, Dwight 2022",0.8828360529217198,0.000371271668523682
"alpha=15 deg, Dwight 2022",0.8919121830209481,0.0003357190860754674
"alpha=15 deg, Dwight 2022",0.8919121830209481,0.0003357190860754674
"alpha=15 deg, Dwight 2022",0.9004962513781698,0.00030316626839651547
"alpha=15 deg, Dwight 2022",0.9004962513781698,0.00030316626839651547
"alpha=15 deg, Dwight 2022",0.9086049062844542,0.00027340964653799476
"alpha=15 deg, Dwight 2022",0.9086049062844542,0.00027340964653799476
"alpha=15 deg, Dwight 2022",0.916255512679162,0.0002462948919138007
"alpha=15 deg, Dwight 2022",0.916255512679162,0.0002462948919138007
"alpha=15 deg, Dwight 2022",0.9234660418963616,0.00022166936977349928
"alpha=15 deg, Dwight 2022",0.9234660418963616,0.00022166936977349928
"alpha=15 deg, Dwight 2022",0.930254796030871,0.00019938566763274895
"alpha=15 deg, Dwight 2022",0.930254796030871,0.00019938566763274895
"alpha=15 deg, Dwight 2022",0.9366401874310915,0.0001793043685140314
"alpha=15 deg, Dwight 2022",0.9366401874310915,0.0001793043685140314
"alpha=15 deg, Dwight 2022",0.9426406835722161,0.0001613198792359842
"alpha=15 deg, Dwight 2022",0.9426406835722161,0.0001613198792359842
"alpha=15 deg, Dwight 2022",0.948274696802646,0.00014530253625119532
"alpha=15 deg, Dwight 2022",0.948274696802646,0.00014530253625119532
"alpha=15 deg, Dwight 2022",0.9535602535832415,0.00013118077827831964
"alpha=15 deg, Dwight 2022",0.9535602535832415,0.00013118077827831964
"alpha=15 deg, Dwight 2022",0.9585151598676956,0.0001187721948983564
"alpha=15 deg, Dwight 2022",0.9585151598676956,0.0001187721948983564
"alpha=15 deg, Dwight 2022",0.9631568357221609,0.00010812998481170569
"alpha=15 deg, Dwight 2022",0.9631568357221609,0.00010812998481170569
"alpha=15 deg, Dwight 2022",0.9675021499448732,9.882684747803384e-05
"alpha=15 deg, Dwight 2022",0.9675021499448732,9.882684747803384e-05
"alpha=15 deg, Dwight 2022",0.9715675303197353,9.125687432599228e-05
"alpha=15 deg, Dwight 2022",0.9715675303197353,9.125687432599228e-05
"alpha=15 deg, Dwight 2022",0.9753687982359427,8.417816664188511e-05
"alpha=15 deg, Dwight 2022",0.9753687982359427,8.417816664188511e-05
"alpha=15 deg, Dwight 2022",0.9789211135611907,7.939129331604014e-05
"alpha=15 deg, Dwight 2022",0.9789211135611907,7.939129331604014e-05
"alpha=15 deg, Dwight 2022",0.9822391951488423,7.305108651472846e-05
"alpha=15 deg, Dwight 2022",0.9822391951488423,7.305108651472846e-05
"alpha=15 deg, Dwight 2022",0.9853368798235943,7.194009463807393e-05
"alpha=15 deg, Dwight 2022",0.9853368798235943,7.194009463807393e-05
"alpha=15 deg, Dwight 2022",0.9882276736493936,6.326851598687771e-05
"alpha=15 deg, Dwight 2022",0.9882276736493936,6.326851598687771e-05
"alpha=15 deg, Dwight 2022",0.9909241455347298,7.107432113292807e-05
"alpha=15 deg, Dwight 2022",0.9909241455347298,7.107432113292807e-05
"alpha=15 deg, Dwight 2022",0.9934384785005512,5.0679456628826514e-05
"alpha=15 deg, Dwight 2022",0.9934384785005512,5.0679456628826514e-05
"alpha=15 deg, Dwight 2022",0.9957820837927233,1.9356072030596957e-05
"alpha=15 deg, Dwight 2022",0.9957820837927233,1.9356072030596957e-05
"alpha=15 deg, Dwight 2022",0.9979658213891952,0.0005899556850422139
"alpha=15 deg, Dwight 2022",0.9979658213891952,0.0005899556850422139
"alpha=15 deg, Dwight 2022",1.0,0.0010360441633268209
"alpha=15 deg, Dwight 2022",1.0,0.0010360441633268209
"alpha=17 deg, Dwight 2022",0.0,0.060051217015904365
"alpha=17 deg, Dwight 2022",0.0,0.060051217015904365
"alpha=17 deg, Dwight 2022",1.3469169239250276e-06,0.05902906713050773
"alpha=17 deg, Dwight 2022",1.3469169239250276e-06,0.05902906713050773
"alpha=17 deg, Dwight 2022",5.818606394707828e-06,0.0586732352534321
"alpha=17 deg, Dwight 2022",5.818606394707828e-06,0.0586732352534321
"alpha=17 deg, Dwight 2022",1.4150627342888643e-05,0.05916885110297394
"alpha=17 deg, Dwight 2022",1.4150627342888643e-05,0.05916885110297394
"alpha=17 deg, Dwight 2022",2.7212759647188533e-05,0.059755656105359614
"alpha=17 deg, Dwight 2022",2.7212759647188533e-05,0.059755656105359614
"alpha=17 deg, Dwight 2022",4.6029342337375965e-05,0.06014178943122876
"alpha=17 deg, Dwight 2022",4.6029342337375965e-05,0.06014178943122876
"alpha=17 deg, Dwight 2022",7.180327453142227e-05,0.06042169491286317
"alpha=17 deg, Dwight 2022",7.180327453142227e-05,0.06042169491286317
"alpha=17 deg, Dwight 2022",0.000105940407938258,0.06065652436849405
"alpha=17 deg, Dwight 2022",0.000105940407938258,0.06065652436849405
"alpha=17 deg, Dwight 2022",0.00015007861631753032,0.06084335409374189
"alpha=17 deg, Dwight 2022",0.00015007861631753032,0.06084335409374189
"alpha=17 deg, Dwight 2022",0.00020611403528114663,0.06095874181812698
"alpha=17 deg, Dwight 2022",0.00020611403528114663,0.06095874181812698
"alpha=17 deg, Dwight 2022",0.0002762360143329658,0.06097906451122208
"alpha=17 deg, Dwight 2022",0.0002762360143329658,0.06097906451122208
"alpha=17 deg, Dwight 2022",0.0003629542998897464,0.06088248444049395
"alpha=17 deg, Dwight 2022",0.0003629542998897464,0.06088248444049395
"alpha=17 deg, Dwight 2022",0.00046912844542447625,0.060648404626856146
"alpha=17 deg, Dwight 2022",0.00046912844542447625,0.060648404626856146
"alpha=17 deg, Dwight 2022",0.000597992282249173,0.060249014091984965
"alpha=17 deg, Dwight 2022",0.000597992282249173,0.060249014091984965
"alpha=17 deg, Dwight 2022",0.0007531893054024256,0.05965608914547813
"alpha=17 deg, Dwight 2022",0.0007531893054024256,0.05965608914547813
"alpha=17 deg, Dwight 2022",0.0009387642227122381,0.058843262014637555
"alpha=17 deg, Dwight 2022",0.0009387642227122381,0.058843262014637555
"alpha=17 deg, Dwight 2022",0.0011591931091510473,0.05772155279862634
"alpha=17 deg, Dwight 2022",0.0011591931091510473,0.05772155279862634
"alpha=17 deg, Dwight 2022",0.0014193778941565599,0.05629191241646872
"alpha=17 deg, Dwight 2022",0.0014193778941565599,0.05629191241646872
"alpha=17 deg, Dwight 2022",0.0017246230429988974,0.0546543999940622
"alpha=17 deg, Dwight 2022",0.0017246230429988974,0.0546543999940622
"alpha=17 deg, Dwight 2022",0.0020806233186328555,0.05284180834079019
"alpha=17 deg, Dwight 2022",0.0020806233186328555,0.05284180834079019
"alpha=17 deg, Dwight 2022",0.0024934342337375962,0.05087287996459134
"alpha=17 deg, Dwight 2022",0.0024934342337375962,0.05087287996459134
"alpha=17 deg, Dwight 2022",0.0029694416207276734,0.04877521301360267
"alpha=17 deg, Dwight 2022",0.0029694416207276734,0.04877521301360267
"alpha=17 deg, Dwight 2022",0.0035153198456449835,0.04657921137533061
"alpha=17 deg, Dwight 2022",0.0035153198456449835,0.04657921137533061
"alpha=17 deg, Dwight 2022",0.004137967089305403,0.04428579677782646
"alpha=17 deg, Dwight 2022",0.004137967089305403,0.04428579677782646
"alpha=17 deg, Dwight 2022",0.004844550275633958,0.04187430259349811
"alpha=17 deg, Dwight 2022",0.004844550275633958,0.04187430259349811
"alpha=17 deg, Dwight 2022",0.005642485115766262,0.03936837741852182
"alpha=17 deg, Dwight 2022",0.005642485115766262,0.03936837741852182
"alpha=17 deg, Dwight 2022",0.006539262403528114,0.03684364785845964
"alpha=17 deg, Dwight 2022",0.006539262403528114,0.03684364785845964
"alpha=17 deg, Dwight 2022",0.007542786659316428,0.034374014510741326
"alpha=17 deg, Dwight 2022",0.007542786659316428,0.034374014510741326
"alpha=17 deg, Dwight 2022",0.00866097794928335,0.0320018364880334
"alpha=17 deg, Dwight 2022",0.00866097794928335,0.0320018364880334
"alpha=17 deg, Dwight 2022",0.009902279492833517,0.02974811422985627
"alpha=17 deg, Dwight 2022",0.009902279492833517,0.02974811422985627
"alpha=17 deg, Dwight 2022",0.011275160418963617,0.02762313148070095
"alpha=17 deg, Dwight 2022",0.011275160418963617,0.02762313148070095
"alpha=17 deg, Dwight 2022",0.0127887177508269,0.02563750993910258
"alpha=17 deg, Dwight 2022",0.0127887177508269,0.02563750993910258
"alpha=17 deg, Dwight 2022",0.014452201764057333,0.02379957546569148
"alpha=17 deg, Dwight 2022",0.014452201764057333,0.02379957546569148
"alpha=17 deg, Dwight 2022",0.0162755170893054,0.022105075737799733
"alpha=17 deg, Dwight 2022",0.0162755170893054,0.022105075737799733
"alpha=17 deg, Dwight 2022",0.018268856670341786,0.020548186151871182
"alpha=17 deg, Dwight 2022",0.018268856670341786,0.020548186151871182
"alpha=17 deg, Dwight 2022",0.020443036934950386,0.019122582084483676
"alpha=17 deg, Dwight 2022",0.020443036934950386,0.019122582084483676
"alpha=17 deg, Dwight 2022",0.022809438257993385,0.017819581979275762
"alpha=17 deg, Dwight 2022",0.022809438257993385,0.017819581979275762
"alpha=17 deg, Dwight 2022",0.025379999448732083,0.016632260230845096
"alpha=17 deg, Dwight 2022",0.025379999448732083,0.016632260230845096
"alpha=17 deg, Dwight 2022",0.028167238699007717,0.015551944896218362
"alpha=17 deg, Dwight 2022",0.028167238699007717,0.015551944896218362
"alpha=17 deg, Dwight 2022",0.031184335170893054,0.014567114822474348
"alpha=17 deg, Dwight 2022",0.031184335170893054,0.014567114822474348
"alpha=17 deg, Dwight 2022",0.03444508599779493,0.013667560933023874
"alpha=17 deg, Dwight 2022",0.03444508599779493,0.013667560933023874
"alpha=17 deg, Dwight 2022",0.03796391179713341,0.012845875117852847
"alpha=17 deg, Dwight 2022",0.03796391179713341,0.012845875117852847
"alpha=17 deg, Dwight 2022",0.04175587651598677,0.012095443279362624
"alpha=17 deg, Dwight 2022",0.04175587651598677,0.012095443279362624
"alpha=17 deg, Dwight 2022",0.045836630099228226,0.011409325522636913
"alpha=17 deg, Dwight 2022",0.045836630099228226,0.011409325522636913
"alpha=17 deg, Dwight 2022",0.050222412899669236,0.010779677976345806
"alpha=17 deg, Dwight 2022",0.050222412899669236,0.010779677976345806
"alpha=17 deg, Dwight 2022",0.05493000551267916,0.010199556547894405
"alpha=17 deg, Dwight 2022",0.05493000551267916,0.010199556547894405
"alpha=17 deg, Dwight 2022",0.0599766703417861,0.009664283726278524
"alpha=17 deg, Dwight 2022",0.0599766703417861,0.009664283726278524
"alpha=17 deg, Dwight 2022",0.06538009371554575,0.009170246107539467
"alpha=17 deg, Dwight 2022",0.06538009371554575,0.009170246107539467
"alpha=17 deg, Dwight 2022",0.07115830760749724,0.008712814404449126
"alpha=17 deg, Dwight 2022",0.07115830760749724,0.008712814404449126
"alpha=17 deg, Dwight 2022",0.07732958103638368,0.008286945155466878
"alpha=17 deg, Dwight 2022",0.07732958103638368,0.008286945155466878
"alpha=17 deg, Dwight 2022",0.08391230429988975,0.007889496268389772
"alpha=17 deg, Dwight 2022",0.08391230429988975,0.007889496268389772
"alpha=17 deg, Dwight 2022",0.09092487320837928,0.007518162661097984
"alpha=17 deg, Dwight 2022",0.09092487320837928,0.007518162661097984
"alpha=17 deg, Dwight 2022",0.09838551819184124,0.007169741861938562
"alpha=17 deg, Dwight 2022",0.09838551819184124,0.007169741861938562
"alpha=17 deg, Dwight 2022",0.1063121223814774,0.006841352862560057
"alpha=17 deg, Dwight 2022",0.1063121223814774,0.006841352862560057
"alpha=17 deg, Dwight 2022",0.11472206174200661,0.006531288990000097
"alpha=17 deg, Dwight 2022",0.11472206174200661,0.006531288990000097
"alpha=17 deg, Dwight 2022",0.12363196251378168,0.00623766717735921
"alpha=17 deg, Dwight 2022",0.12363196251378168,0.00623766717735921
"alpha=17 deg, Dwight 2022",0.13305746416758546,0.005958535450276925
"alpha=17 deg, Dwight 2022",0.13305746416758546,0.005958535450276925
"alpha=17 deg, Dwight 2022",0.14301298787210584,0.005692598417694789
"alpha=17 deg, Dwight 2022",0.14301298787210584,0.005692598417694789
"alpha=17 deg, Dwight 2022",0.1535114553472988,0.0054384549787688235
"alpha=17 deg, Dwight 2022",0.1535114553472988,0.0054384549787688235
"alpha=17 deg, Dwight 2022",0.16456401323043,0.005195022115837891
"alpha=17 deg, Dwight 2022",0.16456401323043,0.005195022115837891
"alpha=17 deg, Dwight 2022",0.17617972987872108,0.004961442224047699
"alpha=17 deg, Dwight 2022",0.17617972987872108,0.004961442224047699
"alpha=17 deg, Dwight 2022",0.18836531422271222,0.004736584081363737
"alpha=17 deg, Dwight 2022",0.18836531422271222,0.004736584081363737
"alpha=17 deg, Dwight 2022",0.20112480154355017,0.0045196304828646885
"alpha=17 deg, Dwight 2022",0.20112480154355017,0.0045196304828646885
"alpha=17 deg, Dwight 2022",0.2144592723263506,0.004309953140028008
"alpha=17 deg, Dwight 2022",0.2144592723263506,0.004309953140028008
"alpha=17 deg, Dwight 2022",0.22836657662624035,0.004107083852109316
"alpha=17 deg, Dwight 2022",0.22836657662624035,0.004107083852109316
"alpha=17 deg, Dwight 2022",0.24284105843439913,0.003910616624439041
"alpha=17 deg, Dwight 2022",0.24284105843439913,0.003910616624439041
"alpha=17 deg, Dwight 2022",0.25787334619625135,0.0037201128885672326
"alpha=17 deg, Dwight 2022",0.25787334619625135,0.0037201128885672326
"alpha=17 deg, Dwight 2022",0.2734501323042999,0.0035352178830427516
"alpha=17 deg, Dwight 2022",0.2734501323042999,0.0035352178830427516
"alpha=17 deg, Dwight 2022",0.28955404630650494,0.003355594906831786
"alpha=17 deg, Dwight 2022",0.28955404630650494,0.003355594906831786
"alpha=17 deg, Dwight 2022",0.3061635336273429,0.0031809611884105046
"alpha=17 deg, Dwight 2022",0.3061635336273429,0.0031809611884105046
"alpha=17 deg, Dwight 2022",0.3232528390297684,0.0030110534856342946
"alpha=17 deg, Dwight 2022",0.3232528390297684,0.0030110534856342946
"alpha=17 deg, Dwight 2022",0.340792006615215,0.00284565888709312
"alpha=17 deg, Dwight 2022",0.340792006615215,0.00284565888709312
"alpha=17 deg, Dwight 2022",0.35874698456449833,0.002684601337456073
"alpha=17 deg, Dwight 2022",0.35874698456449833,0.002684601337456073
"alpha=17 deg, Dwight 2022",0.377079796030871,0.002527745341891853
"alpha=17 deg, Dwight 2022",0.377079796030871,0.002527745341891853
"alpha=17 deg, Dwight 2022",0.395748776185226,0.0023750278544337547
"alpha=17 deg, Dwight 2022",0.395748776185226,0.0023750278544337547
"alpha=17 deg, Dwight 2022",0.41470888092613006,0.0022263353047572237
"alpha=17 deg, Dwight 2022",0.41470888092613006,0.0022263353047572237
"alpha=17 deg, Dwight 2022",0.43391206725468573,0.002081582802208998
"alpha=17 deg, Dwight 2022",0.43391206725468573,0.002081582802208998
"alpha=17 deg, Dwight 2022",0.45330775633958104,0.0019408359126738919
"alpha=17 deg, Dwight 2022",0.45330775633958104,0.0019408359126738919
"alpha=17 deg, Dwight 2022",0.47284330760749727,0.0018041225587012194
"alpha=17 deg, Dwight 2022",0.47284330760749727,0.0018041225587012194
"alpha=17 deg, Dwight 2022",0.4924646030871003,0.0016715938001737377
"alpha=17 deg, Dwight 2022",0.4924646030871003,0.0016715938001737377
"alpha=17 deg, Dwight 2022",0.512116598676957,0.0015435247222350425
"alpha=17 deg, Dwight 2022",0.512116598676957,0.0015435247222350425
"alpha=17 deg, Dwight 2022",0.53174394707828,0.0014199375864183963
"alpha=17 deg, Dwight 2022",0.53174394707828,0.0014199375864183963
"alpha=17 deg, Dwight 2022",0.5512916207276737,0.0013009597592886623
"alpha=17 deg, Dwight 2022",0.5512916207276737,0.0013009597592886623
"alpha=17 deg, Dwight 2022",0.5707054024255789,0.001186840967939775
"alpha=17 deg, Dwight 2022",0.5707054024255789,0.001186840967939775
"alpha=17 deg, Dwight 2022",0.5899328004410144,0.0010775446953832778
"alpha=17 deg, Dwight 2022",0.5899328004410144,0.0010775446953832778
"alpha=17 deg, Dwight 2022",0.6089230429988974,0.0009730541648980381
"alpha=17 deg, Dwight 2022",0.6089230429988974,0.0009730541648980381
"alpha=17 deg, Dwight 2022",0.6276282800441014,0.0008735562982413236
"alpha=17 deg, Dwight 2022",0.6276282800441014,0.0008735562982413236
"alpha=17 deg, Dwight 2022",0.6460033076074972,0.0007792120391917313
"alpha=17 deg, Dwight 2022",0.6460033076074972,0.0007792120391917313
"alpha=17 deg, Dwight 2022",0.6640065600882029,0.0006902463561027673
"alpha=17 deg, Dwight 2022",0.6640065600882029,0.0006902463561027673
"alpha=17 deg, Dwight 2022",0.6816001102535832,0.0006069510801346537
"alpha=17 deg, Dwight 2022",0.6816001102535832,0.0006069510801346537
"alpha=17 deg, Dwight 2022",0.6987499448732083,0.0005294801392708292
"alpha=17 deg, Dwight 2022",0.6987499448732083,0.0005294801392708292
"alpha=17 deg, Dwight 2022",0.7154261852260198,0.00045789636436155304
"alpha=17 deg, Dwight 2022",0.7154261852260198,0.00045789636436155304
"alpha=17 deg, Dwight 2022",0.7316031422271223,0.00039222279296279613
"alpha=17 deg, Dwight 2022",0.7316031422271223,0.00039222279296279613
"alpha=17 deg, Dwight 2022",0.7472594266813671,0.00033242684744960895
"alpha=17 deg, Dwight 2022",0.7472594266813671,0.00033242684744960895
"alpha=17 deg, Dwight 2022",0.7623777287761851,0.0002783573580035946
"alpha=17 deg, Dwight 2022",0.7623777287761851,0.0002783573580035946
"alpha=17 deg, Dwight 2022",0.7769449283351709,0.00022966311517320391
"alpha=17 deg, Dwight 2022",0.7769449283351709,0.00022966311517320391
"alpha=17 deg, Dwight 2022",0.7909517640573318,0.00018589097639524788
"alpha=17 deg, Dwight 2022",0.7909517640573318,0.00018589097639524788
"alpha=17 deg, Dwight 2022",0.8043927232635061,0.0001466256779600054
"alpha=17 deg, Dwight 2022",0.8043927232635061,0.0001466256779600054
"alpha=17 deg, Dwight 2022",0.8172657662624034,0.00011149300937047645
"alpha=17 deg, Dwight 2022",0.8172657662624034,0.00011149300937047645
"alpha=17 deg, Dwight 2022",0.8295721609702316,8.013949320709943e-05
"alpha=17 deg, Dwight 2022",0.8295721609702316,8.013949320709943e-05
"alpha=17 deg, Dwight 2022",0.84131598676957,5.2235972631901144e-05
"alpha=17 deg, Dwight 2022",0.84131598676957,5.2235972631901144e-05
"alpha=17 deg, Dwight 2022",0.8525041345093715,2.7397132172352838e-05
"alpha=17 deg, Dwight 2022",0.8525041345093715,2.7397132172352838e-05
"alpha=17 deg, Dwight 2022",0.8631457552370452,5.202739054222611e-06
"alpha=17 deg, Dwight 2022",0.8631457552370452,5.202739054222611e-06
"alpha=17 deg, Dwight 2022",0.8732520396912898,1.4743598390000491e-05
"alpha=17 deg, Dwight 2022",0.8732520396912898,1.4743598390000491e-05
"alpha=17 deg, Dwight 2022",0.8828360529217198,3.2688114414496875e-05
"alpha=17 deg, Dwight 2022",0.8828360529217198,3.2688114414496875e-05
"alpha=17 deg, Dwight 2022",0.8919121830209481,4.890678312070277e-05
"alpha=17 deg, Dwight 2022",0.8919121830209481,4.890678312070277e-05
"alpha=17 deg, Dwight 2022",0.9004962513781698,6.363350904372329e-05
"alpha=17 deg, Dwight 2022",0.9004962513781698,6.363350904372329e-05
"alpha=17 deg, Dwight 2022",0.9086049062844542,7.70717226736607e-05
"alpha=17 deg, Dwight 2022",0.9086049062844542,7.70717226736607e-05
"alpha=17 deg, Dwight 2022",0.916255512679162,8.933016368101496e-05
"alpha=17 deg, Dwight 2022",0.916255512679162,8.933016368101496e-05
"alpha=17 deg, Dwight 2022",0.9234660418963616,0.00010038101930876346
"alpha=17 deg, Dwight 2022",0.9234660418963616,0.00010038101930876346
"alpha=17 deg, Dwight 2022",0.930254796030871,0.00011011049571192202
"alpha=17 deg, Dwight 2022",0.930254796030871,0.00011011049571192202
"alpha=17 deg, Dwight 2022",0.9366401874310915,0.00011846974138313348
"alpha=17 deg, Dwight 2022",0.9366401874310915,0.00011846974138313348
"alpha=17 deg, Dwight 2022",0.9426406835722161,0.00012558127024696138
"alpha=17 deg, Dwight 2022",0.9426406835722161,0.00012558127024696138
"alpha=17 deg, Dwight 2022",0.948274696802646,0.00013176424395277658
"alpha=17 deg, Dwight 2022",0.948274696802646,0.00013176424395277658
"alpha=17 deg, Dwight 2022",0.9535602535832415,0.00013741943613185804
"alpha=17 deg, Dwight 2022",0.9535602535832415,0.00013741943613185804
"alpha=17 deg, Dwight 2022",0.9585151598676956,0.0001430357305760458
"alpha=17 deg, Dwight 2022",0.9585151598676956,0.0001430357305760458
"alpha=17 deg, Dwight 2022",0.9631568357221609,0.00014886036812000142
"alpha=17 deg, Dwight 2022",0.9631568357221609,0.00014886036812000142
"alpha=17 deg, Dwight 2022",0.9675021499448732,0.00015513998805965628
"alpha=17 deg, Dwight 2022",0.9675021499448732,0.00015513998805965628
"alpha=17 deg, Dwight 2022",0.9715675303197353,0.0001614352624972995
"alpha=17 deg, Dwight 2022",0.9715675303197353,0.0001614352624972995
"alpha=17 deg, Dwight 2022",0.9753687982359427,0.0001680763254288334
"alpha=17 deg, Dwight 2022",0.9753687982359427,0.0001680763254288334
"alpha=17 deg, Dwight 2022",0.9789211135611907,0.00017327794695148405
"alpha=17 deg, Dwight 2022",0.9789211135611907,0.00017327794695148405
"alpha=17 deg, Dwight 2022",0.9822391951488423,0.00017928674827793833
"alpha=17 deg, Dwight 2022",0.9822391951488423,0.00017928674827793833
"alpha=17 deg, Dwight 2022",0.9853368798235943,0.00017961488498640141
"alpha=17 deg, Dwight 2022",0.9853368798235943,0.00017961488498640141
"alpha=17 deg, Dwight 2022",0.9882276736493936,0.00018583368863653023
"alpha=17 deg, Dwight 2022",0.9882276736493936,0.00018583368863653023
"alpha=17 deg, Dwight 2022",0.9909241455347298,0.00017331189923550693
"alpha=17 deg, Dwight 2022",0.9909241455347298,0.00017331189923550693
"alpha=17 deg, Dwight 2022",0.9934384785005512,0.00022187365340289373
"alpha=17 deg, Dwight 2022",0.9934384785005512,0.00022187365340289373
"alpha=17 deg, Dwight 2022",0.9957820837927233,0.0003884272286902796
"alpha=17 deg, Dwight 2022",0.9957820837927233,0.0003884272286902796
"alpha=17 deg, Dwight 2022",0.9979658213891952,0.001047877089571027
"alpha=17 deg, Dwight 2022",0.9979658213891952,0.001047877089571027
"alpha=17 deg, Dwight 2022",1.0,0.0011907156608641303
"alpha=17 deg, Dwight 2022",1.0,0.0011907156608641303
"alpha=18 deg, Dwight 2022",0.0,0.061460242898421495
"alpha=18 deg, Dwight 2022",0.0,0.061460242898421495
"alpha=18 deg, Dwight 2022",1.3469169239250276e-06,0.060401881958240713
"alpha=18 deg, Dwight 2022",1.3469169239250276e-06,0.060401881958240713
"alpha=18 deg, Dwight 2022",5.818606394707828e-06,0.06000952957914152
"alpha=18 deg, Dwight 2022",5.818606394707828e-06,0.06000952957914152
"alpha=18 deg, Dwight 2022",1.4150627342888643e-05,0.06048288917018939
"alpha=18 deg, Dwight 2022",1.4150627342888643e-05,0.06048288917018939
"alpha=18 deg, Dwight 2022",2.7212759647188533e-05,0.06105283770855405
"alpha=18 deg, Dwight 2022",2.7212759647188533e-05,0.06105283770855405
"alpha=18 deg, Dwight 2022",4.6029342337375965e-05,0.06141841790724304
"alpha=18 deg, Dwight 2022",4.6029342337375965e-05,0.06141841790724304
"alpha=18 deg, Dwight 2022",7.180327453142227e-05,0.06167970458485978
"alpha=18 deg, Dwight 2022",7.180327453142227e-05,0.06167970458485978
"alpha=18 deg, Dwight 2022",0.000105940407938258,0.06189784710309984
"alpha=18 deg, Dwight 2022",0.000105940407938258,0.06189784710309984
"alpha=18 deg, Dwight 2022",0.00015007861631753032,0.062062219702415294
"alpha=18 deg, Dwight 2022",0.00015007861631753032,0.062062219702415294
"alpha=18 deg, Dwight 2022",0.00020611403528114663,0.062148499173846884
"alpha=18 deg, Dwight 2022",0.00020611403528114663,0.062148499173846884
"alpha=18 deg, Dwight 2022",0.0002762360143329658,0.06213408274234193
"alpha=18 deg, Dwight 2022",0.0002762360143329658,0.06213408274234193
"alpha=18 deg, Dwight 2022",0.0003629542998897464,0.06199803095252895
"alpha=18 deg, Dwight 2022",0.0003629542998897464,0.06199803095252895
"alpha=18 deg, Dwight 2022",0.00046912844542447625,0.06172009504693552
"alpha=18 deg, Dwight 2022",0.00046912844542447625,0.06172009504693552
"alpha=18 deg, Dwight 2022",0.000597992282249173,0.0612732390261329
"alpha=18 deg, Dwight 2022",0.000597992282249173,0.0612732390261329
"alpha=18 deg, Dwight 2022",0.0007531893054024256,0.06062944314744382
"alpha=18 deg, Dwight 2022",0.0007531893054024256,0.06062944314744382
"alpha=18 deg, Dwight 2022",0.0009387642227122381,0.0597678603370632
"alpha=18 deg, Dwight 2022",0.0009387642227122381,0.0597678603370632
"alpha=18 deg, Dwight 2022",0.0011591931091510473,0.05858991345041043
"alpha=18 deg, Dwight 2022",0.0011591931091510473,0.05858991345041043
"alpha=18 deg, Dwight 2022",0.0014193778941565599,0.05708781593052783
"alpha=18 deg, Dwight 2022",0.0014193778941565599,0.05708781593052783
"alpha=18 deg, Dwight 2022",0.0017246230429988974,0.055371492007290996
"alpha=18 deg, Dwight 2022",0.0017246230429988974,0.055371492007290996
"alpha=18 deg, Dwight 2022",0.0020806233186328555,0.05347817722161214
"alpha=18 deg, Dwight 2022",0.0020806233186328555,0.05347817722161214
"alpha=18 deg, Dwight 2022",0.0024934342337375962,0.05142774917889018
"alpha=18 deg, Dwight 2022",0.0024934342337375962,0.05142774917889018
"alpha=18 deg, Dwight 2022",0.0029694416207276734,0.0492481757046425
"alpha=18 deg, Dwight 2022",0.0029694416207276734,0.0492481757046425
"alpha=18 deg, Dwight 2022",0.0035153198456449835,0.046967171208980724
"alpha=18 deg, Dwight 2022",0.0035153198456449835,0.046967171208980724
"alpha=18 deg, Dwight 2022",0.004137967089305403,0.044581922710225826
"alpha=18 deg, Dwight 2022",0.004137967089305403,0.044581922710225826
"alpha=18 deg, Dwight 2022",0.004844550275633958,0.04207742421071154
"alpha=18 deg, Dwight 2022",0.004844550275633958,0.04207742421071154
"alpha=18 deg, Dwight 2022",0.005642485115766262,0.039483524582496016
"alpha=18 deg, Dwight 2022",0.005642485115766262,0.039483524582496016
"alpha=18 deg, Dwight 2022",0.006539262403528114,0.03688024264460561
"alpha=18 deg, Dwight 2022",0.006539262403528114,0.03688024264460561
"alpha=18 deg, Dwight 2022",0.007542786659316428,0.03434242689578084
"alpha=18 deg, Dwight 2022",0.007542786659316428,0.03434242689578084
"alpha=18 deg, Dwight 2022",0.00866097794928335,0.03191043857606287
"alpha=18 deg, Dwight 2022",0.00866097794928335,0.03191043857606287
"alpha=18 deg, Dwight 2022",0.009902279492833517,0.029604666745699924
"alpha=18 deg, Dwight 2022",0.009902279492833517,0.029604666745699924
"alpha=18 deg, Dwight 2022",0.011275160418963617,0.02743295516837621
"alpha=18 deg, Dwight 2022",0.011275160418963617,0.02743295516837621
"alpha=18 deg, Dwight 2022",0.0127887177508269,0.02540560737378812
"alpha=18 deg, Dwight 2022",0.0127887177508269,0.02540560737378812
"alpha=18 deg, Dwight 2022",0.014452201764057333,0.023531216884664367
"alpha=18 deg, Dwight 2022",0.014452201764057333,0.023531216884664367
"alpha=18 deg, Dwight 2022",0.0162755170893054,0.02180676306947477
"alpha=18 deg, Dwight 2022",0.0162755170893054,0.02180676306947477
"alpha=18 deg, Dwight 2022",0.018268856670341786,0.02022612951440916
"alpha=18 deg, Dwight 2022",0.018268856670341786,0.02022612951440916
"alpha=18 deg, Dwight 2022",0.020443036934950386,0.018780288998888933
"alpha=18 deg, Dwight 2022",0.020443036934950386,0.018780288998888933
"alpha=18 deg, Dwight 2022",0.022809438257993385,0.01745951930913191
"alpha=18 deg, Dwight 2022",0.022809438257993385,0.01745951930913191
"alpha=18 deg, Dwight 2022",0.025379999448732083,0.01625684446476732
"alpha=18 deg, Dwight 2022",0.025379999448732083,0.01625684446476732
"alpha=18 deg, Dwight 2022",0.028167238699007717,0.015164178225190186
"alpha=18 deg, Dwight 2022",0.028167238699007717,0.015164178225190186
"alpha=18 deg, Dwight 2022",0.031184335170893054,0.014170193021549073
"alpha=18 deg, Dwight 2022",0.031184335170893054,0.014170193021549073
"alpha=18 deg, Dwight 2022",0.03444508599779493,0.013263268271643118
"alpha=18 deg, Dwight 2022",0.03444508599779493,0.013263268271643118
"alpha=18 deg, Dwight 2022",0.03796391179713341,0.012434798966630118
"alpha=18 deg, Dwight 2022",0.03796391179713341,0.012434798966630118
"alpha=18 deg, Dwight 2022",0.04175587651598677,0.011677835355485834
"alpha=18 deg, Dwight 2022",0.04175587651598677,0.011677835355485834
"alpha=18 deg, Dwight 2022",0.045836630099228226,0.010986284475220341
"alpha=18 deg, Dwight 2022",0.045836630099228226,0.010986284475220341
"alpha=18 deg, Dwight 2022",0.050222412899669236,0.010353057286858976
"alpha=18 deg, Dwight 2022",0.050222412899669236,0.010353057286858976
"alpha=18 deg, Dwight 2022",0.05493000551267916,0.009770309022079888
"alpha=18 deg, Dwight 2022",0.05493000551267916,0.009770309022079888
"alpha=18 deg, Dwight 2022",0.0599766703417861,0.00923216154507382
"alpha=18 deg, Dwight 2022",0.0599766703417861,0.00923216154507382
"alpha=18 deg, Dwight 2022",0.06538009371554575,0.008734784424673203
"alpha=18 deg, Dwight 2022",0.06538009371554575,0.008734784424673203
"alpha=18 deg, Dwight 2022",0.07115830760749724,0.008274505751868175
"alpha=18 deg, Dwight 2022",0.07115830760749724,0.008274505751868175
"alpha=18 deg, Dwight 2022",0.07732958103638368,0.00784659961655851
"alpha=18 deg, Dwight 2022",0.07732958103638368,0.00784659961655851
"alpha=18 deg, Dwight 2022",0.08391230429988975,0.00744669600606761
"alpha=18 deg, Dwight 2022",0.08391230429988975,0.00744669600606761
"alpha=18 deg, Dwight 2022",0.09092487320837928,0.007072389083116333
"alpha=18 deg, Dwight 2022",0.09092487320837928,0.007072389083116333
"alpha=18 deg, Dwight 2022",0.09838551819184124,0.006721393853860324
"alpha=18 deg, Dwight 2022",0.09838551819184124,0.006721393853860324
"alpha=18 deg, Dwight 2022",0.1063121223814774,0.006390338973353414
"alpha=18 deg, Dwight 2022",0.1063121223814774,0.006390338973353414
"alpha=18 deg, Dwight 2022",0.11472206174200661,0.006076871986618013
"alpha=18 deg, Dwight 2022",0.11472206174200661,0.006076871986618013
"alpha=18 deg, Dwight 2022",0.12363196251378168,0.005779530084161422
"alpha=18 deg, Dwight 2022",0.12363196251378168,0.005779530084161422
"alpha=18 deg, Dwight 2022",0.13305746416758546,0.005496289271871193
"alpha=18 deg, Dwight 2022",0.13305746416758546,0.005496289271871193
"alpha=18 deg, Dwight 2022",0.14301298787210584,0.005225540465859507
"alpha=18 deg, Dwight 2022",0.14301298787210584,0.005225540465859507
"alpha=18 deg, Dwight 2022",0.1535114553472988,0.004966159051713768
"alpha=18 deg, Dwight 2022",0.1535114553472988,0.004966159051713768
"alpha=18 deg, Dwight 2022",0.16456401323043,0.00471661776820369
"alpha=18 deg, Dwight 2022",0.16456401323043,0.00471661776820369
"alpha=18 deg, Dwight 2022",0.17617972987872108,0.004475882337306689
"alpha=18 deg, Dwight 2022",0.17617972987872108,0.004475882337306689
"alpha=18 deg, Dwight 2022",0.18836531422271222,0.004243154612077681
"alpha=18 deg, Dwight 2022",0.18836531422271222,0.004243154612077681
"alpha=18 deg, Dwight 2022",0.20112480154355017,0.004017503455704663
"alpha=18 deg, Dwight 2022",0.20112480154355017,0.004017503455704663
"alpha=18 deg, Dwight 2022",0.2144592723263506,0.003798166786672533
"alpha=18 deg, Dwight 2022",0.2144592723263506,0.003798166786672533
"alpha=18 deg, Dwight 2022",0.22836657662624035,0.003584364266782099
"alpha=18 deg, Dwight 2022",0.22836657662624035,0.003584364266782099
"alpha=18 deg, Dwight 2022",0.24284105843439913,0.003375521098819961
"alpha=18 deg, Dwight 2022",0.24284105843439913,0.003375521098819961
"alpha=18 deg, Dwight 2022",0.25787334619625135,0.003171193610271047
"alpha=18 deg, Dwight 2022",0.25787334619625135,0.003171193610271047
"alpha=18 deg, Dwight 2022",0.2734501323042999,0.0029709380628113336
"alpha=18 deg, Dwight 2022",0.2734501323042999,0.0029709380628113336
"alpha=18 deg, Dwight 2022",0.28955404630650494,0.002774403972021916
"alpha=18 deg, Dwight 2022",0.28955404630650494,0.002774403972021916
"alpha=18 deg, Dwight 2022",0.3061635336273429,0.0025812933994196906
"alpha=18 deg, Dwight 2022",0.3061635336273429,0.0025812933994196906
"alpha=18 deg, Dwight 2022",0.3232528390297684,0.002391412856163612
"alpha=18 deg, Dwight 2022",0.3232528390297684,0.002391412856163612
"alpha=18 deg, Dwight 2022",0.340792006615215,0.0022046763788965743
"alpha=18 deg, Dwight 2022",0.340792006615215,0.0022046763788965743
"alpha=18 deg, Dwight 2022",0.35874698456449833,0.002021177302583385
"alpha=18 deg, Dwight 2022",0.35874698456449833,0.002021177302583385
"alpha=18 deg, Dwight 2022",0.377079796030871,0.001841198379276001
"alpha=18 deg, Dwight 2022",0.377079796030871,0.001841198379276001
"alpha=18 deg, Dwight 2022",0.395748776185226,0.001665257737103111
"alpha=18 deg, Dwight 2022",0.395748776185226,0.001665257737103111
"alpha=18 deg, Dwight 2022",0.41470888092613006,0.0014941530958105945
"alpha=18 deg, Dwight 2022",0.41470888092613006,0.0014941530958105945
"alpha=18 deg, Dwight 2022",0.43391206725468573,0.001328784192953548
"alpha=18 deg, Dwight 2022",0.43391206725468573,0.001328784192953548
"alpha=18 deg, Dwight 2022",0.45330775633958104,0.0011702231596275358
"alpha=18 deg, Dwight 2022",0.45330775633958104,0.0011702231596275358
"alpha=18 deg, Dwight 2022",0.47284330760749727,0.0010195508504709187
"alpha=18 deg, Dwight 2022",0.47284330760749727,0.0010195508504709187
"alpha=18 deg, Dwight 2022",0.4924646030871003,0.0008777092056735562
"alpha=18 deg, Dwight 2022",0.4924646030871003,0.0008777092056735562
"alpha=18 deg, Dwight 2022",0.512116598676957,0.000745382065832481
"alpha=18 deg, Dwight 2022",0.512116598676957,0.000745382065832481
"alpha=18 deg, Dwight 2022",0.53174394707828,0.0006228199350416762
"alpha=18 deg, Dwight 2022",0.53174394707828,0.0006228199350416762
"alpha=18 deg, Dwight 2022",0.5512916207276737,0.0005100644234112724
"alpha=18 deg, Dwight 2022",0.5512916207276737,0.0005100644234112724
"alpha=18 deg, Dwight 2022",0.5707054024255789,0.00040719555528050664
"alpha=18 deg, Dwight 2022",0.5707054024255789,0.00040719555528050664
"alpha=18 deg, Dwight 2022",0.5899328004410144,0.000314344273050201
"alpha=18 deg, Dwight 2022",0.5899328004410144,0.000314344273050201
"alpha=18 deg, Dwight 2022",0.6089230429988974,0.00023151048261188143
"alpha=18 deg, Dwight 2022",0.6089230429988974,0.00023151048261188143
"alpha=18 deg, Dwight 2022",0.6276282800441014,0.0001585589235973372
"alpha=18 deg, Dwight 2022",0.6276282800441014,0.0001585589235973372
"alpha=18 deg, Dwight 2022",0.6460033076074972,9.494538366998125e-05
"alpha=18 deg, Dwight 2022",0.6460033076074972,9.494538366998125e-05
"alpha=18 deg, Dwight 2022",0.6640065600882029,3.976807150449454e-05
"alpha=18 deg, Dwight 2022",0.6640065600882029,3.976807150449454e-05
"alpha=18 deg, Dwight 2022",0.6816001102535832,7.750926150374422e-06
"alpha=18 deg, Dwight 2022",0.6816001102535832,7.750926150374422e-06
"alpha=18 deg, Dwight 2022",0.6987499448732083,4.864082498928952e-05
"alpha=18 deg, Dwight 2022",0.6987499448732083,4.864082498928952e-05
"alpha=18 deg, Dwight 2022",0.7154261852260198,8.407887716462206e-05
"alpha=18 deg, Dwight 2022",0.7154261852260198,8.407887716462206e-05
"alpha=18 deg, Dwight 2022",0.7316031422271223,0.00011470441834803748
"alpha=18 deg, Dwight 2022",0.7316031422271223,0.00011470441834803748
"alpha=18 deg, Dwight 2022",0.7472594266813671,0.0001411978283594368
"alpha=18 deg, Dwight 2022",0.7472594266813671,0.0001411978283594368
"alpha=18 deg, Dwight 2022",0.7623777287761851,0.00016446701284337237
"alpha=18 deg, Dwight 2022",0.7623777287761851,0.00016446701284337237
"alpha=18 deg, Dwight 2022",0.7769449283351709,0.0001848400786284893
"alpha=18 deg, Dwight 2022",0.7769449283351709,0.0001848400786284893
"alpha=18 deg, Dwight 2022",0.7909517640573318,0.00020255093748212816
"alpha=18 deg, Dwight 2022",0.7909517640573318,0.00020255093748212816
"alpha=18 deg, Dwight 2022",0.8043927232635061,0.00021820826316981928
"alpha=18 deg, Dwight 2022",0.8043927232635061,0.00021820826316981928
"alpha=18 deg, Dwight 2022",0.8172657662624034,0.0002322911830919431
"alpha=18 deg, Dwight 2022",0.8172657662624034,0.0002322911830919431
"alpha=18 deg, Dwight 2022",0.8295721609702316,0.00024512619557004277
"alpha=18 deg, Dwight 2022",0.8295721609702316,0.00024512619557004277
"alpha=18 deg, Dwight 2022",0.84131598676957,0.00025706358384175785
"alpha=18 deg, Dwight 2022",0.84131598676957,0.00025706358384175785
"alpha=18 deg, Dwight 2022",0.8525041345093715,0.00026847070779047167
"alpha=18 deg, Dwight 2022",0.8525041345093715,0.00026847070779047167
"alpha=18 deg, Dwight 2022",0.8631457552370452,0.00027957108415899466
"alpha=18 deg, Dwight 2022",0.8631457552370452,0.00027957108415899466
"alpha=18 deg, Dwight 2022",0.8732520396912898,0.00029028038754502794
"alpha=18 deg, Dwight 2022",0.8732520396912898,0.00029028038754502794
"alpha=18 deg, Dwight 2022",0.8828360529217198,0.0003003060087322577
"alpha=18 deg, Dwight 2022",0.8828360529217198,0.0003003060087322577
"alpha=18 deg, Dwight 2022",0.8919121830209481,0.00030943634206671307
"alpha=18 deg, Dwight 2022",0.8919121830209481,0.00030943634206671307
"alpha=18 deg, Dwight 2022",0.9004962513781698,0.0003177905686191245
"alpha=18 deg, Dwight 2022",0.9004962513781698,0.0003177905686191245
"alpha=18 deg, Dwight 2022",0.9086049062844542,0.0003258459401569013
"alpha=18 deg, Dwight 2022",0.9086049062844542,0.0003258459401569013
"alpha=18 deg, Dwight 2022",0.916255512679162,0.00033424832792881154
"alpha=18 deg, Dwight 2022",0.916255512679162,0.00033424832792881154
"alpha=18 deg, Dwight 2022",0.9234660418963616,0.00034356846984064484
"alpha=18 deg, Dwight 2022",0.9234660418963616,0.00034356846984064484
"alpha=18 deg, Dwight 2022",0.930254796030871,0.0003541333347864886
"alpha=18 deg, Dwight 2022",0.930254796030871,0.0003541333347864886
"alpha=18 deg, Dwight 2022",0.9366401874310915,0.0003659716934531784
"alpha=18 deg, Dwight 2022",0.9366401874310915,0.0003659716934531784
"alpha=18 deg, Dwight 2022",0.9426406835722161,0.0003788632474764368
"alpha=18 deg, Dwight 2022",0.9426406835722161,0.0003788632474764368
"alpha=18 deg, Dwight 2022",0.948274696802646,0.0003924201876689931
"alpha=18 deg, Dwight 2022",0.948274696802646,0.0003924201876689931
"alpha=18 deg, Dwight 2022",0.9535602535832415,0.0004061439491903706
"alpha=18 deg, Dwight 2022",0.9535602535832415,0.0004061439491903706
"alpha=18 deg, Dwight 2022",0.9585151598676956,0.0004194769533333669
"alpha=18 deg, Dwight 2022",0.9585151598676956,0.0004194769533333669
"alpha=18 deg, Dwight 2022",0.9631568357221609,0.00043181662270119065
"alpha=18 deg, Dwight 2022",0.9631568357221609,0.00043181662270119065
"alpha=18 deg, Dwight 2022",0.9675021499448732,0.00044256773036671475
"alpha=18 deg, Dwight 2022",0.9675021499448732,0.00044256773036671475
"alpha=18 deg, Dwight 2022",0.9715675303197353,0.00045103539779483176
"alpha=18 deg, Dwight 2022",0.9715675303197353,0.00045103539779483176
"alpha=18 deg, Dwight 2022",0.9753687982359427,0.0004567754091525259
"alpha=18 deg, Dwight 2022",0.9753687982359427,0.0004567754091525259
"alpha=18 deg, Dwight 2022",0.9789211135611907,0.0004585757244975941
"alpha=18 deg, Dwight 2022",0.9789211135611907,0.0004585757244975941
"alpha=18 deg, Dwight 2022",0.9822391951488423,0.0004573284699144718
"alpha=18 deg, Dwight 2022",0.9822391951488423,0.0004573284699144718
"alpha=18 deg, Dwight 2022",0.9853368798235943,0.00044791173390997446
"alpha=18 deg, Dwight 2022",0.9853368798235943,0.00044791173390997446
"alpha=18 deg, Dwight 2022",0.9882276736493936,0.0004416286617848081
"alpha=18 deg, Dwight 2022",0.9882276736493936,0.0004416286617848081
"alpha=18 deg, Dwight 2022",0.9909241455347298,0.00041444321738717246
"alpha=18 deg, Dwight 2022",0.9909241455347298,0.00041444321738717246
"alpha=18 deg, Dwight 2022",0.9934384785005512,0.0004796739010054484
"alpha=18 deg, Dwight 2022",0.9934384785005512,0.0004796739010054484
"alpha=18 deg, Dwight 2022",0.9957820837927233,0.0006348961909884502
"alpha=18 deg, Dwight 2022",0.9957820837927233,0.0006348961909884502
"alpha=18 deg, Dwight 2022",0.9979658213891952,0.001242177165045117
"alpha=18 deg, Dwight 2022",0.9979658213891952,0.001242177165045117
"alpha=18 deg, Dwight 2022",1.0,0.0013575330930873381
"alpha=18 deg, Dwight 2022",1.0,0.0013575330930873381
