8.640306035263850548e-01	1.688579796593080162e-02	0.000000000000000000e+00
-7.937863647017880109e-02	4.706395512037270246e-02	1.997037930176199856e-16
3.035126952013609825e-01	-4.133680506050780093e-03	-4.229972297224279765e-16
2.847173883456989851e-01	-2.745452296882600106e-04	0.000000000000000000e+00
8.392246601497509451e-01	-4.275693324281090377e-03	0.000000000000000000e+00
7.442529148183609777e-01	-8.539849590559690090e-03	-1.591375197422029881e-20
2.369491641150829886e-01	-1.189598522366880004e-02	-5.140400708261770315e-22
8.418081107511490302e-01	-1.619141606117239715e-02	0.000000000000000000e+00
7.584979729888079447e-01	-3.533619421363819917e-04	0.000000000000000000e+00
7.296923752169609534e-01	3.100337028068550146e-02	6.382480720180220380e-20
8.270070458500019539e-01	-4.069339473814610059e-02	1.692464450476120004e-19
6.335132036084459850e-01	1.263165297760290018e-01	4.102705751210619916e-20
8.580146844002379813e-01	-8.053305129919219665e-03	0.000000000000000000e+00
7.758733285219789888e-01	7.595652951135429577e-03	0.000000000000000000e+00
4.637415204286419734e-01	2.250551454554279953e-04	0.000000000000000000e+00
7.677583358789420442e-01	6.213268996591649572e-03	0.000000000000000000e+00
9.563631512711060489e-01	-8.682297307768909594e-03	0.000000000000000000e+00
6.105557142381069502e-01	6.473833244115829999e-03	1.710070163002370098e-20
1.003276054495979980e-01	-9.467738735173120146e-04	-1.317092774236739962e-15
8.380879546485650033e-01	6.880086956893409662e-03	0.000000000000000000e+00
9.482681060904250003e-01	-1.948912203551469990e-02	0.000000000000000000e+00
9.299290802621930085e-01	-2.737070025730540049e-02	0.000000000000000000e+00
9.336329990478620111e-01	-4.648320090685720274e-03	0.000000000000000000e+00
8.731803866446609108e-01	9.909672083945399168e-02	2.381671967597214478e-22
6.819930882765400382e-01	-6.013970416960640053e-02	1.752103913239219903e-20
8.517385360770489688e-01	9.580601561629240731e-03	0.000000000000000000e+00
9.341685363186900126e-01	-3.074672918892380064e-02	0.000000000000000000e+00
8.595824429871530281e-01	-2.769068442253200171e-03	0.000000000000000000e+00
5.470963384957090031e-02	5.024774937453210165e-05	0.000000000000000000e+00
8.294474415657889788e-01	2.172535426536700072e-04	0.000000000000000000e+00
8.275805858722149466e-01	-2.317477455818089949e-02	0.000000000000000000e+00
9.187452157742740377e-01	1.595779093108429941e-02	7.487388302157510100e-22
8.846895312673289657e-01	-2.110801588146379859e-02	0.000000000000000000e+00
9.609549497613839586e-01	1.582790125403199868e-02	0.000000000000000000e+00
2.134009899888009848e-02	6.852728130415849765e-03	-2.810734691777240104e-17
4.191955927702710194e-01	-1.445401102950069974e-02	0.000000000000000000e+00
4.889677718436389875e-01	-1.040622541767739946e-02	8.949542363625329663e-37
9.221027779232909838e-01	-2.987686001941669903e-02	0.000000000000000000e+00
-1.212361335820219960e-01	-2.385500313508739836e-03	5.683957934740419905e-21
9.140012094319990288e-01	-6.609893632300159645e-03	0.000000000000000000e+00
7.830212734985440015e-01	-3.466731391540280038e-03	0.000000000000000000e+00
4.691241209326380002e-01	1.009520563209090060e-01	8.599484133638520309e-21
5.249369171632818631e-02	5.562974837007380902e-05	1.013162999540772051e-29
8.797696767001820239e-01	1.042038698726709955e-01	0.000000000000000000e+00
6.701283571214700086e-01	-5.912702557186019781e-02	-1.708985686915260017e-20
9.428350868501860216e-01	-2.034423898389440058e-02	0.000000000000000000e+00
7.709449228604799975e-01	-1.059432319596630102e-03	0.000000000000000000e+00
1.076421693359320003e-01	3.341121445395590223e-02	0.000000000000000000e+00
8.829908943024640244e-01	9.633323591735379332e-02	3.090635700015053085e-21
4.101697827677149855e-01	1.159057572836700023e-01	4.220323345093992109e-21
-6.358999173338260313e-02	4.303862282365569780e-02	-1.378400667734979834e-21
-3.795161275734999784e-02	3.206024970401089719e-02	2.642910610346849873e-21
6.643323943094968653e-01	8.993642127063088132e-02	9.231812715956399820e-35
5.795328613111480065e-01	-6.330840266250040149e-02	-9.084464920509950053e-21
9.456032861021268499e-01	-2.840236995034359571e-02	0.000000000000000000e+00
9.125533825745379968e-01	-7.069748396288169645e-03	0.000000000000000000e+00
8.715137902506580048e-01	1.531378243065359933e-02	0.000000000000000000e+00
7.422492332413189731e-01	4.302817132447889908e-02	7.795345276492619365e-24
6.524311613491220463e-01	1.191539396852009935e-01	4.865461658558668195e-19
8.501911630329439529e-01	7.847396184217970277e-03	0.000000000000000000e+00
4.411909879140680224e-01	-5.214675519612160109e-02	5.781862806440130166e-19
7.804046324374259713e-01	-5.077349507366339665e-02	2.435987080529299892e-19
6.581046158670580404e-01	-7.711017167583850140e-03	0.000000000000000000e+00
5.537151840178760054e-01	-2.310204285123449927e-02	2.103022228454670015e-21
6.175727275178569675e-01	2.001558604342589930e-03	0.000000000000000000e+00
4.943602951355609981e-02	-7.931821670539830615e-03	-9.273018241935659536e-17
6.999232919382799567e-01	7.894857816349649948e-02	0.000000000000000000e+00
3.538060218794290002e-01	8.477087377016430392e-02	7.105607668148607173e-19
7.854528053885200256e-01	1.845072493075070041e-02	-7.364297430602584922e-39
7.408951123036600084e-01	6.492827136752450136e-03	0.000000000000000000e+00
7.322982030601720149e-01	5.319135206553589562e-04	0.000000000000000000e+00
2.157516921605910076e-01	2.807985460296700056e-02	-3.395940728383829836e-18
9.762452439127770054e-01	-1.931997917113350291e-03	0.000000000000000000e+00
6.668527181278659510e-01	1.380908692634210122e-01	-4.380357935881030197e-19
3.227736552147629778e-01	-4.265610733883379996e-02	0.000000000000000000e+00
8.506466393145569738e-01	3.775393861828959911e-03	0.000000000000000000e+00
3.123813418696230193e-01	2.532014586502319875e-04	-5.734447318891019434e-14
6.194334578602159747e-01	-7.843550467580980012e-02	0.000000000000000000e+00
9.079448918518620015e-01	-8.183903476897390686e-03	0.000000000000000000e+00
9.268340847569069840e-01	7.419630018027150060e-03	0.000000000000000000e+00
7.402989271153970208e-01	-4.175280072663089918e-03	0.000000000000000000e+00
-9.808257150474440633e-02	5.461187031902500072e-02	3.838743354354820287e-18
5.179796674024150088e-02	5.340461919677210188e-05	0.000000000000000000e+00
7.879719623298040432e-01	-5.036582654548340393e-03	0.000000000000000000e+00
2.660774298260200066e-01	-6.442407450996340355e-04	2.508478016184049967e-21
8.432406972807939827e-01	6.720499603380579445e-02	0.000000000000000000e+00
9.334880463217219981e-01	-2.608323443221160012e-02	0.000000000000000000e+00
5.602867859682279794e-02	5.783246097350740016e-03	-6.273511217958729846e-21
-7.324338945544280055e-02	4.487195641748509961e-02	7.854162514499740260e-22
9.206321883237169601e-01	2.728704422153499856e-02	0.000000000000000000e+00
7.747647940955659784e-01	6.109843235031289788e-03	0.000000000000000000e+00
9.072583824389349738e-01	-8.241725065860199331e-03	0.000000000000000000e+00
2.638749380368810016e-01	-1.967529318067130079e-02	-8.796985849127930211e-22
8.281446699176280291e-01	-7.369432382290080213e-03	6.593347047626279946e-15
6.955875702086430357e-01	-5.690436518069089816e-02	-4.884108822995647500e-19
9.286156898502749835e-01	-2.401054650141879951e-02	0.000000000000000000e+00
7.764523602797960278e-01	-3.685550736357279950e-03	0.000000000000000000e+00
1.612475854606990056e-01	-7.149502156296050175e-03	1.559145131329683193e-37
9.642006536207450296e-01	2.811954802256089875e-02	0.000000000000000000e+00
5.760706913942440499e-01	1.579142590827530002e-01	6.697906974309249709e-21
2.748490537916939980e-01	4.792598562248220277e-05	0.000000000000000000e+00
8.410056721250329381e-02	5.189870726325299918e-05	0.000000000000000000e+00
7.409811150645130295e-01	-3.277538572975900039e-02	0.000000000000000000e+00
7.386683333908370397e-01	1.024464904168339990e-01	-2.094080151773409896e-19
9.415088966059650399e-01	-2.621874792356650163e-02	0.000000000000000000e+00
3.285411614365459920e-01	-3.499338022608310117e-02	4.797456586010349696e-21
8.569933168906429533e-01	2.810924033437869896e-03	0.000000000000000000e+00
9.405782740606960513e-01	1.175247172618370042e-02	0.000000000000000000e+00
8.589142742961249910e-01	-7.767516531957610257e-03	0.000000000000000000e+00
4.300211040515060090e-01	-1.833740750691690083e-02	9.664149463568810622e-22
8.417220197979250473e-01	7.835509777614010560e-03	0.000000000000000000e+00
3.534588364808279731e-02	-2.325074521027579966e-04	-8.167365107572310413e-21
8.509951599137279832e-01	3.670378158297329853e-03	0.000000000000000000e+00
8.315891506021679813e-01	1.925389913909989967e-02	0.000000000000000000e+00
8.445913573120880091e-01	2.185364449084949839e-02	-2.940851266853117191e-31
9.682029484351819537e-01	-1.075435878446709924e-02	0.000000000000000000e+00
4.266366205547970081e-01	-1.199560352727319958e-02	0.000000000000000000e+00
4.304622848425380122e-01	4.719178661456779954e-04	0.000000000000000000e+00
1.025878431842980054e-01	-5.537775489587060118e-03	-1.331388749129929911e-16
4.158020307428960116e-01	-1.228737585510360046e-02	-1.939229077336190407e-21
5.434584660285840529e-01	-1.593244656991970112e-02	0.000000000000000000e+00
3.084489183417590263e-01	-1.287080935789879955e-02	0.000000000000000000e+00
3.964730084747890015e-01	1.159421208277480048e-01	-1.140285867107729921e-18
-3.146710208377440088e-02	-1.591511332557820138e-02	-2.425721983423580144e-16
8.709353437647070484e-01	-1.863400788776990030e-02	-2.945466761837189932e-31
9.624093700116870265e-01	1.721688344455750072e-02	0.000000000000000000e+00
3.395823670780699910e-01	6.222789855264190524e-05	-1.577723157908680050e-23
3.613648953766149807e-01	-9.107598858705630643e-03	-1.013271929332050014e-21
9.265084042980770151e-01	-3.532456140539479844e-02	0.000000000000000000e+00
8.723991457158679630e-01	2.106388347375329900e-02	0.000000000000000000e+00
9.437260284617600137e-01	-1.112595717243950073e-02	0.000000000000000000e+00
-2.237853058808260062e-02	2.798239908438599974e-02	1.398567585571370021e-21
8.346150477453919692e-01	-7.756103323796079661e-03	0.000000000000000000e+00
6.006433594522739838e-01	-5.891876094265619673e-02	8.965890232032469676e-21
5.181616097810479854e-02	5.369857827579360335e-05	0.000000000000000000e+00
6.953692040120510454e-01	-2.273143297738909954e-02	-4.138553304348780151e-21
6.799104721682229791e-01	-5.831183708482989836e-02	-1.775064011667999877e-20
9.639722662530100239e-01	-8.005026598233979870e-03	0.000000000000000000e+00
5.220182712307790407e-01	6.849210078183989858e-02	-1.827274434323359923e-20
8.373705055837260547e-01	1.326621399253189934e-02	0.000000000000000000e+00
2.285718804752270017e-01	-2.401286147550339874e-03	-3.944540559774999795e-22
8.738950503233291478e-01	-1.078450640003359925e-02	0.000000000000000000e+00
9.653014262244099530e-01	2.052982261483849921e-02	0.000000000000000000e+00
4.682292455309560175e-01	2.102902011257989923e-01	9.266830130105930728e-22
7.997531390343269875e-01	-4.368947000104470013e-02	-1.421275016716460053e-21
4.481198201576530038e-01	-1.287255821483229918e-03	0.000000000000000000e+00
5.490777403830350289e-01	1.093419212428990012e-01	-5.218342979404030446e-19
8.002371491821750338e-01	2.994404199656229798e-04	0.000000000000000000e+00
2.667568229714969985e-01	1.014753682348980002e-01	-4.440060477689140050e-18
8.336473500311990525e-01	-4.020842084852520315e-02	0.000000000000000000e+00
4.525240658464739774e-01	1.292064175491980105e-01	-1.858476133864794662e-36
6.131734596680570304e-01	2.714344318062910169e-02	0.000000000000000000e+00
2.343932451793739880e-01	1.286053079441089938e-04	0.000000000000000000e+00
9.697716140286569697e-01	-1.549192672732769942e-02	0.000000000000000000e+00
7.103157308247990409e-01	1.109064494235930017e-02	-4.177103743621779968e-23
8.223939046828290245e-01	1.560288693775009894e-01	1.416057848308350110e-19
9.133770606341820031e-01	-2.957751273226030125e-02	0.000000000000000000e+00
7.363282035587590535e-01	-3.409001201083000122e-03	0.000000000000000000e+00
8.654103714908339962e-01	1.143912616578229985e-01	9.341373759487089543e-20
9.388265968908300341e-01	2.476523012485589911e-02	0.000000000000000000e+00
8.631964003181370471e-01	-1.192488513944810029e-02	0.000000000000000000e+00
9.167565247319969801e-01	2.064506813186160056e-02	0.000000000000000000e+00
3.119590597663630116e-01	-6.212178918335120245e-03	0.000000000000000000e+00
1.026622189698560006e-01	-2.914296129637060015e-02	-1.503482955148229942e-21
6.330093090691010227e-01	-4.314907026429840031e-02	-1.751925323780760129e-20
7.907266177101920368e-01	-1.779546537383069893e-02	0.000000000000000000e+00
4.634922643770669759e-01	1.977610122761359977e-03	8.439245089097059361e-21
9.760164622640300491e-01	1.228741746210700037e-02	0.000000000000000000e+00
7.478019721357620497e-01	-3.948521612796579948e-03	0.000000000000000000e+00
4.452018225447419986e-01	1.296634023379300005e-01	-1.012462801707700034e-18
3.325602423540650054e-01	-5.215298914152260122e-03	-1.229330865142469927e-21
7.195299182488179568e-01	-3.661457791411079805e-03	0.000000000000000000e+00
1.787975193795819928e-01	-3.369850979336889985e-02	0.000000000000000000e+00
6.203069683703059667e-01	4.822448240754480253e-02	3.456192801300320048e-20
6.856474954934159705e-01	-4.676737065466129994e-02	0.000000000000000000e+00
8.487631271836709734e-01	-3.088660219993150016e-03	0.000000000000000000e+00
7.370707571981169881e-01	-3.240701424077450260e-04	0.000000000000000000e+00
8.376243277861560310e-01	1.162947054313289916e-02	0.000000000000000000e+00
8.837192640171399605e-01	-1.602487497876269734e-02	0.000000000000000000e+00
9.596987591490190317e-01	3.298470321970049801e-02	0.000000000000000000e+00
2.845861470954970107e-01	-2.673560420018939940e-02	-8.588651950998470926e-22
8.498335361217530526e-01	1.634582013046470030e-03	0.000000000000000000e+00
2.563768180250979856e-01	3.665643731873410079e-03	-6.166316487061229524e-23
9.501116265981860431e-01	1.261555506070050070e-02	0.000000000000000000e+00
5.021807305268589650e-01	-1.103972922608900025e-04	0.000000000000000000e+00
4.925703870518319816e-01	-2.642313129402969890e-02	-5.089692286880539810e-22
2.086394759346149874e-01	-1.724000996982940140e-02	6.223953990684909970e-24
7.976122196610869741e-01	3.593578685523869665e-02	0.000000000000000000e+00
8.890089725357089856e-01	-3.391726107319750078e-02	0.000000000000000000e+00
7.786407534135929565e-01	-5.066053094895969777e-02	-9.526306884148559718e-20
6.997684823184540104e-01	1.198037601155570037e-01	4.865259965896478901e-19
8.005100704375259779e-01	-4.783841755297690151e-02	0.000000000000000000e+00
8.466898163276119771e-01	1.430172686422579928e-02	0.000000000000000000e+00
8.792713551196540411e-01	-9.946190324249849779e-03	0.000000000000000000e+00
8.654160170925370155e-01	-1.854920756523120023e-02	0.000000000000000000e+00
5.794040515360829868e-01	8.666986804854849569e-02	5.733805844791439546e-19
8.511780902021279793e-01	4.741647892875480025e-03	0.000000000000000000e+00
-4.788867266873884920e-02	2.609367403515477565e-02	-1.177517735943482043e-32
7.238546293810860233e-01	5.712041020417350269e-03	0.000000000000000000e+00
4.846399825830560171e-01	-1.462303666395189938e-02	1.304578256545770888e-23
8.015418946094610142e-01	1.626714641251189976e-03	0.000000000000000000e+00
9.429427249243610420e-01	-2.122471773519839927e-02	0.000000000000000000e+00
6.991944973092090176e-01	4.796304848679679850e-03	0.000000000000000000e+00
7.615486654558519808e-01	-4.892252309598140239e-03	9.673149355481625212e-31
-8.502656493677450411e-02	-2.169744689539220136e-04	8.903495493449931718e-37
5.452805742585299653e-02	-8.598087994892570154e-03	-2.668189531125480164e-23
2.663471845377620162e-01	-7.456485508532929797e-05	5.969699306123390073e-14
8.600303950871549530e-01	1.316630302860569979e-01	-9.099552034510079944e-20
7.674353434932760232e-01	-6.383550644936089591e-02	2.672779005383250098e-20
4.441785955991440216e-01	-2.810048945275209903e-02	2.729097293080609916e-16
8.683662387644369707e-01	1.395670126929929866e-01	8.418952809485443667e-43
8.151078389338729524e-01	6.012889144471229678e-03	0.000000000000000000e+00
9.633151062613389826e-01	-5.604617863929189578e-03	0.000000000000000000e+00
8.653100136540140541e-01	-2.347366391265630001e-02	0.000000000000000000e+00
5.457034816437540403e-01	1.067430816231249979e-03	0.000000000000000000e+00
-6.243317089392329960e-02	-1.314206280252130064e-02	3.933362714578100114e-27
-1.561333390961260059e-01	-5.462950885691710131e-04	1.913681021147679778e-20
7.716541202328309756e-01	-2.492175062149650129e-03	-3.108831688092959750e-20
4.104725743977040153e-01	-3.997566630028489588e-03	4.617767611082224484e-37
5.690299265313369936e-01	-1.849439292495269963e-02	2.910646179599239995e-16
8.611207457219880457e-01	-8.007228614630389901e-03	0.000000000000000000e+00
8.028349301824290185e-01	7.646452947421439675e-03	0.000000000000000000e+00
8.167937765402499828e-01	-1.937568745449539873e-02	0.000000000000000000e+00
-2.197392142185789973e-02	8.148717541642000114e-03	-2.246591749759989987e-17
7.374780027266919502e-01	-1.443551670349309951e-02	0.000000000000000000e+00
9.476484431754550464e-01	-1.788707953945040119e-02	0.000000000000000000e+00
7.781143212051080393e-01	4.107253574833529680e-02	5.910254133612799599e-20
6.341593599108750201e-01	1.028520021763060059e-02	0.000000000000000000e+00
7.603114050378739774e-01	1.637582162384340068e-01	5.490363267612899654e-19
4.626534438454109610e-01	-5.922521838031329089e-02	9.390890789892736533e-37
8.506073723731050196e-01	-8.236806497067990229e-03	0.000000000000000000e+00
9.000440887608479601e-01	7.478615484497519450e-02	0.000000000000000000e+00
1.607876207026039950e-01	2.550415583752419852e-05	7.202852747837930443e-14
8.411319040832929694e-01	1.586146801195019917e-03	0.000000000000000000e+00
8.634951053856230185e-01	-8.398694195990210123e-03	0.000000000000000000e+00
8.541545878820639981e-01	-6.295204040423310089e-03	-6.493223895265760445e-23
8.492713698403020484e-01	-6.211493546686760320e-03	0.000000000000000000e+00
-3.828633677173570032e-02	-1.437218270794519970e-02	9.033852295361948753e-22
9.129987774807499790e-01	-8.569022570149220294e-03	0.000000000000000000e+00
2.025842998120440039e-02	-4.908175484796699665e-05	-1.351918384095249966e-20
9.457463777580970010e-01	4.426538349965909724e-02	0.000000000000000000e+00
2.711007256378770158e-01	-6.201975453367279678e-03	0.000000000000000000e+00
4.720758602279099825e-01	1.586044896809319926e-01	8.744292264186950866e-19
4.733382268673840265e-01	1.524560335346670029e-02	9.625613363567364114e-37
8.536231660326150106e-01	-8.336448830100949559e-03	0.000000000000000000e+00
1.797571927559269978e-01	-5.006359492261260036e-02	0.000000000000000000e+00
5.074594946169189713e-01	9.987912652073911712e-02	5.555711178655478401e-19
8.638578035193159588e-01	4.955331218093279866e-02	0.000000000000000000e+00
8.268282047608570551e-01	-1.993893831129199892e-02	-2.413395788991319986e-20
8.147340107069449555e-01	-3.841532100769390161e-03	0.000000000000000000e+00
1.837266969792429872e-01	-7.634239795866339757e-04	7.122355957343169903e-22
1.747603604452319936e-01	-2.475756072788290116e-02	-9.663718504455269793e-19
8.591738087828250103e-01	-1.920255045831060006e-02	-9.858176079300089310e-20
7.266438411693250110e-01	-5.706935138780869915e-02	1.583843918124829269e-20
9.449502606184160269e-01	3.643408494463760278e-02	0.000000000000000000e+00
9.141607831963060038e-01	5.873026008410089926e-02	-2.022079344183540030e-21
6.328726337431219706e-01	1.745255618681749998e-01	5.816167214802293593e-21
8.345662858902790360e-01	-2.350898315941229999e-02	0.000000000000000000e+00
5.197285640499870185e-01	1.120764953262799865e-03	-2.927955566717829289e-16
8.657593824767779722e-01	-9.294875406506329651e-03	0.000000000000000000e+00
9.797118254267539461e-01	-1.339948234834029920e-03	0.000000000000000000e+00
9.096938376759949874e-01	-2.680372997219529832e-02	2.194644899549590012e-15
5.835984586904340299e-01	1.968390132239959851e-03	0.000000000000000000e+00
8.989486774442899675e-01	3.058543557001970094e-03	0.000000000000000000e+00
1.237744279647309993e-02	-2.661784056323549929e-03	0.000000000000000000e+00
9.628227536100619766e-01	2.727821415108259984e-02	0.000000000000000000e+00
5.200495310707820007e-01	1.240387834092849945e-01	5.046076112138420049e-19
3.431409927257320081e-01	-2.269581069672060164e-02	0.000000000000000000e+00
5.341221294233360339e-01	1.360195177498290109e-01	1.065459503485470846e-20
8.544576383620879900e-01	2.936975727254469842e-02	0.000000000000000000e+00
4.006363864208459802e-01	1.768938565588469916e-02	-1.043753456261182760e-36
3.650803266346350218e-02	1.634019322945820182e-02	4.875394140310993543e-17
8.929867565897610104e-01	-1.707911954981369829e-02	0.000000000000000000e+00
9.515706450327230392e-01	-1.542477804895910076e-02	0.000000000000000000e+00
6.842547668914059633e-01	4.040313462781870354e-03	0.000000000000000000e+00
2.777536351651970215e-01	-7.194576163920229873e-04	4.585078172540369446e-16
8.605120775810240485e-02	-3.212289996357289845e-02	-1.420463631022910068e-21
8.740495004613709762e-01	-6.408427875318960069e-03	0.000000000000000000e+00
3.861830131428919954e-01	2.009501095060569897e-01	8.459659514239130656e-18
3.608937794444200264e-01	2.344813948994050115e-02	-5.793254504131739705e-21
9.306538850218909475e-01	5.124539488851800190e-02	0.000000000000000000e+00
2.870892849173969363e-01	-6.144968856608249395e-03	3.270008286334009307e-22
9.651797683199220268e-01	2.393964187736229848e-02	0.000000000000000000e+00
8.060548568506720191e-01	-6.513019653781110078e-03	0.000000000000000000e+00
7.750989288702759827e-01	8.061699804367418454e-03	0.000000000000000000e+00
9.007300525135990554e-01	-9.087698583698589419e-03	0.000000000000000000e+00
8.457040713452750325e-01	1.737664734327190041e-01	0.000000000000000000e+00
1.577540326219989963e-01	-8.439242847375939827e-03	-6.933599424285749794e-22
8.796193246888019956e-01	9.790935837242699391e-03	0.000000000000000000e+00
7.283145402074959751e-01	-2.983649482944000005e-03	0.000000000000000000e+00
4.815493358158829951e-01	-5.509970195883230094e-03	5.754389188348998468e-38
8.427683934450389547e-01	-2.355892812024030104e-03	0.000000000000000000e+00
7.033399284355029701e-01	1.395064005261139883e-01	0.000000000000000000e+00
4.727246785917050276e-01	-4.124320050346889747e-03	8.249239145479900350e-21
8.980825776060770149e-01	-1.238506131370939976e-02	0.000000000000000000e+00
6.668499906650090514e-01	1.070830045357760163e-01	-2.792243450503071743e-20
7.821976703996169622e-01	8.717822647654310461e-03	0.000000000000000000e+00
-3.146392347960060010e-02	-1.776919225463889987e-02	-3.976770559315251239e-23
3.710192223478109841e-01	3.449257267791119852e-03	5.376539563634840353e-21
1.726970738141359873e-01	1.001644590146210024e-04	-1.556467335157050051e-13
6.497068952886150273e-01	-1.513391717864330001e-02	0.000000000000000000e+00
5.187242791206400083e-01	9.475691198742100529e-04	0.000000000000000000e+00
4.194543243410239763e-01	2.477784989157439896e-04	0.000000000000000000e+00
8.125618707102779670e-01	1.391253955030979927e-03	0.000000000000000000e+00
8.198572259734170364e-01	9.760361353279079985e-03	0.000000000000000000e+00
9.746179321471359902e-01	7.120852104621419598e-03	0.000000000000000000e+00
8.643875888420380349e-01	-2.205419876156410053e-02	1.176985059350140082e-19
4.505715095667670034e-02	8.178838748858290389e-03	-3.333182510667244900e-36
8.566843056726020089e-01	-6.745549996040919871e-03	0.000000000000000000e+00
5.279960399676030258e-01	-1.085592563179240029e-03	0.000000000000000000e+00
8.387002951262439998e-01	-1.136797461856539930e-03	0.000000000000000000e+00
2.814809568419229802e-01	7.559351756264449940e-02	2.659216842002169931e-18
6.540847688335049703e-01	-1.928514367121220022e-03	0.000000000000000000e+00
8.137136274730519814e-01	-6.857016772499680175e-03	0.000000000000000000e+00
5.555086468042139680e-01	-7.143965324329060174e-02	-3.201594204594030244e-16
4.830361904711339971e-01	1.914789730568970116e-01	1.589825404673790033e-21
8.115031541592460096e-01	-5.170598154764440187e-03	0.000000000000000000e+00
5.315495890360659725e-01	3.856081719255840244e-04	0.000000000000000000e+00
5.851357595301710512e-01	2.844387181021559852e-01	-1.456468306897779940e-18
8.922025743001089637e-01	-3.867182033386089984e-02	0.000000000000000000e+00
8.244542782538990533e-01	-4.923328770943109778e-02	-1.697997064603690018e-20
-6.696359090319362051e-02	3.582498833466681021e-02	-1.003862249155649862e-17
8.435316785284260321e-01	1.175884055719239943e-02	0.000000000000000000e+00
7.573210277337839580e-01	3.557631891531039866e-03	0.000000000000000000e+00
8.707207735849959995e-01	-2.095305116073059928e-02	0.000000000000000000e+00
1.077509037933540026e-01	-4.696497463200439808e-03	7.888939690322230457e-37
2.735829403126049941e-01	2.652824708013330063e-02	-6.702850170970818672e-21
3.387414778579769803e-02	-1.416803724751430037e-02	1.030630723116959959e-21
9.574411971349979789e-01	-1.283312711137639915e-02	0.000000000000000000e+00
8.025552335129889636e-01	7.949398752052368178e-03	0.000000000000000000e+00
8.114227035190979542e-01	-5.360765708030249682e-02	-8.112885824269402674e-38
3.115065323950699794e-01	-1.596197730915609875e-02	-2.582798722626049831e-16
9.228194162933790468e-01	-5.119390197849849923e-03	0.000000000000000000e+00
6.323506002625539635e-01	-8.523260282104960436e-03	-1.697066548840009895e-20
9.585103003066139937e-01	1.504050140365430048e-02	0.000000000000000000e+00
6.263087402336100507e-01	-1.407244462925390065e-03	0.000000000000000000e+00
3.748767507799000143e-01	-5.430945932150799821e-02	3.853258025731009836e-21
1.767031029987700119e-01	-4.383725228408832827e-05	0.000000000000000000e+00
6.271595698372729455e-01	-6.681368737461819418e-02	-3.587803272925129945e-19
5.610652804958380369e-01	1.943494566721029881e-01	-8.788066330265122690e-35
8.654041033122320536e-01	-4.432880910934610015e-03	0.000000000000000000e+00
9.504270884528409624e-01	-1.322171370096879989e-02	0.000000000000000000e+00
-2.173560334152380147e-02	2.168923411087640002e-02	-3.708550093107510131e-16
9.339638674967349896e-01	2.908939201893670154e-02	0.000000000000000000e+00
8.480968137502590265e-01	-6.686359418560991865e-04	0.000000000000000000e+00
7.720359086429420259e-01	-3.085449905708340101e-02	4.046672887564979752e-23
4.719458374224539954e-01	-3.918150739835520036e-02	0.000000000000000000e+00
6.559564792507039943e-01	1.407089049744680020e-01	-1.761939355758684147e-20
3.292018529186500064e-01	4.503082451746959897e-02	-4.496164028010700126e-19
1.065285246181690015e-01	-2.659972531880110125e-02	3.059271462043710394e-21
5.262105165611999924e-01	-3.935351543420759907e-02	8.445925042250559411e-21
9.339619699590839819e-01	2.242877281659099928e-02	0.000000000000000000e+00
8.133936143314389744e-01	-5.324935633538649751e-03	0.000000000000000000e+00
8.216568069708529709e-02	-3.594839382753459823e-05	0.000000000000000000e+00
8.259195336098480444e-01	-2.562261643762519994e-03	0.000000000000000000e+00
8.403702455437439545e-01	-4.223915612595550290e-02	-2.189134123493180114e-19
4.126871189862780231e-01	-1.042694087160990057e-03	0.000000000000000000e+00
8.148983523552479902e-01	-3.800974630588350306e-02	9.570102318034430192e-20
2.334791164920649864e-01	-3.402107368086559891e-02	-1.623598028506809990e-21
3.167475422139309771e-01	3.237227308476270209e-04	0.000000000000000000e+00
8.814701192103769900e-01	-1.081545816968489809e-02	-1.141187459159160554e-19
5.578839778438959840e-01	-5.289957480506370102e-02	-5.140224603618010214e-18
2.359894705385200131e-01	-5.701474806698070275e-02	3.268032533739070016e-21
6.256509069692359759e-01	-6.452044544191599951e-02	1.838698523419600069e-20
6.358674842850600140e-01	2.891166424207329989e-03	0.000000000000000000e+00
9.280970322730850430e-01	-9.595158348126220024e-03	0.000000000000000000e+00
4.102973284074969973e-01	1.789526924979639999e-01	1.274150053476590022e-18
5.844840033827020109e-01	9.637997325869539830e-04	0.000000000000000000e+00
9.674828945073959963e-01	2.448698330348110172e-02	0.000000000000000000e+00
7.076604498382600417e-01	-3.224264850615450161e-03	0.000000000000000000e+00
6.431859660888179508e-01	-2.936302691113450158e-02	0.000000000000000000e+00
1.426384587676370053e-01	-4.591216051509999785e-03	0.000000000000000000e+00
9.430584350482279499e-01	9.522810310186690178e-03	0.000000000000000000e+00
8.808394021890839642e-01	-1.328647389790399945e-02	0.000000000000000000e+00
6.202001660922330517e-01	-1.032344785839890006e-02	8.540520099599209999e-21
6.150189085121610111e-01	-1.914623718747970058e-03	0.000000000000000000e+00
8.317399512104369785e-01	-3.067105013910999961e-02	8.859470021371889444e-20
9.168212808704390149e-01	-3.707012846473260043e-02	0.000000000000000000e+00
8.809120531179349678e-01	1.696729007957880134e-02	0.000000000000000000e+00
8.927700840373730129e-01	-2.529642414060809946e-02	0.000000000000000000e+00
8.774795942269679738e-01	6.021328141373660098e-02	0.000000000000000000e+00
7.808214301780949662e-02	4.860212445570249816e-05	0.000000000000000000e+00
9.386926157709729601e-01	-3.921679515400639665e-03	0.000000000000000000e+00
8.504681984814620455e-01	1.215586804535040075e-02	0.000000000000000000e+00
4.556378105427829617e-01	-3.947304089625168835e-03	-2.862444710653890222e-16
8.177408125471210543e-01	-2.826502338859999963e-02	0.000000000000000000e+00
8.679520744050249759e-01	-1.204452537007849947e-02	0.000000000000000000e+00
1.632369756658079984e-01	-4.774897203509460147e-02	3.096493925088010028e-21
5.197871903306919839e-01	-2.867118138538760075e-02	-5.177147247374069713e-22
9.565260064301650544e-01	2.958538413132609859e-03	0.000000000000000000e+00
9.125891225976530130e-01	-3.339564877039220142e-02	0.000000000000000000e+00
4.289654001383960136e-01	1.628879675227140056e-01	1.888412492516839867e-21
8.098092369343969921e-01	-2.003790212098410101e-02	0.000000000000000000e+00
2.753838618364840007e-01	-8.520148782232279776e-04	4.516776550542670268e-16
8.962958689012030522e-01	4.958296362096849957e-02	-8.332530440319760265e-23
7.557186045319429502e-01	1.285953689788209980e-02	3.118444180238219903e-20
7.154132596568330005e-01	-6.422555365172230579e-02	3.024165829468049082e-19
2.131829201922970096e-01	8.627235371021840446e-04	0.000000000000000000e+00
4.746470249548779829e-01	2.889578089961350113e-02	3.787220847750593258e-23
8.517429426390069613e-01	1.483883946853399929e-02	0.000000000000000000e+00
7.097299237866040444e-01	-1.073753198352859952e-03	0.000000000000000000e+00
7.791734554379380340e-01	-1.474472376357120057e-02	0.000000000000000000e+00
9.286046623568949832e-01	-1.657072741828359910e-02	0.000000000000000000e+00
8.834738898985380340e-01	4.735820823406500235e-02	0.000000000000000000e+00
2.780313272826290261e-01	-1.990069757076550015e-03	7.009027788129173509e-32
9.066375015908739732e-01	-1.400666108148749915e-02	0.000000000000000000e+00
3.974378593902460066e-01	7.465127766605829385e-02	6.121672484554413630e-19
7.914249882687479642e-01	-6.150995018298820172e-02	0.000000000000000000e+00
6.668791217813589967e-01	-5.737299640601029732e-02	-9.721385654831281214e-37
3.096380181943079735e-01	-4.044207208227550143e-02	-5.225256724495270247e-19
-6.406524496170071248e-02	-1.733186541429680011e-02	-1.417980146910759749e-21
5.814794601372309524e-01	-1.095050992042339785e-02	-8.463611285519039313e-21
2.487084485918520105e-01	-3.887422668348169963e-02	-2.339444507358639956e-16
8.856454357710960013e-01	2.301560339541090100e-02	0.000000000000000000e+00
2.651144042439639859e-01	-8.661935389827200849e-03	-7.196717767515530315e-23
8.479081330989749477e-01	4.186658018730087145e-03	0.000000000000000000e+00
3.205945498153410234e-01	-8.768712919618920631e-03	5.323861646375459831e-22
3.904804661016270106e-01	-5.770617464945319852e-02	0.000000000000000000e+00
8.038827167919809780e-01	9.179107840792839756e-02	7.809301727091179958e-20
2.955875947956829730e-01	7.190765183177949592e-04	0.000000000000000000e+00
7.293697639503810004e-01	5.952460054100199710e-03	0.000000000000000000e+00
9.163863128751800202e-01	-9.265603885653939803e-03	0.000000000000000000e+00
7.724028237893459936e-01	2.721352781203730253e-01	3.951278888688100291e-17
-1.212504038914930110e-01	4.726244277474810074e-02	-2.584093892955795132e-22
8.075323870007339311e-02	4.710440977600939772e-05	0.000000000000000000e+00
9.328597601355910207e-01	3.577818793633549821e-02	0.000000000000000000e+00
7.458305461447509721e-01	1.169694664734880069e-01	4.360938226080299885e-19
2.206893035997790076e-01	-1.946711623687729991e-03	4.950687419989380274e-22
8.493051246290079792e-01	2.157942200740099877e-04	0.000000000000000000e+00
7.020774998873660078e-01	-1.812228720091130100e-03	0.000000000000000000e+00
1.790263123081430041e-01	-6.507842406503890238e-03	0.000000000000000000e+00
3.535906012800850151e-01	-1.347757747764469910e-03	2.771408742413570132e-21
-7.757734996379929415e-02	4.463907429714550346e-02	1.782745707492489895e-18
9.787255896366260366e-01	-2.024496724004999811e-03	0.000000000000000000e+00
8.414661580877950131e-01	1.361845821884389955e-02	0.000000000000000000e+00
8.474417046843799595e-01	-4.193147355264430221e-03	0.000000000000000000e+00
5.806460478204219511e-01	-3.392272821054260340e-02	7.161187943948510824e-37
7.561474597985959889e-01	4.629129493713479769e-04	0.000000000000000000e+00
8.401265871078470449e-01	1.291883672471270117e-01	9.990367913530600030e-20
8.177436543610540065e-01	1.871764387285010101e-01	-7.128391642759809521e-23
5.978156253167330458e-01	-9.723644851972459632e-04	0.000000000000000000e+00
7.161691235379619852e-03	-5.658229719315569970e-05	-1.496118242177530093e-15
6.846534105740850196e-01	1.269490211252339955e-02	0.000000000000000000e+00
8.459826366107290330e-01	3.410996184009129888e-03	0.000000000000000000e+00
7.732544296159600261e-01	-5.521098382920229704e-03	-6.751822223349460360e-23
2.668784421648929817e-01	-2.648188263781950033e-02	0.000000000000000000e+00
5.823243580893020521e-01	-1.485509287656400050e-02	8.466220509302820649e-21
8.233781719580920422e-01	-6.479546386736660148e-03	0.000000000000000000e+00
2.636107572391480081e-01	-1.770887711150770025e-02	4.492884007221990181e-22
8.711336683190570307e-01	3.838202383910389870e-02	0.000000000000000000e+00
8.345483644788870281e-01	-3.983996108652559237e-03	0.000000000000000000e+00
9.182626438124340540e-01	-2.741086462882279945e-02	0.000000000000000000e+00
3.836938656097280131e-01	-8.367678373664059685e-03	2.826313195220589850e-16
5.811677475740809617e-01	-6.939287277602990134e-02	1.808570278219279967e-20
5.214249863712100419e-01	-4.133842331594470183e-03	9.288381617076401753e-37
4.048960693272929956e-01	2.091558326434120041e-01	-1.183927971621570064e-17
8.130294178991219756e-01	-4.633765653572859654e-03	0.000000000000000000e+00
9.635780792067759615e-01	2.593817452795890016e-02	0.000000000000000000e+00
-1.293069260414000110e-01	5.495663747658000031e-02	-2.431569842358740146e-21
7.658578417872879962e-01	6.995599157289250115e-03	0.000000000000000000e+00
6.689983514368359474e-01	-5.583042363773670080e-02	-1.696171958657160044e-23
7.602473753201790529e-01	-6.712616034313920177e-02	2.643031471497199881e-20
7.698938170346409926e-01	-2.824106463183539972e-02	3.767148534888220075e-21
7.445617818614490291e-02	-7.349959963605070395e-03	-8.927909538731530471e-22
8.394856547124700530e-01	-1.594182719373470059e-03	0.000000000000000000e+00
8.603144436515169913e-01	-3.514617152959240154e-02	0.000000000000000000e+00
5.371228503538919702e-02	8.713164774401149781e-03	5.532714212254439875e-22
6.468922237612309001e-01	1.864546345284309736e-01	-3.522004899269891084e-19
2.437831270049249932e-01	-1.380556830174710023e-03	0.000000000000000000e+00
8.594653130939250429e-01	-4.998136603442829978e-02	0.000000000000000000e+00
3.732836188605099803e-01	2.194355878175570016e-04	-4.456204282103269753e-14
9.494254947257659838e-01	-2.712252988385250099e-02	0.000000000000000000e+00
8.532180801612549992e-01	1.437598046983670080e-02	0.000000000000000000e+00
8.135782407879450506e-01	1.313195963365419716e-01	-1.375471510724659646e-19
5.889615043288130014e-01	-7.384997026942269338e-02	1.868149125991269916e-20
3.107851062540020193e-01	1.739801449700930092e-01	2.432110568301340065e-21
9.570620857814799987e-01	-2.309540145010479870e-02	-1.643537932618950026e-15
6.259696507837290147e-01	-7.546913204169569678e-02	4.588155297917259544e-22
9.514746790933550358e-01	-7.842588997030719433e-03	0.000000000000000000e+00
5.067205784556869652e-01	2.630211174853239742e-01	1.773659463662429895e-18
7.833077688499440194e-01	1.207949422473900093e-03	0.000000000000000000e+00
6.247245428136279921e-01	-7.686591687642030379e-02	-1.788764350275369929e-20
8.786061792977649665e-01	1.075458674075649990e-01	-6.471744666858060333e-20
8.355852881454519654e-01	-4.695016870099309736e-02	0.000000000000000000e+00
5.598353795806189082e-01	2.146542021095549646e-01	6.702791419606959799e-19
3.365267883297459184e-01	-3.941202373370439327e-02	5.417977872173711004e-21
2.831894983073690031e-01	-1.098755887571080045e-02	0.000000000000000000e+00
8.095012193411199597e-01	7.806218024382819733e-03	0.000000000000000000e+00
8.620056411741470193e-01	-1.059087881624209970e-02	0.000000000000000000e+00
8.649018036573580259e-01	3.124645999596310092e-02	0.000000000000000000e+00
5.746520085311900283e-01	-5.573055535176820114e-04	0.000000000000000000e+00
9.055188195048530231e-01	3.312898055464810060e-02	0.000000000000000000e+00
4.229819537024450127e-01	5.450456886479949914e-02	2.644481451901592359e-34
8.443851832610890229e-01	5.309330557453229710e-02	0.000000000000000000e+00
3.793210194193079587e-01	-1.345005886551189911e-02	0.000000000000000000e+00
7.774279214810969618e-01	-3.524911469746620112e-04	0.000000000000000000e+00
8.372081386536069925e-01	-3.854268939739950023e-04	0.000000000000000000e+00
7.550878573421410112e-01	-2.777094514761459937e-03	0.000000000000000000e+00
8.701880950629989897e-01	2.706857341832849886e-02	1.283441658976239928e-23
5.561390545458190227e-01	-8.371146786505400186e-03	2.971351109230208773e-16
8.908644087231899489e-01	2.776469824639779885e-02	0.000000000000000000e+00
8.883014430069690048e-01	-1.694115549130889922e-02	0.000000000000000000e+00
2.116653938117369904e-01	-2.787916503860159850e-02	-1.560921473249160013e-23
6.221302047868779717e-01	1.623135089722259894e-01	4.246125317547140015e-19
6.686076006413439465e-01	9.235115231064199579e-04	0.000000000000000000e+00
8.769363601246370488e-01	5.580450208389690220e-02	0.000000000000000000e+00
7.123545006358289466e-01	5.284070388289390310e-03	0.000000000000000000e+00
7.673800168012709921e-01	-4.410735005964309605e-03	0.000000000000000000e+00
8.510478605802499485e-01	4.353243006788100160e-03	0.000000000000000000e+00
8.532752885397509868e-01	-9.897913635593710846e-03	0.000000000000000000e+00
8.633310726714490402e-01	1.677487379920759858e-02	0.000000000000000000e+00
1.635162319869140068e-01	6.752473094779751423e-05	-7.811446280420626859e-14
9.502317765622729784e-01	-8.597176687875369289e-03	0.000000000000000000e+00
6.535980616220929962e-01	2.486587769357210057e-02	0.000000000000000000e+00
5.369154612779950542e-01	-5.266711056806339802e-02	-4.904931074935681065e-18
9.498321155200849519e-01	-1.307248874063469957e-02	0.000000000000000000e+00
8.296391619008800511e-01	4.814832671152688773e-03	0.000000000000000000e+00
4.699376259448499460e-01	6.277672912704539317e-03	0.000000000000000000e+00
9.241374970536759825e-01	2.106899376264809859e-02	0.000000000000000000e+00
5.337798546420120527e-01	5.512369180699519620e-04	0.000000000000000000e+00
3.041135019629550018e-01	-7.951827397077079404e-03	0.000000000000000000e+00
9.265012374576440113e-01	5.978034194326149742e-02	0.000000000000000000e+00
6.221924010760599977e-01	2.723834930632350049e-01	5.307862644596980495e-35
9.610764480295880263e-01	-1.681299189829230101e-02	0.000000000000000000e+00
8.540501062307590541e-01	-6.375571442389160043e-03	0.000000000000000000e+00
3.745686566406790097e-01	3.223758762905690189e-02	5.749985400291102411e-37
3.531537800755549794e-01	-2.375376069938979831e-02	-4.484154099140600233e-22
8.495624574696349907e-01	-8.501230739809639142e-03	2.768041980788200090e-23
8.342129010375358422e-02	-5.407997072445926536e-04	-9.567575073421446604e-19
8.593359157313630314e-01	-1.529103637268900036e-02	0.000000000000000000e+00
-7.175911689990229977e-03	-2.398206590818530159e-02	0.000000000000000000e+00
8.391069301861869834e-01	-3.220992246484249977e-02	0.000000000000000000e+00
2.669374258304049730e-01	-4.596347546270849793e-05	-6.084920490722349390e-14
1.624346634891460361e-01	1.345201332551795818e-05	6.968475697399126354e-14
-3.444977822982479843e-02	-2.216014733037089887e-02	0.000000000000000000e+00
6.088836400080109845e-01	-1.461969920872530082e-02	0.000000000000000000e+00
2.286323889350680427e-02	-8.473186836927638910e-03	8.900993360315358231e-17
7.938810040302279880e-01	4.973062544402369854e-03	0.000000000000000000e+00
4.895732567087029974e-01	-6.416122724391750158e-04	0.000000000000000000e+00
5.251284216056689713e-01	1.840291035358480043e-01	-7.859630595638569402e-19
3.503106238359430247e-01	3.077821639291010219e-04	4.990665672654389909e-14
1.469413873918760105e-01	-5.037689711480979743e-02	6.247821157037250034e-21
5.908370928715220294e-02	-1.614977388063079905e-04	8.418094085460580016e-24
-1.048403958087690269e-02	2.437397630918270233e-02	-7.413740701605282069e-19
1.280535403087779966e-01	-8.953369520405849574e-03	0.000000000000000000e+00
8.654018274796679844e-01	-1.443763574479350019e-02	0.000000000000000000e+00
2.998836819703299961e-01	-4.263551218941660087e-02	2.474136633111129874e-16
4.071895812086119837e-01	1.829453389178500172e-02	4.700647676684529975e-21
7.490724748376930142e-01	-1.515651761679810000e-02	3.156901141236039484e-20
5.235726798575089935e-01	1.364642383134610087e-03	0.000000000000000000e+00
7.169907399756040300e-01	-1.770505378461010053e-03	-3.266561489669689989e-20
8.814210509669500038e-01	-2.447150503516500042e-02	0.000000000000000000e+00
6.043194927349440082e-01	1.069371200834099951e-03	0.000000000000000000e+00
8.769990798402089727e-01	2.244880182160280055e-02	0.000000000000000000e+00
8.876544789396140223e-01	-4.671809519893740242e-02	0.000000000000000000e+00
8.388427672000680069e-01	-3.794773997988160064e-02	0.000000000000000000e+00
8.914195249675840316e-01	-1.091764013002519997e-02	0.000000000000000000e+00
9.027772277067710460e-01	6.334889647946970181e-02	-3.398081639337890099e-21
-8.970526619893670617e-02	-1.792281258207800091e-04	1.038383363101800016e-20
7.267538899464679458e-01	2.319357286113639949e-01	3.525587673060817858e-19
8.403429444432799489e-01	-5.279315920176810145e-02	7.740659182198520082e-20
7.037491829597508630e-01	3.472081137679911000e-02	6.491682979277418836e-23
9.578497923651190238e-01	-1.156638678911270021e-02	0.000000000000000000e+00
8.492446963075650501e-01	-2.542195846873190196e-03	0.000000000000000000e+00
5.789282562781790098e-01	-5.912077891277719988e-02	1.026520457723499215e-36
7.467537948595990294e-01	-5.179641031262240125e-02	1.712281227923538650e-36
3.303264326906389936e-01	-4.432302545388040228e-03	-4.217618585813170143e-24
3.942158418489670191e-01	-4.018820397727269900e-02	-3.813241115834218885e-21
9.155968337990200157e-01	-1.727177557916979855e-02	0.000000000000000000e+00
8.214239592553189695e-01	6.023022939768950430e-03	0.000000000000000000e+00
7.429062000741990524e-01	2.091679948666400057e-02	9.352614898285009498e-20
7.755411312417980207e-01	1.545087115444229997e-01	0.000000000000000000e+00
8.317405771628360034e-01	-3.906301255372029990e-02	0.000000000000000000e+00
9.595682378935059820e-01	-2.284755657415939861e-02	0.000000000000000000e+00
3.326412161383239807e-01	-1.705171912370759962e-02	-2.565370924489919623e-16
-2.282198826298759836e-02	-2.985912518509240172e-03	0.000000000000000000e+00
6.349920808825989527e-01	2.104412134356689890e-01	-1.282506036859287846e-37
7.982683744581570151e-01	7.557797384025480292e-02	-2.844137202232740189e-20
8.704153550703620512e-01	-1.651903069363819948e-02	0.000000000000000000e+00
-8.706910786590700557e-02	-1.141563776067600067e-02	-1.845776349835360145e-21
1.824339873430410042e-01	-1.057059808001720007e-04	5.076307129232248798e-21
7.860384041914459941e-01	-5.128816213140240110e-02	2.766321249841279773e-19
2.514531742019209815e-01	-1.084942077519250071e-02	0.000000000000000000e+00
5.015015206896950017e-01	-3.084085206318239875e-02	-1.022635614769439966e-21
6.013479859926850191e-01	5.637234218582400281e-05	0.000000000000000000e+00
2.770796758675799776e-01	-1.151759616205979934e-02	0.000000000000000000e+00
6.509773905758160506e-01	3.302511916676320082e-03	0.000000000000000000e+00
6.244655288457969800e-01	4.564740539981919712e-03	0.000000000000000000e+00
6.944614413910590311e-01	3.355111379488109804e-03	0.000000000000000000e+00
1.589004601778150061e-01	-3.032006907320180036e-02	1.558769749053389920e-21
8.319603269144609792e-01	-7.140802450142189929e-03	0.000000000000000000e+00
5.268552425786320326e-01	-6.285755052802280418e-02	-1.986208488178107196e-20
7.363880601290170302e-01	1.504958605644249880e-01	-3.533793429594000332e-19
-2.015140062360359918e-02	2.837005413028850093e-02	-7.183801254912159841e-19
8.522710193907929721e-01	-4.693219844784949669e-03	0.000000000000000000e+00
8.044538671020660114e-01	7.541047314814319736e-04	0.000000000000000000e+00
2.296913529479240046e-01	-2.585100672073109909e-02	-2.902005273195320105e-16
8.671128175330929944e-01	-1.935633260990069979e-02	0.000000000000000000e+00
6.649269088958700280e-01	1.756094072088310075e-03	0.000000000000000000e+00
8.012072730538449816e-01	5.129433298556970028e-03	0.000000000000000000e+00
2.132009110617310438e-02	-1.136044997971039951e-02	1.241973409436270009e-37
8.803561081763240370e-01	2.350798857633660394e-02	0.000000000000000000e+00
7.744221236384779550e-01	2.629577988000729970e-03	0.000000000000000000e+00
9.531173199538820473e-01	-2.281096364679870148e-02	0.000000000000000000e+00
8.331491223813339841e-01	6.413428628483619845e-03	0.000000000000000000e+00
4.314273374215860102e-01	1.154649813945970022e-01	0.000000000000000000e+00
7.755368884654300077e-01	2.689395967771229801e-01	-3.671370537759121322e-17
8.740595847319490019e-01	2.854813078815560123e-02	0.000000000000000000e+00
8.570197620662090010e-01	1.110383345278490030e-02	0.000000000000000000e+00
8.537418580548979952e-01	-1.475894960769969996e-02	0.000000000000000000e+00
8.690070874234020470e-01	2.051900984513979967e-02	0.000000000000000000e+00
9.567475577861299652e-01	1.712982871067719954e-03	0.000000000000000000e+00
8.505707864162169729e-01	1.029288406919049836e-03	0.000000000000000000e+00
7.708750191047090139e-01	-8.766303067428750113e-04	0.000000000000000000e+00
8.561966357296529884e-01	-3.320352567966360080e-02	0.000000000000000000e+00
-9.922297030705029552e-02	5.385552610401569962e-02	-1.144412602567770086e-21
6.294469250770069468e-01	-3.375087487697730343e-02	4.302580736781229984e-21
3.216321923624370083e-01	-1.867865056275199928e-02	2.255134245427769869e-22
3.038606635770160214e-01	1.235607182568669998e-01	2.918970995386130071e-18
6.388194083716499660e-01	-5.408563187555130020e-02	8.920804477380080282e-21
9.612125394907909959e-01	1.326616393642740012e-02	0.000000000000000000e+00
1.078403266031860014e-01	-2.019788398139460081e-02	-8.377293510377891832e-22
7.618796293397720465e-01	2.023918760107930141e-03	0.000000000000000000e+00
7.140581330454119913e-01	1.361921125139400057e-01	-1.277394735550579791e-20
7.195248165636719540e-01	-1.213042772329810028e-03	0.000000000000000000e+00
8.519172171329449927e-01	7.194718917119120351e-03	0.000000000000000000e+00
5.399639890661499519e-01	3.813547185243999858e-03	0.000000000000000000e+00
8.788226408101860176e-01	3.410223385074479668e-02	0.000000000000000000e+00
4.404786564023789874e-01	1.256351345944120036e-04	0.000000000000000000e+00
9.207125907791959829e-01	-3.112249981902550158e-02	0.000000000000000000e+00
-1.402368000544889914e-01	-4.101725157460740269e-03	-1.307925027473060320e-21
-1.151122969927400042e-01	5.620328668272610295e-02	0.000000000000000000e+00
8.485467049892709834e-01	1.103566631090539905e-03	0.000000000000000000e+00
4.021147608343590002e-02	-1.906306455032169903e-02	-1.664836337474440029e-21
1.074596278225769946e-01	-2.775830351723039893e-02	0.000000000000000000e+00
-1.237850709920040038e-01	6.104628875427269702e-02	-4.514632497058939308e-21
5.347834186350850505e-01	6.115075152613249927e-04	0.000000000000000000e+00
8.457823960777060002e-01	2.907268653285160001e-02	0.000000000000000000e+00
2.703077726708300044e-01	-4.495114961675650278e-03	4.611575243830589393e-16
8.874906987943720349e-01	8.428448096128060216e-03	0.000000000000000000e+00
7.805164109042269649e-01	-2.887664007459370130e-02	0.000000000000000000e+00
-1.344614654727429963e-02	-1.028079251913869945e-02	0.000000000000000000e+00
3.940572850148599815e-01	-1.798264526348159961e-02	5.178843743783456951e-38
8.669216841674699525e-01	-5.101901062093250339e-02	-4.601645982399837774e-36
7.891981132555879741e-01	-4.823138010649109797e-02	3.092430452883859892e-19
6.289596646604289631e-01	-2.095213726079939946e-03	0.000000000000000000e+00
7.122209233384549920e-01	-7.101158924687750451e-02	6.572199985377139692e-20
8.839360233800119815e-01	-2.714578682733249926e-02	0.000000000000000000e+00
8.424845801161400249e-01	-2.485312540147109964e-02	0.000000000000000000e+00
4.601733935154639910e-01	-1.573899848464090090e-02	0.000000000000000000e+00
8.138092231501770080e-01	-6.817672283247130059e-03	0.000000000000000000e+00
8.579944130663720303e-01	-1.447129620491979969e-02	0.000000000000000000e+00
5.382888624191480009e-02	5.040034023632480317e-05	0.000000000000000000e+00
8.990724320142320369e-01	-3.753979618854719896e-02	0.000000000000000000e+00
5.584773082650159592e-01	1.612463545297529999e-01	0.000000000000000000e+00
9.400597157245309532e-01	-2.067841843957610171e-02	0.000000000000000000e+00
8.089013298943630303e-01	-3.853259983050179825e-03	0.000000000000000000e+00
2.747687667765639774e-01	-2.538965914956280157e-02	0.000000000000000000e+00
4.307222123805840019e-01	-3.347820164206249949e-02	-1.944346884855009970e-21
2.050128485854419980e-01	3.699377882178810084e-02	-3.782578623693852948e-34
8.217807889730529558e-01	8.940241515510510828e-03	0.000000000000000000e+00
8.697835991944969924e-01	-1.366995177544019953e-02	0.000000000000000000e+00
5.280822069950229514e-01	1.408254019854650102e-03	0.000000000000000000e+00
6.043255080200240492e-01	1.522215784057950050e-01	-6.783800984334600122e-21
8.419622338993130173e-01	9.334481537064480069e-03	0.000000000000000000e+00
3.966532297344140257e-01	5.312483187014230062e-04	0.000000000000000000e+00
5.004157302342630009e-01	-8.245875408427239678e-03	0.000000000000000000e+00
9.750306690892299732e-01	3.915160064492499009e-03	0.000000000000000000e+00
3.908731521006820198e-01	-6.448588945157510306e-03	-2.078328713659209610e-21
5.669789104868699914e-01	-1.087643607519620014e-03	0.000000000000000000e+00
9.194576726825059998e-01	-1.887748099352259956e-02	0.000000000000000000e+00
7.868740316288950210e-01	-5.196703388192969869e-02	0.000000000000000000e+00
7.167081979685510085e-01	3.485901655631769985e-02	-3.259818400334759723e-20
5.467977065867000164e-01	-3.500819584566679937e-02	2.121631769680500182e-21
8.969323564319989783e-01	1.960272050965549892e-02	0.000000000000000000e+00
2.919517001018919755e-01	-2.562090372829040064e-02	8.597058439794169675e-22
9.204146838147959642e-01	-3.158919355639790150e-02	0.000000000000000000e+00
8.374714558333600234e-01	8.797749798493979811e-03	0.000000000000000000e+00
8.600147865596959873e-01	1.060996178905170007e-02	0.000000000000000000e+00
8.526663181536709990e-01	1.257309958022950064e-02	0.000000000000000000e+00
8.798104411012089843e-01	-8.778548316110230607e-03	0.000000000000000000e+00
9.476147572575429612e-01	-1.359955379468849937e-02	0.000000000000000000e+00
3.918000115005100259e-01	-7.040121380785730246e-05	0.000000000000000000e+00
2.587991355617049738e-01	-4.549133470372449667e-02	3.407084975962532990e-21
6.913388707710109715e-01	4.427118290240080085e-03	0.000000000000000000e+00
1.790826649317240060e-01	-9.992849316153020259e-03	-5.986065589575899545e-22
9.236781902058299742e-01	3.466423497335160281e-02	0.000000000000000000e+00
2.847372280020840085e-01	-6.571905702810590388e-02	-7.193407447917029700e-21
4.830470223715689904e-01	-2.351792935376110019e-02	0.000000000000000000e+00
7.882315879410489723e-01	-3.750658574913949810e-03	0.000000000000000000e+00
9.608366714349989568e-01	-1.605835618359259878e-02	0.000000000000000000e+00
8.943961109392100095e-01	6.384983918765700650e-02	0.000000000000000000e+00
3.859286208093289927e-01	6.217250244038580176e-02	-3.446739999702678398e-16
7.077928409484199879e-01	5.133308065067150074e-03	0.000000000000000000e+00
8.519857180780280315e-01	-1.161140938866020086e-02	0.000000000000000000e+00
6.154919684705140170e-01	-4.340090707433749695e-02	4.394511340144699778e-21
-1.428333133220630047e-01	-2.057400015244399954e-03	-1.221956651668830017e-21
2.160814687183280070e-01	-5.470933276258720113e-02	-3.328087936277859881e-21
7.228251234973910311e-01	-6.449174304268200097e-02	-3.183901037000330059e-20
8.612123733593990416e-01	1.563079361012960009e-02	0.000000000000000000e+00
5.321643911541540373e-01	4.379195308337239753e-04	0.000000000000000000e+00
6.036672777232670040e-01	1.669231702690089914e-01	4.147781221337049948e-19
5.721893206080330002e-02	6.962981144446129568e-03	-3.321290187384789931e-21
9.357154117578919683e-01	3.052242953055209901e-02	0.000000000000000000e+00
-1.369667280115479946e-01	-2.760631758488959944e-03	-4.200706696656660196e-21
9.085146800129479949e-01	-2.343759911035360119e-02	0.000000000000000000e+00
8.523134976163080356e-01	-7.749314196763539692e-03	0.000000000000000000e+00
8.749518853785569483e-01	1.005490304826840015e-01	-1.343667774532469794e-40
7.801345396401070387e-01	4.950946708234679576e-03	0.000000000000000000e+00
1.180114328356000053e-01	-3.489631002010309957e-02	-5.623374813298189563e-20
3.543445616414109822e-01	3.014408037883099865e-04	4.903058570543489726e-14
6.144798475011300498e-01	-2.718106290959619977e-04	1.717742260834160082e-20
8.607843640450539568e-02	-3.461594038975770223e-04	6.482692939157611868e-21
7.971492620514659677e-01	-6.233637857016279676e-02	-5.557485642827319710e-36
5.395516373563158385e-01	2.429291809288700033e-01	6.796209666486787436e-19
8.850347860388559917e-01	-1.153150219992010034e-02	0.000000000000000000e+00
5.682180902909339526e-01	-8.263460080286040219e-03	-2.919392032764759985e-16
7.579223031681989742e-01	1.605660074986699909e-02	8.826833852212010289e-24
8.503995223639549961e-01	-8.556952693505249369e-03	0.000000000000000000e+00
8.546240784647749500e-01	1.357407992325350074e-02	0.000000000000000000e+00
3.999798863614349997e-01	2.659903743040200035e-03	0.000000000000000000e+00
6.685242401952730118e-01	-1.291778458576230094e-03	0.000000000000000000e+00
-1.024390336215240810e-01	5.447385366059734335e-02	-6.034255751667525576e-18
6.916430594723209369e-02	-4.394253028538220055e-04	-6.323401816596080301e-21
7.346998623336310485e-01	3.680231417443159746e-04	0.000000000000000000e+00
8.415671193817290119e-01	2.364714711975609944e-03	0.000000000000000000e+00
8.445679895286459793e-01	-3.203204741438740039e-02	1.308914691526880341e-22
3.121257351468761584e-02	1.294061582657710444e-02	2.574187492449769598e-17
8.674685601153979686e-01	-4.334833830180220143e-02	-1.655123549954689943e-20
8.436825550125910400e-01	6.261365417708109928e-03	0.000000000000000000e+00
2.416197996135009962e-01	-9.620337104750873141e-05	-3.921835607038898894e-30
8.627645515894879491e-01	3.951971494851490296e-02	1.873112345875099782e-24
8.725162845609050200e-01	-4.913925827915589795e-02	-4.548112232343771030e-20
-1.065242103888189990e-01	5.678785345929780043e-02	-6.199231023068910327e-22
9.302235448619320390e-01	-1.803013828377600034e-02	0.000000000000000000e+00
9.716928883879719647e-01	-8.166678277464450852e-03	0.000000000000000000e+00
8.509696430696580549e-01	1.120150156450499916e-02	0.000000000000000000e+00
2.898505525955359929e-01	-4.222277363028189949e-03	0.000000000000000000e+00
4.119857016396710064e-02	-5.889704518966269644e-04	-7.668400783971697366e-40
8.418348262878360133e-01	-5.606641933298060071e-02	-4.132795225884938594e-20
7.925078313660659513e-01	4.030587167340799934e-04	0.000000000000000000e+00
8.096515892553040050e-01	5.803927141430079845e-02	0.000000000000000000e+00
7.326845581162949594e-01	5.521127757553300278e-03	0.000000000000000000e+00
8.904091350773130076e-01	9.596624498029769634e-02	0.000000000000000000e+00
8.703450580016479643e-01	1.508480223192339986e-01	0.000000000000000000e+00
8.980995939753130264e-01	-2.902441344324619907e-02	0.000000000000000000e+00
8.505109456515199673e-01	-7.033373137142450056e-03	0.000000000000000000e+00
7.911221938883969962e-01	2.298276041577700188e-03	0.000000000000000000e+00
3.921297685935840049e-01	5.646888000601769583e-03	0.000000000000000000e+00
8.532075963200600466e-01	-5.591236228742290162e-03	0.000000000000000000e+00
9.779966306537239973e-01	6.335806093416289711e-03	0.000000000000000000e+00
3.356548770297880235e-01	-1.881092553314360136e-02	-2.257550233806890001e-22
5.394627256746880040e-01	9.858804389873800089e-02	0.000000000000000000e+00
7.083141376293270453e-01	1.947068221472759986e-01	9.967435136674710909e-22
9.299166682475420442e-01	-9.142295888699629447e-03	0.000000000000000000e+00
9.078360434110459565e-01	2.142983690882640027e-02	0.000000000000000000e+00
9.039179302060670329e-01	-1.389967857264309999e-02	0.000000000000000000e+00
9.466468470492690468e-01	-3.333233436633289970e-03	0.000000000000000000e+00
7.764650915250580487e-01	-2.405018443884739815e-03	0.000000000000000000e+00
8.648790318406129884e-01	-1.705788116972679902e-02	0.000000000000000000e+00
5.077504650134319064e-01	1.120565662806620039e-01	5.523587024069459137e-19
3.373736549768620030e-01	-1.259881794294090071e-02	0.000000000000000000e+00
4.519582567814420249e-01	-4.001069737748640109e-02	4.032714574771990353e-21
2.399713295390610013e-01	6.031033526905049853e-03	0.000000000000000000e+00
9.336287456337789559e-01	1.148126153146140048e-02	0.000000000000000000e+00
2.996003837166209827e-02	1.510078958361000048e-02	2.413519045639629879e-22
8.923331063373930450e-01	-2.190918469885410128e-02	0.000000000000000000e+00
5.844380676289649967e-01	-7.605733649076369673e-02	-3.663075248883700267e-20
9.354733621639690355e-01	2.035673330046820079e-02	0.000000000000000000e+00
8.443146113822189713e-01	-2.749720573677750038e-03	0.000000000000000000e+00
6.065202685512469660e-01	5.433557314711499886e-02	1.408387802691100061e-19
3.599907967942829745e-01	-9.184231846373609818e-04	2.687466424319620161e-21
7.458215778904628834e-01	2.136810963897650129e-01	-3.532138592022249933e-19
8.158879662652680498e-01	-4.278652424579700020e-02	0.000000000000000000e+00
6.959112036365100451e-01	-1.314043932427030100e-03	0.000000000000000000e+00
7.578872893005650369e-01	-2.629541966302010106e-02	-1.920370886019820031e-21
7.540547304540410334e-01	-4.345849481508840331e-03	8.802449468884700742e-15
7.944857427791709448e-01	-5.047187538625989844e-02	-2.683615598797138966e-19
6.532625465438629542e-01	6.250838033236330018e-04	0.000000000000000000e+00
3.842681479573380465e-01	3.750176298009301468e-02	-1.482111458537540058e-22
7.903405082621079991e-01	4.390748840382219936e-02	0.000000000000000000e+00
3.359327412013969894e-01	9.755374071931710578e-02	-1.595718146651059959e-18
9.092228656332870251e-01	2.616805812450029994e-02	0.000000000000000000e+00
7.749712058244020429e-01	8.091520883720400292e-02	0.000000000000000000e+00
8.848184401657489540e-01	-4.718548419897110324e-02	0.000000000000000000e+00
4.286454567150739803e-01	4.420247619363410147e-04	0.000000000000000000e+00
8.591628412505389889e-01	4.467438939228509862e-03	0.000000000000000000e+00
9.425275108912729571e-01	3.943398323973579950e-02	0.000000000000000000e+00
2.258128233598589996e-01	-1.826876278616159938e-03	-1.008546027203060047e-21
8.540095868541549562e-01	-1.510773817235770179e-02	-2.000654304154587614e-35
9.333489355848899605e-01	4.038219759336040236e-03	0.000000000000000000e+00
3.454931400952530041e-01	1.228648436448200000e-03	-3.334454076091679869e-21
8.564087720761329736e-01	8.779250004513999839e-02	0.000000000000000000e+00
8.220157903548329648e-01	-3.067029227420550036e-03	0.000000000000000000e+00
8.332003294096610446e-01	4.873317711699039385e-03	0.000000000000000000e+00
8.220276367739469681e-01	1.786254156533390036e-01	8.866273595149770165e-20
7.994683781181900484e-01	-6.139428057883799909e-03	0.000000000000000000e+00
-1.099607441398030017e-01	5.751080532081079971e-02	1.427114584906441151e-39
8.043659704685459655e-01	1.206316600976989990e-03	0.000000000000000000e+00
9.334182748296569743e-02	-1.988871366555809977e-04	1.850578100420970134e-18
-9.961983849226460630e-02	5.360595272538400125e-02	-8.344459814072749295e-18
-1.689162705860989752e-02	-1.613218990362889904e-02	2.617100771534189711e-21
8.633205676831560149e-01	-8.530919721745510234e-03	0.000000000000000000e+00
8.237504503593100491e-01	-5.289159309008319848e-02	2.338380132805059915e-20
4.927792929301340052e-01	-5.373565204885510233e-02	8.029752160459680075e-23
8.956376814057850355e-01	-1.980757792174199852e-02	0.000000000000000000e+00
8.004057680131080321e-01	-5.314715273567390333e-03	0.000000000000000000e+00
7.526604716885390012e-01	-5.646844672654850045e-02	0.000000000000000000e+00
2.427110242532970127e-02	-7.092904057848349944e-03	-3.090761546702437733e-37
5.410147286125469718e-02	5.014365574063350253e-05	0.000000000000000000e+00
2.828749134239429974e-01	-2.626772308151580082e-04	0.000000000000000000e+00
4.199383661038130211e-01	-1.360855010624079911e-04	0.000000000000000000e+00
8.611975319006129892e-01	1.665690275676099882e-02	0.000000000000000000e+00
5.623547786227990342e-01	9.744994061781600547e-02	0.000000000000000000e+00
9.487031583343340513e-01	-1.096137034620629953e-02	0.000000000000000000e+00
8.661450833002729555e-01	5.872401809700140279e-02	1.690330279672780051e-21
-1.192626052420679983e-01	6.054294001415610332e-02	-4.689633123498770231e-18
5.675107546301999539e-01	-7.391027522323889536e-04	0.000000000000000000e+00
3.632322915498449878e-01	-1.893699519375520099e-02	1.148982383321680117e-22
9.219458158731209663e-01	-3.696888479002709976e-02	0.000000000000000000e+00
9.484785063080469758e-01	-2.426597730561159960e-02	0.000000000000000000e+00
2.915477449539840005e-01	7.197056434347189578e-03	0.000000000000000000e+00
-1.593939263152019947e-01	3.501250875728680045e-02	0.000000000000000000e+00
5.622804817017310053e-02	-3.434110140723090066e-02	0.000000000000000000e+00
8.609028354290320095e-01	-9.408532623512520093e-03	0.000000000000000000e+00
9.786876259111579879e-01	8.051986291381029674e-04	0.000000000000000000e+00
9.007718895430969486e-01	-4.395321672732320148e-03	-5.255613192933549961e-22
8.286144211257659986e-01	-1.807456572092340161e-02	0.000000000000000000e+00
9.198512705072620088e-01	6.401941490153320591e-02	4.920534318428169661e-21
7.278795619576460263e-01	-7.103278435436649607e-02	7.462004738853503862e-22
1.600232972938639975e-01	3.566832007463500038e-05	-1.480755277903869938e-13
9.168274420811619585e-01	7.117172437381159844e-02	1.500133528053709952e-21
7.685162464237089708e-01	-5.278781853509190158e-02	2.887244617851659881e-19
3.192913034990890186e-01	-2.704131155057869912e-02	0.000000000000000000e+00
6.710553954872470195e-01	-1.131238588706559995e-04	0.000000000000000000e+00
4.142190773342049881e-01	-4.820148246801250064e-02	-9.361728524189715613e-21
5.355581792248229611e-01	1.084186260211909966e-03	0.000000000000000000e+00
7.018871828335819796e-01	-1.472475707537329939e-02	0.000000000000000000e+00
5.107003844750299670e-01	-2.622020344301890030e-03	0.000000000000000000e+00
4.405995220400349965e-01	-2.380158227961209905e-02	1.079981460240476789e-37
7.503795468328801066e-01	6.771040819057490105e-03	0.000000000000000000e+00
9.654770957997490521e-01	-1.792080768940099850e-02	0.000000000000000000e+00
8.235131559636309495e-01	1.639461031687000081e-01	1.046629298859090047e-22
2.156641359679619951e-01	-5.919504806739730313e-02	6.787214105506829862e-21
-1.044756565083090061e-01	1.655509833449199733e-02	1.487380044026745611e-21
9.071434238890320190e-01	-1.182056728251620024e-02	0.000000000000000000e+00
7.966210866691809667e-01	3.267754749474019449e-02	0.000000000000000000e+00
3.901130842994190301e-02	-2.848174791891239926e-02	1.383014745232420059e-21
5.526711437831409723e-01	2.647691117217240153e-01	7.560444492465059940e-19
6.452283426099270081e-01	1.432213618859249915e-01	4.337602249835469726e-19
7.872721814964079856e-01	8.902179597248410098e-03	0.000000000000000000e+00
7.412820464871620052e-01	-4.267659585951109717e-03	-9.209801518191680351e-15
6.200702811898719524e-01	5.452534675129400155e-02	-1.411913949499199774e-19
7.758690318106920003e-01	8.072317119666069449e-03	0.000000000000000000e+00
3.368719942275379964e-01	-6.975857308102010289e-03	-1.113326626677909766e-21
8.892424931688129863e-01	4.347664109696210144e-02	0.000000000000000000e+00
8.191484539514529706e-01	-1.425520671023999993e-02	0.000000000000000000e+00
6.234283990426310318e-01	-1.696779637006599895e-02	8.464637101575559263e-21
1.252369267314220047e-01	-1.151272272187420015e-04	0.000000000000000000e+00
7.561806057590729491e-02	-2.868247179556429952e-02	5.282203089283399385e-20
8.500471159157849677e-01	1.296655422504149925e-02	0.000000000000000000e+00
5.248206766178119542e-01	-4.102877200469019769e-02	-4.245376576977789682e-21
1.873728662669960077e-01	-6.202544949161789903e-03	0.000000000000000000e+00
8.332700059478600485e-01	9.665175267475770507e-03	0.000000000000000000e+00
8.532614833925340481e-01	-3.847008437804539868e-03	0.000000000000000000e+00
6.940483585445850201e-01	2.028979627430700095e-01	1.622318917225639971e-21
-1.040865512355829969e-01	5.794710416548479875e-02	3.252621999932749972e-18
9.506468506180399958e-01	-1.477204138230960029e-02	0.000000000000000000e+00
9.091739193686769749e-01	-7.885920140253150495e-03	0.000000000000000000e+00
3.214040069033080038e-01	5.495074287029680371e-03	-4.787665349928871073e-37
8.815058851275560103e-01	-1.561349576853129917e-02	0.000000000000000000e+00
9.742414593245859455e-01	-5.005631794963169914e-03	0.000000000000000000e+00
7.764324693445709968e-01	-4.617057494770929887e-03	0.000000000000000000e+00
3.691113064182000025e-01	-3.610674865587319704e-02	3.706526173744019567e-21
5.540462571924680280e-01	-8.923364055174369883e-04	0.000000000000000000e+00
4.936750903181679750e-01	9.646886576930750268e-04	0.000000000000000000e+00
8.456254368205290417e-01	7.649227671786980320e-02	0.000000000000000000e+00
8.923958538986369593e-01	-1.573066575705269962e-02	0.000000000000000000e+00
9.735767957864750466e-01	1.174736703317460053e-03	0.000000000000000000e+00
9.201315235474609722e-01	2.140512795483019964e-03	0.000000000000000000e+00
3.497625653367579801e-01	2.958092455469980148e-03	3.240305922269969907e-21
9.495316340757470330e-01	3.488446655535080293e-02	0.000000000000000000e+00
8.483720010939650447e-01	-3.759818518574210150e-02	-1.898808204627800079e-19
8.260846793841889468e-01	6.329886493282629867e-02	0.000000000000000000e+00
3.148729607112190076e-01	9.512706843901050369e-02	-4.967598434485779624e-16
9.275890100964270246e-01	2.515756842451380079e-02	0.000000000000000000e+00
3.381185043435119830e-01	-5.654175605818330397e-03	0.000000000000000000e+00
8.133431643421590307e-01	5.160916102544939538e-04	0.000000000000000000e+00
2.215175397208309915e-01	-2.948483780652899969e-02	-2.275161585421590131e-16
8.712383249445849742e-01	-1.033788453269589985e-02	0.000000000000000000e+00
8.738349519866199788e-01	1.126445251973370032e-01	1.789418975481950064e-21
1.122825107099360009e-01	-3.104179445357760012e-02	-2.966693207785170001e-21
8.481451283036459676e-01	-5.066487955758679912e-02	0.000000000000000000e+00
3.592906007868549856e-01	-2.947368432876670136e-02	0.000000000000000000e+00
8.545957452529060472e-01	-1.969919966287949839e-02	0.000000000000000000e+00
7.904883703312119980e-01	-4.018868752196569881e-03	0.000000000000000000e+00
-9.390655724230279403e-03	-5.131506570520859810e-03	0.000000000000000000e+00
8.665214654529189708e-01	-1.784022807213059975e-02	0.000000000000000000e+00
6.661538042371619728e-01	-4.232602979664720072e-02	0.000000000000000000e+00
4.409033581944569735e-01	1.456108552036469994e-01	0.000000000000000000e+00
1.393537300778310006e-01	-2.033714034320719885e-02	-8.436874746203749902e-22
8.796768391778380103e-01	4.761870896903890212e-03	-2.144980802812289942e-20
8.647774016990900092e-01	1.764035348554090013e-02	0.000000000000000000e+00
9.571993318351840196e-01	7.745978557076100245e-03	0.000000000000000000e+00
6.909677745072989596e-01	-2.953343234443260145e-03	0.000000000000000000e+00
3.603655210228949857e-01	7.952371003931429580e-03	2.127217358747649927e-23
5.763230692673459998e-01	-4.828476913362100202e-04	0.000000000000000000e+00
5.940618266868730180e-01	6.122720496351870267e-02	-2.012231803211628589e-22
1.768910927881710005e-01	-2.924128076516589736e-03	8.555257154042253198e-22
8.943703489142289520e-01	-1.539003416510299933e-02	0.000000000000000000e+00
9.318142586552350393e-01	3.749319236866720251e-02	0.000000000000000000e+00
7.550481652206150196e-01	1.323719413645280032e-03	0.000000000000000000e+00
7.678420518369859504e-01	5.086976277716530326e-03	0.000000000000000000e+00
4.132801941833579851e-01	-7.471606903898909968e-02	-2.918008119250289968e-16
8.582342063461040338e-01	2.283565683675069929e-02	0.000000000000000000e+00
8.544907775431690444e-01	-6.838405441210500084e-03	0.000000000000000000e+00
8.932741592481869830e-01	-4.542678048902740184e-02	0.000000000000000000e+00
5.409678386426359786e-01	1.991205855270349878e-01	0.000000000000000000e+00
9.498678162896689869e-01	-5.977266578651690108e-03	0.000000000000000000e+00
8.481879470753770356e-01	3.300922949563689802e-03	0.000000000000000000e+00
2.573415187472730126e-01	-2.509394644916789971e-02	8.480822642446430112e-22
6.777821192090790481e-01	-2.400800026590069799e-03	0.000000000000000000e+00
7.900883012634269953e-01	8.795234397982130622e-03	0.000000000000000000e+00
9.305803616763990149e-01	-2.625894399804550028e-02	0.000000000000000000e+00
6.688589241615560121e-01	-2.357805237914640389e-02	-4.201010597412931481e-21
-1.404461224678859969e-02	-8.801483425303779527e-04	0.000000000000000000e+00
8.982586030430720347e-01	4.589596936447949693e-02	0.000000000000000000e+00
2.217026613198269935e-01	-2.430175911132900074e-02	-8.361401534187549756e-22
1.720744815696410024e-01	-1.565921805355689972e-03	-4.171585855754659152e-22
6.670009207072040425e-02	-4.085239314931650260e-03	1.743432306037619460e-21
9.653664897908189602e-01	1.749156855861380006e-02	0.000000000000000000e+00
8.328660290715570458e-01	-3.763133411445460097e-02	2.992215248200620238e-19
7.140311346886210053e-01	-7.342422782506280443e-02	0.000000000000000000e+00
6.339169378180480319e-01	4.849950393541890142e-02	-3.465493241624459878e-20
8.573065932072060358e-01	-5.282964634601070020e-02	0.000000000000000000e+00
7.702721447106359864e-01	2.212849684647099913e-01	-2.517793767316949857e-19
8.413066626182249541e-01	-8.277903117422090798e-03	0.000000000000000000e+00
8.644954032512720543e-01	-1.032881445672039974e-02	0.000000000000000000e+00
8.455635047801579596e-01	-4.440428499679810286e-03	0.000000000000000000e+00
8.883445012122970219e-01	-1.298427684892709995e-02	0.000000000000000000e+00
4.724433711101529987e-01	-1.522885633022830025e-02	-3.980807999835440280e-21
3.113236887029049993e-01	6.562858365580880211e-03	-4.422239712010930224e-23
7.975817627426079470e-03	1.764314382947669915e-02	-8.480945211842599964e-19
8.558551326760439615e-01	7.391717603059579610e-03	-1.477120932838610032e-23
8.355110098365630122e-01	-4.553489769993870201e-02	0.000000000000000000e+00
4.639891056225129984e-01	2.648870775378859969e-04	-3.723272054006930102e-23
9.672200208462690130e-01	-1.749468425866140125e-02	0.000000000000000000e+00
9.390991525611910307e-01	-1.821753134426129864e-02	0.000000000000000000e+00
3.778955438173750014e-01	-4.377106522358609783e-04	-3.417500922736669718e-14
8.469089818725670238e-01	1.670698921854260055e-01	4.637030248352490165e-20
-1.160473766732779966e-01	9.065974030710259937e-03	2.007944049300720095e-19
7.320067868827849766e-01	1.759335437233749966e-02	3.165437896895060166e-20
7.360665580623429460e-02	-5.035544715118379748e-03	1.331362312800810058e-21
5.810344254842619849e-01	6.208123235728500375e-04	0.000000000000000000e+00
8.734866544121749898e-01	2.064184163826579890e-02	0.000000000000000000e+00
4.600451079126359755e-01	-9.602841668139589643e-03	4.024939835709869950e-21
8.697321688924469774e-01	-1.403259663376980014e-02	0.000000000000000000e+00
6.250997764692030056e-01	-1.754070312886799954e-03	0.000000000000000000e+00
9.240601026325639955e-01	-2.272959532167890054e-02	0.000000000000000000e+00
5.088066283005919788e-01	-1.308522265105270012e-02	4.106482927044060164e-21
9.183759893132600327e-01	-1.735703296334590098e-02	0.000000000000000000e+00
7.622174086932600456e-01	-3.044760607994539958e-02	0.000000000000000000e+00
8.705297670674679855e-01	1.523255385126290051e-01	0.000000000000000000e+00
4.181751872704539963e-01	-3.251478810458979796e-03	4.213668157611630035e-21
4.315526231154300230e-01	-4.609285694991019887e-03	4.126407934424279797e-21
4.166832699861239830e-01	6.428942690774640256e-02	-1.189628094724679940e-18
3.923206379042780134e-01	-7.333895564226039498e-02	2.870328292943369858e-16
8.556883518710960423e-01	-4.254256094272879964e-03	0.000000000000000000e+00
1.769027065804520127e-01	1.126184466381989984e-04	-7.706993968026478416e-14
4.793963013703140263e-01	8.872420251450760520e-02	-5.695286525849909026e-19
4.131894096570919994e-01	-1.307168108231689975e-02	3.863709057375540328e-21
9.142788553360530202e-01	-9.587323909644630479e-03	0.000000000000000000e+00
2.821914129550159855e-01	1.002133063386750190e-04	1.235612655719190306e-13
-5.590318156463799926e-02	-1.888339632799360124e-02	-1.613555153879486523e-34
9.232759296497250467e-01	-3.730446277866179827e-02	0.000000000000000000e+00
3.290089241167110101e-01	1.121050486221730064e-01	-4.427255027498899034e-16
1.006029823437690068e-01	-1.865891613267939980e-02	9.931335979973755243e-38
-8.699498488853570077e-02	4.795288808634769889e-02	0.000000000000000000e+00
5.243686355681710376e-01	-9.610909206135859629e-04	0.000000000000000000e+00
9.552172086810950535e-01	-2.299692397211650086e-02	1.698783230993570089e-15
8.500782076979269686e-01	-1.557928278614209919e-03	0.000000000000000000e+00
7.727279501821200380e-01	-5.175638165391960310e-02	-3.201947553729469850e-19
8.849207046737049831e-01	-1.175920146967160016e-03	-4.693247719053639766e-15
9.270048246214539489e-01	-2.747986653799969897e-02	0.000000000000000000e+00
7.041351173990719747e-01	-8.467438297515470468e-04	0.000000000000000000e+00
8.698485854593509536e-01	-1.719718932076329948e-02	2.713404670118089934e-15
8.500082213209350090e-01	3.608846400697670112e-03	0.000000000000000000e+00
2.730590363934140008e-01	1.781978866276289972e-02	2.469305714003479764e-19
3.092944312014999850e-02	-2.445595157532209885e-04	1.634394810714870003e-20
6.610712478329420216e-01	-1.208556576077579950e-02	0.000000000000000000e+00
9.376170210901719759e-01	-5.526595356208969904e-03	0.000000000000000000e+00
8.945440546195360110e-01	2.156821942765710029e-02	0.000000000000000000e+00
9.373887879062750006e-01	-5.829167248147809491e-04	0.000000000000000000e+00
4.147511943404970092e-01	-2.761351684924930050e-02	0.000000000000000000e+00
9.127687007997860036e-01	-2.976203234966150017e-03	0.000000000000000000e+00
2.290601197241380060e-01	-6.473070781208590044e-03	-1.822943352043140050e-22
7.987910496608500166e-01	2.724244683748040189e-03	0.000000000000000000e+00
8.695482739670269412e-01	-3.694845824684449276e-02	-1.092477109808019967e-19
1.862427971431259988e-01	-1.329607473110340026e-05	1.501603213309257336e-39
8.815166453160180327e-01	5.860111831664000133e-03	0.000000000000000000e+00
