4.902505232859123652e+00	3.797546445552828307e-03	-2.062807197505781009e-02
3.224668022731262518e+00	-8.337949328698265883e-02	1.170444877005166490e-03
4.752676894559024845e+01	-3.734284229454671884e-03	-6.739872694307309509e-01
8.104121649336651956e+01	-2.043982818831540094e-01	-1.546699191246734495e+00
5.690642698016826273e+01	1.300687581447826889e-02	-2.145167123804233800e+00
7.354927014338429991e+00	5.014946595283432951e-03	-1.328324318771582635e-01
8.548017739554486738e+00	-3.555618092517847523e-02	1.249126632774271058e-02
8.463643135522776362e+00	1.157764527945144128e-03	-3.834358835789501985e-01
1.045916730167348163e+01	1.012089478058305052e-03	-1.853165956835415851e-01
5.843402006476557631e+01	-1.119628948112086242e+00	7.622800371026359698e-03
8.104258037667224812e+01	-1.882376197951006469e-01	-1.197404124824389626e+00
8.766864996159084455e+01	9.359945710355916937e-01	4.559284874621197803e-01
4.188125438949659696e+01	2.241155885940657871e-02	-1.561274918669860678e+00
5.278079977388631505e+01	-2.959195651244796513e-02	-1.049420985092440084e+00
1.236383053371681484e+01	1.978629351747249535e-02	-6.973279310091745620e-02
8.895723792663538632e+01	2.807977372380193737e-02	1.405997598045946595e-01
7.236404438349294921e+00	2.036975332553891439e-03	-2.435457816060488945e-01
5.488151520343188849e+01	3.374831995524813638e-03	-2.121780146083216856e+00
5.629472596230574766e+01	-9.934044493155620437e-01	-1.645822690025437463e-01
2.726961879941675804e+01	-9.569437964843967581e-01	2.422503504699533581e-04
7.491439784482395225e+01	-4.112746220404453479e-01	-8.413146411958323176e-03
6.992590172745809696e+01	2.779192156337082498e-01	-1.208770876726743326e+00
3.935499896432591793e+00	2.760435772932104924e-03	-2.193851931262275415e-02
8.115584268875120699e+01	4.167912138063297606e-02	-1.856395111821192767e+00
7.631361679246920993e+00	-7.041850579381224960e-03	-1.832967248557621550e-03
1.067874704293527710e+00	-9.446595218490672508e-04	4.869204211267660724e-03
1.711017324870067213e+01	-5.148480075505288411e-01	-5.259509686451331427e-04
3.979106604122939217e+01	-5.972234428371384768e-02	3.772371256905659997e-01
1.678678909329650537e+01	4.949200102773435028e-02	-1.106999199724142402e-01
5.204807423173956948e+01	-1.412851281223789668e+00	-2.833349424085557233e-02
8.172699061341512916e+00	2.604271338037843393e-03	-4.274514846298958087e-03
1.409277040852335006e+01	2.766695130843473821e-02	-1.294976664381834036e-02
4.708797231645047532e+01	-5.595415430494702670e-03	-1.885166281874457894e+00
4.335159958118541113e+01	1.019349598537595478e-02	-1.753353429361014237e+00
3.249393291658404515e+00	6.439264793707653737e-04	7.751358292822978224e-02
1.600527259004272906e+01	-6.134925444495825664e-01	2.481717423403835034e-03
7.177799746829099092e+01	1.007158367420954104e+00	6.432598828496620680e-01
8.993692680710768173e+01	1.054280326197219786e+00	6.028212576850573434e-01
9.378876585634029084e+01	7.724042373668482675e-01	6.870529348345592036e-01
1.397459200577769955e+00	2.159894927409289865e-04	9.128382375880509866e-03
3.175607115189390584e+01	7.457819726571338070e-02	-6.899350893312017341e-01
9.057466105011171109e+00	-4.356825329463895891e-01	-8.594627685099259090e-05
3.062644564683741777e+01	-1.122558174697870642e-02	-1.008485546192438687e+00
4.425874059198242350e+01	-9.128456437516857536e-02	3.828774412358719736e-01
6.715523385913468246e+01	-8.368698405439432830e-02	-1.579872887908817081e+00
4.834619007591184214e+01	3.642610096918981744e-01	5.559142525996301210e-01
2.795814185514773342e+00	4.398772305010807096e-04	-9.088051587617726468e-02
7.717191014834799745e+00	2.232627465359960251e-03	-3.011943024887291376e-01
1.004246311978371686e+01	2.482581156225727864e-03	-4.331280395579832909e-01
1.114579699998685669e+01	4.150369048307298372e-03	-3.902570921320593356e-01
3.374377670852052091e+01	-1.506868012014174196e-01	3.061818442885301805e-01
1.976839825790894523e+01	3.931361691221190585e-02	-3.488615577123139744e-01
7.050502016923816484e+01	4.778667160528173724e-02	-4.047028280160326341e-01
4.580522043633643392e+01	-1.139999590804794183e+00	4.926333059642433454e-02
1.286552433266799156e+01	1.232483876882921889e-03	-2.912180097121286337e-01
1.278674989828125774e+01	1.106515938605982189e-03	-5.693874065265410733e-01
6.590682119033324682e+01	-3.961160896319132485e-02	-2.183409420082651931e+00
8.259783429690486400e+00	3.149336886337565818e-03	-2.228123434735571617e-01
4.637098210656645847e+00	5.039161459408028447e-03	2.136472198767017106e-03
7.350582844521547088e+00	-7.024950463194921946e-02	1.049919079451042472e-02
3.218058771101237880e+01	2.204223688079211263e-02	-1.003247629387614470e+00
4.785446427668151159e+01	3.261463941231204089e-01	5.422949447338993867e-01
7.952410360181599458e+01	1.057035032890634829e+00	6.434082435465169336e-01
7.868773438456426561e+01	8.239362272300685408e-01	5.134516407050888631e-01
5.328111402659932594e+01	5.328716304944618454e-01	1.968387856825698778e-01
9.145542754266750762e+01	1.087069595567346614e+00	7.696789540163592180e-01
2.364838774428390078e+00	2.978899863682840004e-04	-7.890192908340250277e-02
2.938217115934297352e-01	1.018541756725961032e-05	-3.250639203398728082e-05
9.142769565332783088e+01	7.875291170329226098e-01	4.228555325390571662e-01
5.926896518226683952e+01	-4.597707792308029090e-02	-1.641621131310418980e+00
6.130250170629567918e+01	6.798773144988199402e-01	6.621442791811626982e-01
6.336643004700148651e+01	1.445042494674634304e-01	-1.583338070370311934e+00
1.236815273051784292e+00	-1.250442392289569365e-03	3.704884593364731350e-03
6.998744411655948738e+01	6.008949680833902685e-01	5.211363331678735555e-01
7.629718817188734192e+01	-1.333555935255093250e-01	-1.827752064032257540e+00
5.436973447797929282e+01	-1.157394922057076059e+00	3.088013168277028292e-02
3.302322345495770151e+01	7.570639812522872436e-03	-9.613843268419003385e-02
4.934962128047342844e+01	-2.449755199642171533e-02	-1.250897321333511281e+00
8.228094256970518927e+01	5.179843541533185602e-01	-6.332240879512429643e-01
6.454260833849554047e+01	-5.349023089621585125e-01	1.294286775643724297e-01
6.520402561207265535e+01	-7.420441348526762848e-02	-1.489526264987794502e+00
2.531703339864908742e+01	1.452244436333901059e-02	-7.549096408801925229e-01
2.119458046196861645e+01	-2.234828101275817824e-01	1.264339921075032236e-01
8.510212155617051621e+01	4.160759123252681380e-01	-7.795729470733064881e-01
1.511408350907319953e+00	-2.382679864356060211e-03	3.366487404123199895e-04
3.875742430956717754e+01	1.681495305561139103e-02	-1.465499572236053538e+00
7.961905262458925847e+01	6.486699139782813317e-01	4.026428417397796000e-01
3.322222019126840342e-01	-5.872884550927403533e-05	1.645636499026246937e-04
7.827841469595942669e+01	-1.156053227234726533e-01	-1.969481057929659107e+00
6.364743681188357272e+01	5.373094203735850893e-01	-1.123008501657194319e-01
4.068812209553212966e+01	2.410812574005987141e-01	4.759683854203458631e-01
4.932733574861115500e+01	-2.616218521638111194e-02	-1.192757500710474927e+00
3.424284538915138398e+01	1.801659951364676174e-02	-1.203612323289378061e+00
7.742108002477380069e+01	-3.520139890019575724e-01	-6.625861197139232273e-02
1.270689607266741916e+01	-1.229533337575494656e-01	3.409781277737398975e-02
5.495594592315928395e+01	1.500135793754027447e-01	4.646751458287907144e-01
4.318800311507929024e+01	2.902353981056411403e-01	-2.861450084427448748e-01
5.295167064677892910e+01	-1.112354147165355300e+00	4.788030948341077953e-02
5.368998578320010751e+01	6.725680426209397211e-01	5.539746611656473085e-01
2.889881272757760744e+00	-4.068139884639190157e-03	1.992081723889414704e-03
1.600610326059617705e+01	1.065524722277456406e-02	-4.152803434718158049e-01
3.859724869873777831e+00	-3.173051564883706301e-03	-3.354976010107070094e-03
7.979732861669086574e+00	3.579400845160747753e-03	-1.941365059157064699e-01
4.744516321328784159e+01	-5.431232511193502255e-01	2.293332173410134733e-01
8.026287236367130618e+01	-2.718009117344594161e-01	-4.819584218100649298e-01
2.779405615739220181e+00	3.626726778243320086e-04	-1.232005361795739939e-01
7.690795438351109681e+01	8.775429479450436165e-01	2.334936537800402223e-01
9.035041035104969254e+00	-6.805260420778957986e-02	1.652399624628355171e-02
7.042302119785652792e+01	-1.418736280330386568e-01	-9.796842977758518645e-02
7.224061682347925739e+01	4.294487451519841958e-02	-4.112158988754137101e-01
2.462171777907530057e+00	-5.022957994569349910e-02	-4.592022908688339817e-04
1.381851093209420611e+01	-3.351789700350346624e-01	1.734829784113334217e-02
1.019877986794970104e+00	9.095959804377879224e-03	-1.897244005387799877e-04
8.506629792207922591e+00	1.446278173115784355e-03	-2.309486728393937427e-01
8.089098832871600564e+01	9.323071491715745340e-01	2.731638907902219082e-01
3.867123805664107294e+00	-1.488783050873768166e-01	5.984813232573387484e-04
6.396692763354198519e+01	-3.176207214150948699e-02	-2.191697137126104700e+00
6.013464239321383786e+01	7.413375920250380169e-01	5.073956122826254189e-01
6.562165214800955937e+01	8.808045761300763443e-01	6.196518515999276389e-01
1.010680118076287215e+01	1.364690882492301978e-02	-4.419547141576671279e-02
2.897354411582053402e+01	-7.791200325582259278e-01	5.283034528366375299e-02
7.711256266689869676e+01	1.110181544265388176e+00	6.963525277225790511e-01
3.407793932868096221e+01	-9.703970887317841729e-03	-5.818607670913280572e-01
9.068147736910152901e+01	1.131060097812151000e+00	7.565804523018295757e-01
1.311726695683894484e+01	1.044863985464262665e-02	-2.959793241423643861e-01
1.787307771471895990e+01	4.129989789828711344e-02	-2.463299078634387795e-01
8.241462969377211323e+01	3.107917697256398215e-01	-1.155688513245034299e+00
8.464531440183566957e+00	1.041544575805675643e-03	-3.752760593185093252e-01
6.152003264182206976e+01	-4.660519923197938702e-02	-1.855664287046960848e+00
5.163014268139835217e+00	1.455999774687412665e-03	-1.375401800528812668e-01
4.665556878531891982e+01	-1.128049401088038639e+00	5.326202750279934034e-02
6.449891723575433389e+01	1.842739324946884305e-01	-1.411841650335831977e+00
4.509018761880411397e+00	1.066114125744461669e-03	-1.831950361819731365e-01
4.418613237563336327e+01	-1.060249806438106485e-02	-1.711036173945575722e+00
4.990064322897415394e+01	5.958413395130159884e-01	6.184351050019052387e-01
6.899993543393949835e+01	-9.862648209474454697e-02	-1.443566943623231902e+00
1.013987237567134336e+01	-1.663710573868329157e-01	1.630097881882247232e-02
5.686839999177906613e+00	-7.429649072040497675e-03	-1.478099860964715616e-04
4.550237732867042695e+00	1.053329387508714337e-03	-1.888368737397448371e-01
9.515911870660756833e+00	5.655865342438946494e-03	-1.969720584837258981e-02
6.616990366076765895e+01	1.439683616707666536e-01	-1.691967378767906816e+00
5.267707580430036174e+00	-2.665792964873548582e-02	5.594452467417950457e-03
5.711620393339143220e+01	-3.415665003769403213e-02	-1.782048786849428135e+00
4.848399739207860826e+00	5.639343560371091763e-04	-1.919760091358890253e-01
1.871409258589297053e+01	-3.302014527594451798e-01	6.248501792805768312e-02
4.536811789081326651e+01	4.699324203057081428e-02	-1.461471316012441068e+00
5.006963263688250265e+01	6.212300160967342277e-01	5.543335480890305700e-01
3.858869805362203920e+01	-7.405609089237086273e-01	1.489664141560604893e-01
3.778384018139331602e+01	-9.487153720611469707e-03	-1.539060902562574551e+00
1.031553970710751678e+01	-2.525172604649256747e-01	-1.687534392447274847e-03
5.852016280874386922e+01	-9.569534484217924186e-01	6.212958315430174017e-02
3.727207534248845633e+01	-1.538979444430975570e-02	-1.041415795253189502e+00
1.859925085466130001e+00	4.062420783371139947e-04	-2.161662401515110007e-02
3.873588528957249366e+01	-1.150933311323147468e+00	1.143442657050111632e-05
5.892376879784561794e+01	2.573025416006676294e-02	-2.141999801052744345e+00
2.831340122767442224e+01	3.849826920319415063e-02	-6.996951408723672827e-01
3.212531613163803001e+01	1.670056924148252131e-01	-3.980973727575937149e-01
8.162812825046195542e+01	4.893537535541298555e-01	2.884484291909658604e-01
7.078107868360267219e+01	-1.080541430755605908e-01	-1.516539303310112663e+00
6.374728278107171064e+01	2.371895407771569264e-01	4.366421018502281148e-01
4.286047238579403995e+01	-1.297880727506017129e+00	-4.202183839596379360e-03
1.505897148050525836e+01	2.619382286102398338e-05	-4.790671852468316727e-01
9.375652327165546751e+01	8.790124007640933712e-01	8.036392988146688898e-01
7.085156961946397303e+01	-3.544285907067833419e-01	8.855573255969945157e-02
8.424833426306989281e+01	-2.449717524472433405e-01	-1.435880374661095527e+00
1.476466457658177234e+01	3.423004008395211933e-03	-6.477950761507536015e-01
6.657150607708981482e+00	-7.032972949086339215e-03	-4.771992198615150442e-04
9.116991729433814839e+01	4.551873398134734239e-01	-2.042125099214599504e-01
5.329591668726365583e+00	-5.593209653303874568e-03	-3.645613073566460020e-03
2.049043383819397945e+01	2.036408142970170393e-03	-9.070911126127009227e-01
1.273207354951881598e+01	6.994717724416195772e-04	-5.002904039296290906e-01
6.751666364598558623e+00	1.936418369188629834e-03	-1.895183573516134035e-01
3.901401735466326670e+01	2.866242588804812641e-01	-2.083060456245453551e-01
1.473416272771409119e+01	1.406090638196427420e-02	3.977033028611182131e-02
5.191922770254608821e+01	-2.945734002502973375e-02	-1.298015916056288743e+00
4.857976912109666046e+01	-8.209613710828100874e-01	-1.132113894215907579e-01
5.869493847875823889e+01	-1.033224665089395256e+00	-1.581941659234423897e-02
7.890974991549626338e+01	6.159603565068318964e-01	-3.972050816231098014e-01
7.968895788856599438e+01	1.576557007831687895e-01	2.825802042214952681e-01
2.202624903361070086e-01	5.704020841251219938e-05	-2.993050461750230081e-05
4.600991268022940339e+00	-1.898128423305182584e-03	3.395602245297799603e-03
3.190358393372041235e+01	2.288039302732599589e-01	-1.815037676630977259e-01
6.490830810338232837e+00	7.338147779312914924e-04	-1.499236091188487219e-01
6.721730370168580748e+01	-7.614642869464699482e-02	-1.264874796905835375e+00
8.459716821850093993e+01	-3.225719404956188530e-02	-1.716546109071395154e+00
3.649597098625396718e+00	1.231046613957031965e-02	-2.472949286791514909e-04
2.843260267506049765e-01	-2.632892301155489908e-05	1.580971509198520017e-04
8.821826113765146715e+01	4.473389950974564488e-01	-5.063354675215732126e-01
2.394080819041726826e+01	-4.714720546767260309e-03	-8.871305418035636547e-01
2.608507377810370897e+01	1.306667358772599027e-02	-8.239751120867129242e-01
8.528704092873753950e+01	1.063775121798640644e+00	6.142326041733926489e-01
1.449441522033695051e+01	2.909321727365243512e-02	-1.110193145521935765e-01
7.398984021580825754e+01	6.125899086905417512e-01	-2.965667475579804035e-01
3.420458826669707264e+01	-7.355860880843240884e-03	-1.445503222917201569e+00
3.304733302636914516e+01	-9.870118595772137127e-01	2.756117468838223394e-02
7.733894793699123227e+01	8.562052856100736964e-01	1.785740698289891570e-01
3.162856486324972138e+01	1.727619211183918924e-01	-3.635471443310599460e-01
2.972987285671079860e+01	3.112967635066592968e-03	-1.224414488865525064e+00
7.906976915479123136e+01	9.961214222971374876e-02	-1.836037659963176694e+00
1.655180941950136031e+01	9.145341682607981831e-03	-4.651607868474385565e-01
6.658463026672913898e-01	-1.007539081861432621e-04	-3.580104371739450985e-05
1.794726964462303798e+01	1.799765310915715582e-04	-7.997663137587239790e-01
7.377015811611302354e+01	8.839202311245082377e-01	3.357100288511267738e-01
3.501375427134983198e+01	-1.153604671563450923e+00	-7.819639273441202163e-04
8.700579819644013924e+01	1.147451091411701096e+00	6.722297123981744171e-01
2.954149059148864165e+00	1.716066631274341427e-03	-1.705137614381105338e-02
3.982472036171483865e+01	-1.165516335633401512e+00	1.521301576789602268e-02
1.947236207593272184e+01	-6.236434364713965284e-01	-1.350640425823904523e-03
1.032387167830281953e+02	-1.509344092742348209e-01	4.076609605993622987e-01
7.500670392067789294e+01	-5.129220041171766997e-02	-2.177137911845938412e+00
1.752580888349898558e+01	4.092621357975415736e-02	-2.295829232661399932e-01
5.884555498566560239e+00	-2.060301561116978028e-03	-3.238767594798336487e-03
5.720428642884480297e+01	-1.091089593734624996e+00	-6.080045411103615627e-02
3.178309840460233349e-01	1.884463014170643133e-04	-6.939726136040379168e-05
8.158320460384328499e+01	2.038200854955155017e-01	-3.855729345861905188e-02
2.231492997476398621e+00	-3.036000407500196851e-03	3.553699176694726566e-03
7.331783506732624289e+01	3.637122120205764642e-01	-1.004333038879320350e+00
6.296706752937488716e+01	-8.757751859005319384e-01	3.836314392731850209e-02
7.420569708551884958e+01	8.661717281289582626e-01	2.838955851897273508e-01
2.134068447734527041e+01	7.784726035687408729e-02	1.155890099711821550e-01
7.351952125420649509e+01	-5.598002603992919823e-01	-2.913568138720870060e+00
3.115623823450957453e+00	1.221094680197248395e-03	1.361945058483593138e-02
1.659195033742260073e+00	4.083442427097240014e-04	-4.040392589119429743e-03
5.539566883174335032e+01	8.115958402477804756e-02	-1.646286151319394042e+00
6.940837225504454011e+01	-8.027124882766513425e-02	-1.924501416389613917e+00
6.131945686026359965e+01	-1.782574901116809885e-01	-3.770184624517229910e+00
5.217726667488786774e-01	3.497421344963223908e-04	-2.137618935591428316e-04
9.618857269853510417e+00	1.161064512282507406e-02	-1.173307358394702349e-01
9.556322841749594943e+01	1.451287176034574966e-01	-7.891243690728381999e-02
5.307395080852460723e+01	-1.108538389822604442e+00	-4.121336633230043844e-02
7.520774020139727511e+00	-1.334798509754455687e-01	8.157891133895861860e-03
7.138838139570826513e+01	-5.413085618631743312e-01	1.429810653023805278e-02
2.406865813704958867e+01	-4.110810741387875035e-03	-1.004087562217503393e+00
5.708352525379167020e+01	-8.963546669028779057e-01	9.020710570242211623e-02
3.139973741701155507e+00	6.088721814256140008e-04	-1.355036872926921321e-01
6.845137615473262827e+01	-9.615785396311964384e-01	-7.740163268042500599e-02
6.433481040510790194e+01	2.726743087415361977e-01	-1.007471046957607141e+00
1.011074095914477482e+02	-1.830458051233522232e-01	2.550532065234202214e-02
4.712140331902324419e+01	-9.500560850446652245e-03	-1.841989411216299333e+00
9.420939510154656915e+00	5.753697953131570522e-03	-2.118312707732770694e-01
9.143155523103880000e+01	9.114242150423312872e-01	6.052599932160319662e-01
5.692274925441913069e+01	-4.075873439882935628e-02	-1.120640515009933225e+00
5.469861194265121185e+01	-3.134956686064343384e-02	-1.623513437054891817e+00
4.310062103478419715e+01	-2.215331621560844844e-01	3.350877862071711677e-01
4.651079271938381510e+01	-2.090319118794337072e-02	-1.192532911433161091e+00
1.214455966858438707e+01	-6.551991515132804533e-02	3.039303386212904509e-02
7.081146407634402351e+01	-1.006833407575000727e-01	-1.349701563770621782e+00
8.740799931891572783e+01	-2.941369707074899531e-01	-1.228121396469337157e+00
4.842729140273747568e+00	1.893315194194238179e-03	-1.036505665982074831e-01
1.270442229063783834e+01	-3.863722774709526520e-01	-1.108659955390457351e-04
6.880830835570380088e+01	5.057566400475388413e-02	-2.160102598034785881e+00
1.936837960442216655e+01	8.705719574743907285e-02	-6.019950923844231971e-02
8.380727487324109859e+01	9.308858009887551743e-01	5.270427303904252625e-01
8.925535516000699943e+01	-1.051698716035105730e-01	-1.336159609061150499e+00
4.098275946843041595e+01	-1.003780588843734833e-02	-1.629765596359703750e+00
2.964687776699757649e+01	-7.172867708607781889e-01	8.507276126105964287e-02
9.307877147541479701e+01	8.842470057448059695e-02	-2.291006553545240076e-01
9.339101264343511843e+01	6.898602289373333418e-01	5.054638443450737428e-01
3.132179723489292655e+01	-8.270477184401694437e-01	-8.442893944818317259e-03
7.372218804711089035e+01	4.809215327934941442e-01	-6.543217227629346544e-01
1.031237513973992463e+02	-2.981556106174845441e-02	1.091478623314032115e+00
8.895841511371314903e-02	1.240646823695291472e-05	-1.263339515170721567e-05
1.226398405063499553e+01	1.353519854654789203e-02	-2.234013946551977325e-01
8.021143380686703495e+01	1.634309354776689038e-01	-1.626182914716742367e+00
3.594174773793550060e+01	-9.335789295065791693e-01	-1.196176244627697623e-02
4.683983841168296181e+01	-1.681456524900460173e-02	-1.549124980118250949e+00
8.758303353313806383e+01	-8.285343120925953847e-03	-1.427091456213270382e+00
2.831270818496119901e+01	-4.454571723609540013e-01	2.765276052133710041e-02
2.729595304523815713e+01	-6.005498821584191911e-03	-4.579840413544289390e-01
4.869668682839154883e+01	2.369558557491321105e-01	-5.767743901498114667e-01
3.079426112965286677e+01	-3.240953743479757336e-04	3.088495067729946086e-01
4.072761806604584223e+01	-1.393872008540683084e-02	-1.384575754116196045e+00
1.952699419703614048e+00	9.084656015528750142e-03	-1.662056124777254798e-03
4.239377155928800711e+00	-4.199543196178127935e-02	3.592000458593085088e-03
2.181335061900270489e+00	1.130910685939878930e-02	-1.451343198387899762e-03
5.092301964778829415e+01	-4.875865908467275078e-02	-1.445368637443528170e-01
9.502533427199041682e+01	2.610756942474965481e-01	1.960142550851165164e-02
3.746690260762735036e+00	-1.436794255347421667e-01	7.983076368534732219e-04
2.734862808537229384e+01	1.147619464235140503e-02	-9.463210024052075564e-01
5.547233469632632819e+01	-1.392496467413189443e+00	-3.928579373231268212e-02
5.486210439844407460e+01	-7.842804271928455195e-01	-3.305940480394897740e-02
2.509594204771520065e+00	-1.511486279280269997e-02	-7.199827564513840410e-04
5.411000133985783833e+01	3.253807443606476779e-01	5.391875662422589421e-01
4.413908008162582775e+00	-5.584912441239611031e-02	3.562459093651668910e-03
1.796377631532672225e+01	-2.917160809176023409e-04	-7.816744039742162808e-01
3.777934290807371553e+01	-8.753118252385344231e-03	-1.553939910849940764e+00
2.777177594034212049e+00	9.153922520157471016e-03	-2.376062462129781457e-03
1.319502570113862738e+01	2.472072710832864256e-02	-1.257662582417173047e-01
7.947060326906211003e+01	1.151406073036671307e+00	6.708007345109761044e-01
3.681946276359244763e+01	-7.895626891149759574e-01	1.231306077447772707e-01
1.397459200577769955e+00	2.159894927409289865e-04	9.128382375880509866e-03
4.365564415783084939e+01	-1.740331703624912671e-02	-9.825079004451386933e-01
2.833777530230651109e+01	8.969632041171607742e-03	-1.052629919969388039e+00
2.935623463379430120e+01	3.226628412907685262e-02	-7.741173424765367406e-01
8.465181186497353849e+01	9.179798750096390680e-01	5.022478833773088569e-01
4.913983438913693824e+00	7.824439631965606672e-04	-1.007977679666653831e-01
4.704076368698682842e+01	3.908704379062545309e-01	-6.125584194650203484e-02
6.199546559601825990e+00	-4.434210416714839779e-03	-4.178999090692980985e-03
6.547364764790863489e+01	-1.477572624355557029e-01	-1.161672124745246754e-01
3.089066644287976615e-01	-4.974645359566393999e-05	1.212673836330757898e-04
9.390430079555430609e+01	-2.571592979665517920e-01	-5.357355401627584834e-01
5.197789610996642296e+01	2.434241208186783412e-01	-6.405395714620457648e-01
5.747542977441080581e+01	-6.731405470675992930e-01	1.534716637926141214e-01
8.738716666403718136e+00	-2.537243958333157412e-01	4.702607520751188840e-03
7.058459218888625486e+00	-2.891787366243367494e-03	4.940245219573678043e-03
6.748572958255545018e+01	1.794378383586505699e-01	-1.559517365188133997e+00
2.058458705836892477e+01	9.942408041663367002e-02	-9.622643449237196223e-02
9.516506197416150314e+01	-2.221896650173707521e-01	-6.034899780674869429e-01
6.293706261757299103e+01	4.183966906684841724e-01	5.246021497453937643e-01
1.021219736737391628e+02	-2.179833828049258099e-02	1.518050684007567597e+00
5.488498877753652749e+01	8.596335310222315285e-02	-1.582648327612473871e+00
4.027663914416626412e+00	8.471713916237297260e-04	-1.242747601502197929e-01
5.806718542568099828e+00	-3.601863676674227355e-07	3.033740415548786401e-03
5.812792090412862933e+01	2.623780284662703965e-01	-7.814490278052276251e-01
1.031806436769636832e+02	-1.535131410150018250e-01	1.270550120254829718e+00
5.471411669300896108e+01	4.923218651258445822e-01	5.089807847908092708e-02
6.184401035587902129e+01	-2.793975328826901056e-02	-2.163559239974853998e+00
1.323955438001940443e+01	5.302856665292093007e-03	-4.566591263831776271e-01
7.453096392835099948e+01	-1.252566157252762991e-01	-1.789244454131602824e+00
5.860706571891697081e+01	-2.818808146695211403e-01	2.790932012923724725e-01
5.376054380413189193e+01	2.966572293121214760e-02	-1.985376817634805890e+00
7.261626496118793739e+01	-1.130518520772920144e-01	-1.352157918765174216e+00
2.667150764444598643e+00	3.817080023387978008e-04	-7.576848174885626730e-02
1.774237676173404310e+01	-1.293870874800435566e-03	-5.842845462883901053e-01
7.625273714136645253e+01	1.898393466732367363e-01	-1.642756957185995459e+00
2.428915710062196354e+01	9.664871688860758592e-03	-8.566861892793958821e-01
2.829967575108160105e+00	3.919756103374890180e-04	-1.211867099384219930e-02
6.308215749998686306e+01	-3.706650637880588850e-02	-1.017980578462999830e+00
6.691004575940419841e+01	1.232982194802849374e-01	-1.820948394595608866e+00
7.905493859716330007e+01	7.617813286964060238e-01	-5.596414899627438072e-02
6.093002213290125724e+01	3.016895347538697120e-02	-2.159188047897611540e+00
7.835506761946855647e+01	3.727463593665506641e-02	-6.551238305870502043e-02
6.527524909137439657e+00	-3.231787705224747377e-03	2.812183855597335524e-01
1.355259735453059999e+00	4.812493806660499834e-03	2.020921284524920130e-04
3.472795847328382024e+01	3.217949270338004153e-01	6.638059990965736179e-02
5.292786286632546933e+01	-9.923184019731832173e-01	7.777712389911195512e-02
5.392624884668074259e+01	6.899835395612262667e-01	6.363018763848845571e-01
4.472046469224616061e+01	1.046978218796359994e-01	-9.917994672315889604e-01
7.363852450678380990e+01	1.050864018507341457e+00	6.567169123640650419e-01
2.370627953973603397e+01	-6.435831617775220614e-01	3.540557273050329995e-02
4.299811952494095380e+01	4.800627739423609652e-01	4.983691194784418688e-01
5.427356387333048815e+01	2.767356551609734261e-01	-5.941419716338347534e-01
4.398544422492540207e+01	-1.416966376137573577e-02	-1.516192003290713242e+00
1.029759919998297413e+01	1.042310984527348300e-02	-1.704968213090583828e-01
1.028388726767639128e+01	2.113144832538054949e-03	-4.670061808964944827e-01
8.940428480089609309e+01	8.561627180499662426e-01	3.636144953507395305e-01
2.088054257751774045e+01	-3.379877139966745436e-01	9.148664685585608525e-02
2.979813711752611560e+00	-1.421252841832915679e-03	2.022547532618321209e-02
1.713708080371709386e+01	3.263807602657395335e-02	-2.742238630605782213e-01
3.707951134499870705e+01	-5.064623742375811144e-01	2.173704803084665071e-01
6.904714729188519584e+01	-1.883370966048470097e+00	-6.403837269227460327e-01
4.367438161697512555e+01	-1.833503344000105353e-02	-1.264698268337396625e+00
2.827158602919758579e+01	1.017741144763900513e-01	-4.715304414365043550e-01
2.495433252792349954e+00	4.663117906043430213e-04	-9.517951165326550556e-02
2.734662426515535039e+00	1.560306172967642615e-03	-3.015596805164274391e-03
4.022319618478806547e+01	4.680335983554704399e-02	-1.170674334105849868e+00
7.977529438488771518e+01	-1.331318935955955185e-01	-1.022424866933440590e+00
5.253248000089944014e+01	-7.483134182242797902e-03	-2.039244148972470416e+00
2.628243638062670140e+00	4.655853695162350155e-04	-1.136276809183379977e-01
8.518507830731590502e+01	1.727331536959129110e-01	-1.328098073274713631e+00
9.791929511180670431e+01	2.522445984949617248e-01	1.244012326263629564e+00
9.982080774683394964e+01	2.631754871106868898e-01	1.449702318668172563e+00
5.145499989075892699e+01	-1.052201669985068699e+00	6.417843072948394012e-02
5.071715660769017120e+01	2.811905526851714576e-01	-4.787708264007389247e-01
9.106027594162654282e+01	-1.778184808761492375e-01	-6.220698949789967847e-01
4.027644615874140577e+00	8.117666692840563511e-03	1.444609865480074237e-03
8.376264791193999315e+01	-6.065393427677709948e-01	-1.070323111996799970e+00
5.117609278103813608e+01	-8.341919334968986854e-01	1.345796971293021782e-01
4.961144716541772937e+01	-7.791712607777300237e-01	1.516226372882412132e-01
8.294787754662810642e+01	1.184117446161262688e+00	6.959429531086288589e-01
1.477590006827242064e+01	1.550203150768369662e-02	-3.100032098196037200e-01
6.583508687571687723e+00	8.132738277880093535e-04	-2.926659519913644147e-01
7.597525884076421221e+01	-1.545262255850058386e-01	-1.423931621942330583e+00
8.885287712781031644e+01	3.531228116758324265e-01	-6.472373295228788237e-01
7.902673989131089627e+01	-7.739234450450680480e-01	-2.290597380658870197e+00
1.754404578960557348e+00	-6.234073965303691713e-04	1.458723672076185640e-02
2.697300321244210153e+00	4.506317408056509832e-04	-1.240915120017150042e-01
4.707501236249812848e+01	5.890242502365928418e-02	-1.424615433018941779e+00
1.029327486613549922e+02	-6.509455855238630018e-02	1.194304076427020522e+00
7.894613824327389295e+01	1.754754062865040709e-01	1.672708866974393915e-01
4.183119528526067654e+01	9.386276129976223181e-02	-9.482795774158394586e-01
5.785042476310441373e+01	-1.017563901539534355e+00	3.449577230796559840e-02
7.891091995126195968e+01	1.108710264220795105e+00	6.099588641631452646e-01
4.867331504668030107e+01	2.187593337352785466e-02	-1.868276318819885207e+00
9.369355069049851181e+01	8.908271649937020698e-01	8.176211376573148115e-01
4.079205387567436247e+01	-1.175376498018949889e-02	-7.040585816571317546e-01
1.951786405935789048e+01	-8.725762616231552693e-01	-4.423452510533259358e-03
7.850094732883943038e+01	4.639334694117987490e-01	3.220436404872700775e-01
6.537067885647762466e+01	-8.553190116898495843e-01	1.414939837805986519e-02
8.646564473630044745e+01	4.839943022866410316e-01	9.717367469612116226e-02
8.613559640720670529e+01	1.065034231678747112e+00	5.922240680340578045e-01
4.992212837777363887e+01	-4.496128918833423166e-02	9.067314005476911909e-01
3.884980424472075811e+01	-9.720681362221545996e-01	-1.340933844172694824e-02
5.250704769947602557e+01	-1.843983940711689182e-02	-1.890478146243328883e+00
6.745966054064750139e+00	-6.820431062805463150e-03	-3.563761546283755570e-03
8.125438824690922957e+01	5.767856292547142161e-01	3.363480840288803897e-01
8.502798565716324219e+01	1.200011309515371050e+00	7.109545865581239354e-01
4.460168504277761770e+01	-5.835331634291730275e-03	-6.374622642470454403e-01
6.783786269027009652e+00	-7.741831296683827912e-03	-1.948789296229373530e-03
6.078341331340256914e+01	1.364229884816861582e-01	-1.517095583625021060e+00
7.128258736669209839e+01	-1.681601208892149923e+00	-7.350977964736900017e-01
3.108452636097722266e+00	1.417414782123820917e-02	-5.442227533910948658e-04
5.074481143231025015e+01	6.148146700056821012e-02	-1.591620885614319914e+00
2.418949981101030211e+00	3.553103635743940186e-04	-8.556458797505570035e-02
5.574128137207708278e+00	-1.660468118893135584e-03	1.648807901824139027e-02
4.241411142849639759e+01	-9.623790291337107616e-01	9.366255336151155242e-02
3.667445375326455093e+01	2.452626817636647805e-01	4.221415507382137444e-01
5.444743743322287344e+01	1.264900601226236487e-01	-1.270380122337665174e+00
1.785272629584680004e+01	1.526883300302419866e-01	1.887650786064520164e-02
4.206491794450135302e+01	3.986313680224549127e-01	7.438550734615516358e-02
1.565087223705942776e+01	2.469324460686553313e-02	-2.643552723298287499e-01
5.300212184295479290e+01	6.646975990376520205e-01	6.445818767820892248e-01
6.586216332579007826e+01	9.123909402592480511e-01	6.962750987026673499e-01
1.018662637850891173e+02	-2.736498410582313690e-01	3.819613544901235835e-01
8.464908235326259245e+00	1.112321387608477966e-03	-3.796501039201918282e-01
4.121594714397447490e+01	-4.104030052976078702e-01	2.658421925859377200e-01
6.929305897331430231e+01	-1.627159545991094802e-01	1.990715820231355737e-01
1.036474931257173040e+02	-1.014216184641590496e-01	1.151397168877889232e+00
3.386031519204533424e+01	-8.287830959206644588e-01	-9.481904110761317853e-03
5.491566188452337016e+00	3.848383880967538861e-03	-6.369796113788218916e-02
3.198272013991101392e+00	-2.562942573523045373e-03	-2.377293777817834387e-03
9.932454048962813431e+01	1.771126234987520642e-01	1.043768302965666583e+00
2.784167367628317891e+01	1.041430204374275276e-01	-4.463660604836467982e-01
8.026806938534578251e+01	1.105300700974508166e+00	6.678134671765554309e-01
2.333027063334872508e+01	1.072883165982195519e-02	-7.601495160685707297e-01
7.234780216896574245e+00	2.252877908947378653e-03	4.323073775570303486e-03
3.386329435619776973e+01	-7.345661493805190068e-01	1.206675702002038830e-01
3.036282437270861934e+01	-2.485555121222193103e-02	-1.100736085205898274e+00
2.676930184653327216e-01	1.317169321991535769e-05	-3.218026353641576686e-05
1.862289414093897477e+01	-2.583427177159777766e-01	8.034633824551648540e-02
5.144861523877087706e+01	5.611274207720515217e-02	-1.675588382596775450e+00
2.699903925201736854e+01	1.187720038837174197e-02	-9.112855705666731421e-01
3.537417433233950526e+00	-5.261281488627943259e-03	1.856722995109741890e-03
4.419567460459357022e+01	-7.834523011910956083e-03	-1.768846865322996731e+00
1.115845575397677081e+01	8.187445004181108377e-03	-3.257987913787324663e-02
6.161031619494211498e+01	1.223423130242076023e-01	-1.640680370991582038e+00
6.446749083531726399e+01	5.831754376603544981e-02	-2.094103218059126359e+00
8.730436726736433783e+00	7.624311829430979563e-03	-1.478130785753588028e-01
1.572209283960905957e+01	3.957641055906398891e-03	1.439975124493159120e-02
1.276535042276493215e+01	2.076876224656185738e-02	-1.641250955554292013e-01
6.151621161179024000e+01	2.601850939999207357e-01	-9.246591192136840442e-01
1.020016573633511996e+02	-1.524202935660655400e-01	1.627314612281113071e+00
9.544302584709549819e+01	7.006563101187589515e-01	9.215366847440104037e-01
9.037923030856509854e+01	4.159133444682691638e-02	-1.043526468302328869e+00
7.669595065289533409e+01	6.078142941372286501e-01	-3.803896907714942044e-01
9.359520174853918206e+01	-3.845709825302630613e-01	-6.885827594042637223e-01
6.167676570986459161e+00	2.772481744388177651e-03	-1.282697952626891957e-01
1.661064150727893463e+01	-5.604774363265214721e-01	3.584404557478277752e-03
3.907000648237889617e+00	-5.522391408635042229e-03	1.917787481513753573e-05
7.578137987631561145e+01	-2.043059706446581081e-01	3.688432658043611090e-02
1.225817211241856608e+00	-1.751920910696513445e-05	-6.871661629287620756e-04
4.605088981260998793e+01	4.142351252518512439e-01	2.887248039593764276e-02
8.149300563412754173e+01	-1.371657855063407316e-01	-1.861199742720184513e+00
1.082226630163891734e+01	-3.405598997561392061e-01	1.716400730073062856e-03
1.030282712696687497e+02	-6.359002332284656445e-02	1.149910529405960835e+00
1.522936816972975294e+01	6.916586433104689657e-04	-6.089672033310288279e-01
2.394949504244993577e+01	1.153798481406771020e-01	-2.342853850011692718e-01
8.577955216758735446e+01	5.390187668130459464e-01	-4.695031273815667427e-01
7.487281860661030919e+01	-9.524262459498913924e-02	-2.034218673466813954e+00
8.571753406785322227e+01	3.373562014398415188e-01	-9.256184075258196975e-01
2.646826760677612800e+00	-1.066861104613654439e-03	-2.229996016206679810e-03
1.524296330125935128e+01	-3.220695801852336837e-01	2.859931448543272248e-02
3.031403621708193441e+01	8.624647188075258708e-02	-5.981006156123402917e-01
6.537901120760175822e+00	-4.019776857116860204e-03	2.693110165270041004e-03
6.707098124386253346e+01	-7.069769224754547388e-01	3.663762924303842067e-02
1.166980382735831157e+01	-3.725347637018444069e-01	4.833148377663497482e-03
5.678551711052899975e+01	-4.082635167885904914e-02	-1.456046512686872463e+00
6.849184853362579872e+01	9.403728737633644252e-01	7.096682324960180699e-01
5.475893113408228885e+01	1.228005954117953602e-01	-1.308840338601739983e+00
5.181149857832932781e+01	-4.580224004857846865e-02	-1.491949640060506455e-01
3.623521401975996259e+00	-4.841964087815581880e-03	-2.670732133279316500e-04
7.111871705133395949e+01	5.061393263931917019e-01	4.576974833358304906e-01
5.384865601898903265e+01	2.910262997810376673e-01	-5.345521745180492612e-01
1.867814772130353163e+01	-2.935510970543899201e-01	7.214905366049392810e-02
4.665056142283251006e+01	5.171195661136276378e-01	5.794249622696552304e-01
6.543926789166378377e+00	8.958256741009177140e-04	-1.155693130971911925e-01
7.621469658942248770e+01	-5.050396557641904094e-01	-4.353266583785835309e-01
2.525914071813911121e+01	-5.437241746668172171e-01	8.959651369246665609e-02
3.216410505827709820e-01	2.466795593529200214e-04	-7.462400716627589628e-05
2.035684655532215714e+01	2.540485800327539363e-03	-8.902338961621377722e-01
4.747365016428735984e+00	-5.517672823375337036e-03	-2.867659983238085401e-03
2.549930127115323941e+01	-7.573783358405410393e-01	2.007885105200321596e-02
4.636032051044553981e+01	1.180877484403446837e-02	-1.856034419619362108e+00
3.714909756319639911e+01	-1.714206699612641494e-02	-2.483366656119082305e-01
8.497901358536191196e+01	2.038349636187198055e-01	-1.273473635102604362e+00
3.678425898773713243e+01	5.365173874450412245e-03	-1.511999951664232844e+00
9.067734342800455316e-01	-4.871040342331144752e-04	5.178910464490490669e-04
8.421440530213441633e+00	1.180888371070247826e-03	-1.430109400653504226e-01
7.093831581250108798e+01	1.006883042965001307e+00	6.781447986969046937e-01
2.427768588089116619e+01	1.612158747812802440e-01	-3.126980736061693925e-03
7.602537455330320881e+01	-1.509518160132534148e-01	-1.566691137218940266e+00
2.486581279516103038e+01	8.367641068697312043e-03	-9.196704928138259572e-01
1.007681671795861078e+01	-7.357389464074308438e-02	2.016935872375551220e-02
7.551109313226385211e+01	8.105642595010763563e-01	1.265570722617564703e-01
2.673379160286448553e+01	8.727065840930420563e-04	-1.153305958352725202e+00
2.945946111996782690e+01	-9.225231313890516205e-01	1.617992300603977168e-02
4.194056595468008908e+00	9.925354850323100074e-04	-1.437494477142336469e-01
7.144377313926943884e+01	-2.301987667606083393e-02	-2.253358049752258729e+00
8.287554550752869886e+01	-1.955802416418382650e-01	-1.654277247179418042e+00
7.670795611340703424e+00	2.150733588229092764e-03	-2.952684530091611581e-01
4.537515872634359937e+01	5.229596889904105650e-01	5.473740447245382112e-01
3.166317388614708150e+01	-9.916660601585387536e-01	-6.655325591761777296e-04
6.767944155377151105e+01	2.183694823953251929e-01	3.779801452164454068e-01
3.313002977885799005e+00	4.980016186452811393e-04	-1.558649013844979614e-01
9.483120673219094243e+00	5.631469411184778992e-03	-2.182477859969093603e-01
3.845930561230591849e+01	-1.081140784676740463e+00	-8.473546767491088247e-03
3.841655315573169815e+01	3.531895819724628627e-02	3.996002045771319677e-01
8.257242369157332007e+01	-1.131285145393566699e-01	-4.926206451045223589e-01
5.608477331139459787e-01	2.259829550206690196e-03	-2.602848644923499966e-04
4.939468316451456076e+01	-2.267496676080765078e-02	-1.091181116591206202e+00
6.329518253624423352e+01	-6.016529745004692981e-02	-1.302030954489340253e+00
8.326528071518100660e+01	1.067000709451224605e+00	6.254028736333343552e-01
1.608369608288631980e+01	6.279523739078351000e-03	-5.911876306952447147e-01
2.202624903361070086e-01	5.704020841251219938e-05	-2.993050461750230081e-05
1.050717517216546071e+01	1.369307278283219981e-03	-4.817147138543420581e-01
8.223843418526115556e+01	9.872762117435209817e-01	3.658243599117502742e-01
2.241779338934415833e+00	7.597727629277861890e-04	-2.365309474869102275e-03
8.926666325369180299e+01	-2.342929243762851832e-01	-7.797087706903276239e-01
6.865103018439788229e+01	-7.696793971154967107e-01	-1.751733586898244002e-02
2.339536100600223278e+01	-6.948805029100654229e-01	-1.282894207239892699e-03
3.882287389031130687e+01	2.061248471446631148e-01	-4.570633826405661182e-01
1.147329826207188574e+01	1.551215541083715739e-02	-1.629469859102699036e-01
3.548471592218290027e+01	1.616811848477092139e-01	3.953841939317327414e-01
7.498423954158630522e+01	-7.438395589161594934e-02	-2.123957448305707540e+00
2.508448768180910005e+00	-1.295465763457240016e-01	9.499924810171670505e-04
9.828166155704824547e+00	7.527252059165760734e-03	-2.451615338438135200e-02
4.434231501619000149e+00	1.102997382941220926e-03	-1.732265697404425930e-01
4.393387087331959706e-02	8.238143575320109997e-06	-8.438819227587129323e-06
5.728927084302102912e+01	-2.928277523530483512e-02	-1.924841826531999534e+00
3.486319801373424099e+01	2.917684766875345420e-02	-1.061320646654377420e+00
6.992812977204683023e+01	1.814482409695303000e-01	-1.618769507241679229e+00
4.171376934925335433e+01	3.249980401731449864e-01	-1.489469485486170364e-01
9.365865386579559981e+01	-3.185089002671431802e-01	-8.060456051395858967e-01
1.397459200577769955e+00	2.159894927409289865e-04	9.128382375880509866e-03
8.061681007004035848e+01	3.072934693267923012e-01	-1.217728246078925158e+00
6.501783019854991608e+01	3.573599698278213110e-01	-7.148415230919461516e-01
4.210360372798787054e-01	-5.704439089483560215e-05	-1.867045090348016148e-06
8.699701339109873643e+00	-8.660874144119229401e-03	1.762557780031399381e-03
2.914610136059019396e+01	-7.237658369123513014e-01	-8.498135852501536788e-03
1.013717820070842208e+02	-2.022324927822176377e-02	1.630232573124913431e+00
3.710670370885360825e+01	2.743903949358422831e-03	-1.552248188854880251e+00
1.495513599242745784e+01	1.472280728819053489e-02	-3.243910306852564873e-01
5.006637824753714661e-01	-5.723727279459855688e-05	-9.441688970100200787e-06
5.520270063760470691e+00	-3.402249706340956630e-03	-4.930867945247217540e-03
2.508448768180910005e+00	-1.295465763457240016e-01	9.499924810171670505e-04
7.857553547561987273e+01	-5.534270258629266775e-02	-8.445098135057247379e-01
2.350346835872568008e+01	1.057703502467777744e-02	-7.768812872223184174e-01
2.245629439270539862e+01	2.150170330564029827e-02	-7.635555126491160305e-01
1.323628813323185582e+01	1.006992228774492883e-02	-3.069146301359838569e-01
6.393217735456971695e+01	-3.826971162078297156e-02	-2.138571101133681207e+00
5.881508763474326429e+01	6.156329308959076485e-01	6.474983046364816142e-01
7.977371268948022021e+01	2.084620476097620023e-01	-1.519206771152558089e+00
2.039488200807380025e-01	4.636670013520430140e-06	8.839013873994439784e-06
7.412783205411361820e+00	8.617690129581984798e-03	-5.055871311279758890e-02
2.625612434405467610e+01	3.343536505136996285e-03	-1.091641039072164032e+00
5.353294559162783628e+01	2.032897617018457614e-01	-8.442898272133140258e-01
5.759428698410955860e+01	-4.281168894725682073e-01	2.348448117858681627e-01
3.192810637124602380e+01	1.032025894779036584e-02	-1.211538316893185030e+00
5.429746389742960133e+01	-2.510440371628090084e+00	-1.427276657735599974e-01
5.237195680552961363e+01	2.329082537810546194e-01	-6.916234567091721352e-01
4.976327021351027113e+00	-3.437162829271873618e-04	1.796176651970291319e-02
7.819031016491541664e+01	-1.183827770906437926e-01	-1.038078119413478051e+00
6.415033906023346333e+00	1.296807562839652353e-03	-2.928792137406947549e-01
6.053519050184971917e+01	9.306933557148315550e-02	-1.785946903348073933e+00
5.682897656515602591e+01	-4.135832255786848349e-02	-1.536797126505306643e+00
4.900655688057291570e+01	-1.487737789341862404e+00	-5.340763483767015790e-02
9.681555898768257862e+01	-2.760981062369630701e-01	2.010852923773449596e-01
9.379040714165713943e-01	3.595538604127397966e-03	-7.501768558081093512e-04
5.675397826440653049e+00	-1.849248515844174046e-01	1.543479034901057466e-03
2.202624903361070086e-01	5.704020841251219938e-05	-2.993050461750230081e-05
3.370914823251245807e+00	6.389235925173727395e-04	-4.663433917770981596e-02
2.784601367921437642e+00	-4.164937573256572052e-03	4.305202855183791998e-03
4.870458362488187198e+00	6.056976407693323268e-04	-2.122798318259320749e-01
7.012261588837019888e-01	4.552886600608410141e-03	-3.347399657806179895e-04
2.249265994826230131e+00	2.233914674794010042e-04	-6.496375318886879469e-02
5.351263553411611440e+01	-1.236855772245573304e+00	-2.387938010506651318e-02
5.816193305877997233e+01	1.262665962996217806e-01	-1.453857160562799233e+00
3.520640204830529196e+00	3.802790773260605189e-03	-4.530198001967692539e-03
6.649264058133238109e+01	-7.280280881947280847e-01	1.571443067175775851e-02
7.728276979140792946e+01	1.121012308670208846e+00	6.747914747484554665e-01
7.410649383734190110e+01	8.446129365627368102e-02	2.144076957059992128e-01
7.456647666367578609e+01	7.255369359857705147e-01	-3.168926175364690512e-02
8.838890733629914109e+01	1.171149278240036562e+00	6.920548094611819190e-01
8.359019965686242060e+00	1.618036034296553224e-03	-3.894509612171761503e-01
4.875550698410246753e+01	4.981481105703094991e-02	-1.608457907658233932e+00
9.078751933658460871e+01	-1.516520801218443348e-01	-1.183158459294601617e+00
3.206865795861731261e+00	5.675466927763510869e-04	-1.455491850511345664e-01
5.277787224091059670e+01	2.209586402889774370e-01	-7.463348021481710504e-01
6.077306975285382862e+01	-1.295686162768740601e+00	-5.958149362066296473e-02
6.306332132553970737e+00	6.186645229703068363e-03	-4.737477082650261295e-02
8.188648734544596408e+00	-1.589124713333397651e-02	3.212631826651129140e-03
8.013173138981586874e+01	-6.588643418168739496e-02	-8.417449468981079708e-01
1.952977395672783612e+00	1.087541020750911261e-02	-6.315807091836795218e-04
1.513622058023990746e+01	6.439354584523178555e-03	-4.891288007692414785e-01
2.552458769657246762e+01	-1.320814570312177638e-01	2.096760621970215344e-01
8.461813065635730879e+00	6.245208171483609787e-03	-8.190968010375619668e-02
1.033184662680483399e+02	-1.346803345200840718e-01	1.210522633950919635e+00
8.818325492884964945e+01	9.675927730692714945e-01	4.682290053860712065e-01
7.940061082208714538e+01	-1.701823076812288837e-01	-1.225792689511396194e+00
3.127910299364242519e+01	1.271469925569817215e-02	-1.136352638698741258e+00
1.973066172817560471e+01	9.859223409637594970e-03	-5.974699977009257923e-01
1.170260123958477116e+00	-3.252272097155569134e-04	1.149395398041492405e-02
6.960778340146640630e+01	-8.856116390183158549e-01	-7.466923613989033537e-02
9.358001224387265893e+00	-1.717148142391883812e-03	-5.371628525414050628e-03
6.901038889466940418e+01	1.285031241567592963e-01	-1.840488291251955344e+00
4.205165729727863777e+01	2.131597003699256532e-02	-1.582972911288162088e+00
1.778036004280907889e+01	1.701039560835869175e-03	-8.048676458630099617e-01
4.506548360246141982e+01	5.314424743988084288e-01	4.690352655604287935e-01
1.652954946802650094e+00	-1.249601260708200004e-02	4.194286141556639977e-04
6.870009672565549863e+01	-6.043259562881027058e-01	-3.783226768864814127e-02
5.385338177370800850e+01	6.347858526197286411e-02	-1.723286326710545158e+00
8.724330627883159650e+01	8.065611352585795590e-02	-1.328754220091030280e+00
6.067325598820476174e+00	-2.322407925795270667e-01	1.430512246454352038e-03
4.377645443369448053e+00	9.260984033828023598e-03	-3.176923888328869565e-03
7.345420788052439320e+01	1.049124540476592982e+00	6.994993671253683098e-01
8.690748614105218905e+01	2.081432175686776520e-01	-4.041154786602040860e-01
2.031146699693011115e+01	-5.212779156469242725e-01	3.281372806720335433e-02
5.429818112758708537e+01	5.885003022974648335e-02	-1.781331106925476249e+00
2.336771657992659001e+01	2.452744483181744373e-03	-1.006581036278119123e+00
1.969115582371141926e+01	-2.770389198541295950e-01	9.070134691166958918e-02
1.243615135021410023e-01	1.505803805484579951e-05	-1.923619749829179923e-05
2.821550518656793471e+01	-8.260641817247179608e-01	-1.234226515387007971e-03
4.376560787924394624e+00	-2.374751311314626454e-03	1.746456572809815602e-02
3.969802537220056848e+01	-9.241315551421838137e-01	9.625835752259226386e-02
4.776248523623294062e+01	-1.265202501979960870e+00	-9.640365241088606242e-04
5.355590181139100459e-01	-1.967134214232019976e-04	2.282447023851439868e-03
9.656903026904689114e+01	-2.445990243166759615e-01	-3.718341046319179055e-01
8.098076190555261178e+01	1.048805077491416382e+00	4.786871911231185828e-01
5.601378658499758956e+01	-1.284551370262757786e+00	-1.604819178543710062e-02
6.960996656778598890e+01	-1.114142369787958442e+00	-1.979434220739428874e-01
1.209455567702745249e+01	1.347542407307459472e-02	-1.647701742866280322e-02
4.346391210454679799e-01	8.677507162069170469e-04	-1.567851541402519918e-04
4.724884919505885961e+01	8.222232047224183049e-02	-1.227507277647545081e+00
8.597321533216782541e+01	7.061058975760585721e-01	-1.038210294546179913e-01
4.414647527413549710e+01	5.169564970555246691e-02	-1.338049482503900656e+00
5.673099730234723381e+01	-4.359383951061783502e-02	-1.319848579206754247e+00
2.498360612859583796e+01	-7.997179274110256531e-01	1.188478591786025843e-02
5.834173186811851508e+01	-8.030116601840302515e-01	1.086196863556645464e-01
6.184669824632082147e+00	1.729367299198145413e-01	-1.241429123786138514e-03
3.822452747306039011e+00	2.678277089871290272e-03	-1.462244591681988518e-02
3.958486173682549492e+01	1.429851151880937865e-01	4.397693921901573710e-01
2.915629125848418823e+01	6.105670401823456300e-02	-6.407320439342809593e-01
5.955788576886466501e+01	-7.756135635443900389e-01	-3.992857017453359247e-02
3.485547479919701885e+01	1.237752912119779863e-01	3.846108489467648384e-01
4.991832387935166793e+01	-4.400997922111214884e-03	-1.978868237377467088e+00
4.119985417497269253e+01	-1.650703785671967794e-01	3.491945617305421412e-01
4.032850766736594039e+01	3.038042567618046488e-02	-1.380222659811949137e+00
6.376682969040307114e+01	-4.896536228635296750e-02	-1.986186481465891163e+00
4.272128903791995391e+00	-7.245234598141517789e-03	3.391717917851353337e-03
8.393858272497503492e+00	1.511810953192389319e-03	-3.923393455422728993e-01
1.206259385131967221e+01	-3.327154548064047423e-01	9.895391389068804860e-03
9.241184203796579766e+01	2.405639511477462023e-01	-4.394516424900431484e-01
4.393387087331959706e-02	8.238143575320109997e-06	-8.438819227587129323e-06
3.160934943975275857e+01	2.589843382501456071e-01	2.847174968142904827e-01
5.733674939063829967e+00	-7.318103954041184876e-03	-2.116705233465451808e-03
2.398751905986896560e+01	-1.690428984485826524e-03	-1.064453246238595385e+00
2.228241760407875027e+00	-4.816380639574850860e-04	1.178395886861308833e-03
5.365416470630947998e+01	-9.600482260777132293e-01	8.483335975570099885e-02
6.389354245484985739e+01	8.702873543636218123e-01	6.814046676480012277e-01
1.612962982694823566e+01	-7.644461945566280447e-02	7.646792653165150611e-02
7.515906590425483103e+01	7.989184685606518510e-01	5.448762954211379128e-01
8.642214532251415449e+00	-2.702949939757507969e-01	2.597797044123357742e-04
5.893243505198723753e+00	3.929764881678296864e-03	6.457630098285075185e-03
7.806859152145757719e+01	1.954296623871281877e-02	-2.046240497721910856e+00
7.469595967243770929e+01	1.594956788229978661e-01	-1.757797881355173786e+00
2.079051514542941348e+01	-2.635001663988774216e-03	-7.757202678169359267e-01
5.245603666086844896e+01	-1.859194280709756258e-02	-8.704813573877921984e-01
7.148845666130637255e+01	9.555225656976493176e-02	5.719918491861730736e-01
8.071994091056890852e+01	6.482954335124868628e-01	-3.338562661106520002e-01
1.470766415719442222e+01	3.409111823646285289e-02	-5.725833988240981026e-02
4.142604152969866504e+01	6.405823273609834168e-02	-1.095817918543374070e+00
6.335837684805522940e+01	6.638476330608655829e-01	2.205550245514521224e-01
8.705327941067200470e+01	-1.049308881970079987e+00	-1.533721075511840004e+00
2.302542293862702150e-01	1.291949928113530501e-05	-2.773883419486449582e-05
5.636193628791264132e+01	7.073047015595741727e-02	-1.772278323244119491e+00
2.603829398527549444e+01	1.060253016616676952e-01	2.145268052370175038e-01
5.027612097951264403e+00	1.611843946178310571e-03	-1.230875166739156673e-01
4.651050206559268219e+01	-1.150403130047230160e+00	3.724887888376259004e-02
2.091978877591956021e+01	-5.632761320300079255e-01	2.854605187436529828e-02
1.502897432479305806e+01	-4.413216594411036309e-01	1.098910475820795429e-02
8.806589135222441200e+01	6.656854612008520355e-01	-6.874962773180071096e-02
4.216591553009055104e+01	9.004521689162313380e-02	-9.778648968437650968e-01
8.427661044422208647e+00	9.228174106143422623e-04	-3.361632119241309558e-01
7.827610933928011150e+01	9.396829050059101185e-01	3.226877512482327903e-01
3.268920083761267747e+00	5.480315247188970607e-04	-1.542014335556117222e-01
1.355259735453059999e+00	4.812493806660499834e-03	2.020921284524920130e-04
1.677436303274783924e+01	-5.005693061520236631e-01	9.767507272749723773e-03
1.018166718106613473e+02	-2.980858742178508214e-01	4.192065263505955763e-01
8.646736411089146657e+01	4.563629021548218367e-01	-6.147922603847851830e-01
9.410154805279300660e+01	1.038832363779799983e-01	5.262646967184900215e-02
1.210626477058183159e+00	3.383965483949854863e-04	-8.059160615588700349e-04
2.156329603686616281e+01	2.425193249604402912e-02	1.479261530139823477e-01
1.973671606298222159e+01	7.932897746008099604e-02	-1.465189796308626058e-01
7.647509815778941800e+01	5.380897960094266179e-04	-2.128539958757864170e+00
4.459557517409167815e+01	-1.151423122219191963e+00	3.208460256065417959e-02
8.262668285788763001e+01	-2.163773810528078767e-01	-1.228452981063963945e+00
2.840434474960436440e+00	4.868599415112339615e-04	-9.621387377166408517e-02
2.736210891648649834e+00	4.309137568454309984e-04	-1.295410340991330067e-01
6.650547583107885963e+00	1.126460268780239086e-03	-1.162643270905680676e-01
4.479102373063562226e+01	-1.259567332693135810e+00	1.198310936441086133e-02
1.487860721545183118e+00	-6.827593255909253280e-04	-5.379002863468492369e-04
4.319831321780529976e+01	1.945539255257460465e-01	-5.939381035684696553e-01
9.492506510113346962e+01	-6.332451665087633630e-02	-5.023061712908938325e-01
6.478300465634735161e+00	6.195502340471903575e-03	-8.598679057201236500e-03
2.390547340802093146e+01	-4.745164006209114452e-03	-8.620678317261566415e-01
7.160082336432394357e+01	9.437420089445357485e-01	5.248516111326843037e-01
6.613260198253450994e+01	8.916424966480460679e-01	7.108531625965930356e-01
2.535978802412186894e+01	-2.525170513101465120e-01	1.812349171054193353e-01
4.995245069451701170e+01	-4.290286324084371938e-02	-1.440840793422530908e-01
9.771001263780739521e+01	-4.241631911105769870e-02	1.140675453980320109e+00
4.710048183524109788e+01	5.441243036503481401e-01	3.973267686815105115e-01
8.649151256338890903e+01	9.649185641640158906e-01	3.914723469731586913e-01
2.902184455848444244e+01	2.430551109106379726e-01	1.183352674335282628e-01
3.909628846622193343e+00	-7.699160327821591432e-02	2.265703278629333135e-03
8.650630200887563603e+01	1.091416933374332210e+00	6.113797406005709867e-01
7.689125511409305602e+01	-4.702418641699323415e-02	-8.397713636745504084e-01
1.019697830767620772e+01	6.532150373706841970e-03	-2.645001030581418597e-02
4.811956817562969491e+01	5.782136607468479905e-01	5.834731372035912855e-01
6.724515279048705452e+01	-1.788184584450984715e-01	-1.428631438351911198e+00
6.728104557855225210e+01	4.801812611448040835e-01	5.032151550514950555e-01
1.787971463023045615e+01	7.704348104120477617e-03	-5.943006500344669707e-01
3.911213437949748339e+01	3.655780982743530028e-01	4.874870760704393818e-02
2.509594204771520065e+00	-1.511486279280269997e-02	-7.199827564513840410e-04
4.910134067089686027e+01	5.289441497473714726e-01	2.872392410591779188e-01
2.185548331630077712e+01	7.426431655611936966e-03	-8.152742015501880379e-01
1.093726813311950075e+01	1.601713837087301653e-02	-1.271360818681435412e-01
1.285626213765679871e-01	2.131395264384179980e-05	-1.551315239454429900e-05
5.593565522171126503e+01	-6.274108233805443247e-01	1.789636081557581804e-01
9.463312268367892743e-01	8.336637709735519311e-04	-6.192780335446779021e-04
8.616138186987492986e+01	7.825933816706087676e-01	3.563208929260551217e-01
9.489113520126281287e+01	7.438903795008982023e-01	8.137009496369913553e-01
1.742826160770723831e+01	3.177122948220391634e-03	-7.635295462007072320e-01
3.303892438034903023e+01	2.060293994603019235e-02	-1.082553085452737651e+00
3.975429562176276477e+01	4.360755718773601797e-01	3.682476776212019187e-01
4.930326802871496739e+01	1.246931982824660105e-02	-1.950759720277237319e+00
6.155285427008443833e+01	4.887796638650247077e-03	-2.236575925178967861e+00
5.034973382019143173e+01	5.849351913633422662e-01	4.124392164545023221e-01
6.133841909953089555e+01	7.879182429717510594e-01	7.008120985423127447e-01
7.436003678717975163e+01	-2.003035513947205304e-01	8.961505455624023397e-02
1.031057134571140068e+02	-3.655376624889020154e-01	1.345375720228100036e+00
6.827874719800149705e+01	1.549422129062600906e-01	-1.703047602727695509e+00
7.127897045758545858e+01	-7.672223880443518329e-01	-6.489626112767055144e-02
2.780787193843179850e+00	3.554094393063730157e-04	-1.258071810346090003e-01
3.899093878894584719e+01	8.946719759618408652e-02	4.199730517296577093e-01
8.909201047436598131e+00	1.112337120502323445e-02	-3.133062174930278942e-02
3.256608710383807903e+01	-9.521687845569803965e-01	-6.122097292414965461e-03
5.924615347426008327e+01	2.312180086272968005e-01	-9.513784595850020009e-01
6.947811153618610547e+01	-7.615094162052651883e-02	-1.976444226961896256e+00
2.710014102201068198e+01	1.969083841363407916e-01	1.512345007066054625e-01
8.430621009151397516e+01	-2.346474647705337480e-01	-1.487796907453403650e+00
2.769497500931293210e+00	-3.171702261174446855e-03	-1.818061831902166451e-04
2.418949981101030211e+00	3.553103635743940186e-04	-8.556458797505570035e-02
7.475363497163917259e+01	-1.078102350586762626e-01	-1.951118833615446135e+00
9.501795604285814534e+01	-1.065217142986540633e-01	-5.348156255954179539e-01
5.658550897353951115e+01	6.794498306307558688e-02	-1.802824252115444059e+00
2.088371505964460795e+01	-2.485054181071213574e-03	-8.524665862978392239e-01
2.298161209895493773e+00	6.501237189505374055e-04	-3.495161250851878953e-02
1.503269996896229621e+01	2.066223531154363609e-04	-4.224667728879063500e-01
6.447778650599073558e+01	1.035970249488125938e-02	3.348254268709335291e-01
6.820385543382022320e+01	-6.089180328454301128e-01	3.520720094235992720e-02
5.726792233728847492e+01	1.378055508280467689e-01	-1.334919175805679314e+00
6.662303482115262909e+01	2.044465066213847493e-01	-1.406259082907830082e+00
9.373448317099791538e+00	3.082790892745206068e-03	-3.452338812213529562e-01
4.219732285619306111e+01	-1.102078212408859059e+00	5.160506716773994446e-02
4.080921302287955399e+01	-2.318475179673881205e-03	-1.705468067152519751e+00
1.820677447266479732e+01	4.149263218921342422e-02	-2.629290788468103823e-01
7.813027302936665919e+00	3.970482552926426004e-03	-1.777147053344526051e-01
8.453039127440744949e+01	1.166156987337051198e+00	6.649074306651632238e-01
2.655516638271182472e+01	1.931954571940695808e-03	-1.130807938773347399e+00
3.291347970749402663e+01	-5.407968353297712971e-01	-1.311823966975063024e-02
1.760835107287681467e+01	-2.407734772864144057e-01	7.026717915116556523e-02
8.289830066067864323e+01	1.688830848572349733e-02	-1.788413196992276966e+00
7.056820394421824005e+01	3.685438583203084484e-01	-9.037081589530029380e-01
7.775240045451666049e+01	1.050838070400199387e+00	6.562874210241170791e-01
6.036180494730449198e+01	-8.095593693265932256e-01	9.021425681178374401e-02
1.243615135021410023e-01	1.505803805484579951e-05	-1.923619749829179923e-05
3.440434380136198911e+01	1.394109551222424970e-01	-5.587154430476356515e-01
8.913618041656148705e+01	8.658605236341144762e-01	2.430997502371821384e-01
8.744453387654274046e-01	2.656448586267280872e-03	-7.111951054674627492e-04
6.843933344757158466e+01	8.469988733623823318e-01	6.714261531160722329e-01
2.365813231838217945e+01	9.937785108691352554e-04	-1.042560648539055945e+00
1.884327886135686114e+01	6.936416978642397091e-03	-6.977051512794703036e-01
6.171950647719881999e+00	1.475461136076008711e-03	-2.576905970571838900e-01
1.132436771811173026e-01	1.615873266345180609e-05	-1.466346216664074788e-05
1.907284030151908638e+01	6.509392283069605212e-03	-7.243003250133045468e-01
8.766520146306551453e+01	-3.668368552342791272e-02	-1.452077550540960216e+00
2.403563504165800424e+01	-2.422770533438457774e-03	-1.058506062886831911e+00
2.893894716534688527e+01	-9.251812932325638172e-01	7.018241712682743265e-03
5.755578681047914813e+01	9.246057150731139263e-02	-1.663897460413687357e+00
5.998632142900112285e+01	3.092588605277410418e-01	-6.782249174354157972e-01
7.062181509366740784e+01	-2.686395727178328419e-01	1.325186772868058027e-01
5.280860956828948360e+01	-8.954587605334687339e-01	1.107044919984270792e-01
6.249867399295942505e+01	2.531944410943307716e-02	3.620549571658139842e-01
8.274019945754290006e+01	-2.154776401494816751e-01	-1.553424809706960064e+00
1.131281384586150018e+00	-9.714212047388284116e-04	6.027195388596412809e-03
1.780825108897948894e+01	-1.739037701850604592e-02	5.267862075103828534e-01
6.283785389300495794e+00	-9.141218034782286339e-02	6.528743823762263310e-03
2.704115342993096860e+01	7.574046172607115657e-02	-5.099293493551891876e-01
2.363059477007490372e+01	1.407350833487907849e-01	-9.922380809041680960e-02
1.631516540740977206e+01	4.629368516228461738e-02	-9.827995830161437296e-02
1.168905371433234741e+01	-1.172018093232131131e-01	2.834449974362594771e-02
5.996154577892516357e+01	-9.964245665753964643e-01	-2.085236351884466321e-01
3.587703495302832835e+01	-8.735087840891578859e-01	8.862345753359915368e-02
1.195061088882144773e+01	-5.006622298677393390e-01	2.917003386541658968e-03
6.409231106956528379e+01	5.201826209615807439e-01	-1.778795272933861860e-01
1.888093181182870062e+00	-3.622483237275510304e-02	4.246191869577050086e-04
3.093562069236543977e+01	-8.126944344804936868e-03	-1.305248396928260224e+00
5.058597264315424979e+01	-1.175095864773171517e+00	3.529778030231189856e-02
4.434639456694087301e+01	3.049813351584014162e-02	-1.593144619973912768e+00
6.948708487522721100e+01	6.853695533609575063e-01	4.775908684968389883e-02
6.876816326653646172e+01	9.392575241614323223e-02	3.102127776180211294e-01
7.562667646289385459e+01	5.188019901623295294e-01	-5.970556900182348858e-01
1.861482054453119162e+01	7.200420506890682117e-03	-6.720416783254490323e-01
7.760757524487086556e+00	2.211036536237713946e-03	-3.068476417098728870e-01
5.770193994461570952e+01	7.508041849317819150e-01	6.891608848300474488e-01
6.137904254836162465e+01	1.362300160155116395e-02	-2.218969740730164730e+00
9.955652632222875553e+00	-3.078749129084743519e-01	1.490786617939983166e-04
1.714850791199325641e+01	2.187706978065635521e-01	-1.552752713782897497e-02
2.152221498566080626e+01	-6.766688856406327668e-01	1.214656185216915138e-02
6.124890108243499043e+01	-5.097623739779599122e-02	-1.207504576976210942e+00
1.041577948208763758e+02	-1.688399660276098391e-01	5.552603392038240049e-01
6.601167665971505016e+01	-7.881227549688582523e-02	2.804737356481794008e-01
9.769255400586624205e+01	1.959584216487021135e-01	4.866553105115425382e-01
1.895269614314909390e+01	-1.666324777942960189e-01	1.059062195432864673e-01
2.603305092818263944e+01	4.232087454570133966e-03	-1.062418783688911184e+00
2.859177565389165920e+01	1.805059820389556813e-02	-8.728406249102924619e-01
4.393103056449164967e+01	-1.463035413156089405e-02	-1.474593465737731535e+00
3.804201133028796988e+01	2.059817906529984657e-02	-1.379172586272392698e+00
6.808640246757464354e+01	9.219419803398698487e-01	7.081310483375874432e-01
5.989546556812617695e+01	-1.406802187487865785e+00	-1.187669393532043566e-01
6.399763820646693802e+01	-5.911493881203393475e-01	1.166024261593241601e-01
1.700347896444127205e+00	1.051598051501258582e-02	-1.805648548583710768e-04
5.270768367442081370e+01	-4.837190757933227392e-01	2.386526737784978591e-01
8.316642298657870924e+01	7.215063383568375288e-01	3.982801790155320321e-01
3.758029215320501493e+01	-9.934408250664068518e-01	6.148814883287116728e-02
6.786069799897143184e+01	-9.997973526782730769e-01	-7.761295081417442232e-02
7.816204888853305022e+01	-1.319651348819350922e-01	-1.894181282246942377e+00
9.195837051659842132e+01	-5.386843370117810892e-01	-3.727016195738384052e-01
4.360558437399528486e+01	3.737613799155335981e-01	-4.124269281691590738e-02
1.519032174859425055e+01	5.760090457128652901e-04	-5.786441752335309552e-01
8.302190051601570531e+00	4.364329918941377328e-04	1.893937806142229341e-01
1.286181713992334963e+01	-2.078506737260411019e-01	2.754930635933325322e-02
8.116341071323900280e+01	2.531408316930249813e-01	-1.350901147352270737e+00
3.742365146905193285e+01	-9.536358140656508997e-01	-1.269065584544754738e-02
4.671030658011643766e+01	-1.847918752823671934e-02	-1.444867238484913496e+00
2.492627510702289495e+00	2.346704201226493714e-04	-2.620976431149326866e-03
4.228510742032606906e+00	-6.399653215803652664e-03	8.253331450968591498e-03
8.386325241518711948e+01	1.198495159676954858e+00	7.143951269997605991e-01
1.766451015378649103e+01	-2.744452363567759234e-01	6.266026387288964328e-02
2.780969884181450080e+00	3.821586468770710155e-04	-1.279399991322509866e-01
4.389932757405628649e+01	5.246566966416577049e-02	-1.314552697699694628e+00
3.512100678828138367e+00	-1.159899881689900186e-01	7.667698152793429953e-04
3.339043544528477980e+01	3.410239961866066288e-02	-9.387461102322339768e-01
5.743200728302525704e+01	-1.828155337839002664e-02	-2.107076668725948565e+00
6.462860573303339606e+01	5.295073264018478054e-02	-2.120585564841527493e+00
7.600936896398010845e+01	4.950225501653243154e-01	-6.753960772970253323e-01
9.288493124404834589e+01	1.340767871268863931e-01	-5.515398374696207640e-01
6.285080698686508072e+01	9.956042261676660565e-02	-1.830260939529938291e+00
5.778976101647106134e+01	-1.002151415470863949e+00	-1.839111062168994337e-01
1.263411581564443331e+00	2.475118932246044793e-03	-1.196364222908087929e-03
4.504183873538445226e+01	-9.882847402088166255e-01	8.945209316142033185e-02
6.170627681314687152e+01	7.143909388806812810e-01	6.751231688789105512e-01
1.629602580216414154e+01	2.244326848732189003e-02	-3.094172267601675297e-01
4.283038946221775056e+00	1.085119453513886442e-03	-1.543352755625867767e-01
4.149737294459082904e+00	-6.094229290120486281e-03	5.309197985086129947e-04
5.133249994584209475e+01	8.317161837310571570e-02	-1.426216578670047364e+00
8.437714080382690440e+00	9.931069585044118020e-04	-3.443728078048597929e-01
4.084231301008355963e+00	8.829690574538944479e-04	-1.308280805052060569e-01
9.051672505222020959e+01	3.291407022492791046e-01	-5.199291922978848124e-01
5.799473605777829732e+01	-1.093330302410494115e+00	-6.131794818005799341e-02
8.591374124479480656e+01	-2.557805307493896119e-01	-1.414824450863794159e+00
4.052616676644758087e+01	-4.667239963711837802e-01	2.453265858381454834e-01
9.107016028645168149e+01	1.110507530957833389e+00	7.595757717322697555e-01
2.431466234555457717e+01	-6.929664753363959928e-01	3.043662536954935827e-02
3.557475630165141212e+01	-1.020696831449711128e+00	-6.814132910120059700e-03
9.540506113788197240e+01	-2.634055892414379763e-01	-4.422673696054232884e-01
9.947734496374928881e+01	-3.488945358326618340e-01	-2.211312535199028498e-02
5.900056610820103487e+01	1.156758495423606536e-01	-1.566967866216491423e+00
3.354185152142161286e+00	5.619053884720252943e-04	-5.617095322138218605e-02
2.755414175982549896e+00	4.293240219918629998e-04	-1.315497849976620115e-01
1.045485899739383129e+01	1.707228897599367967e-03	-4.847562446294116922e-01
1.042107165688509980e+02	-1.637774258819449935e-01	1.187984553190279957e+00
7.267953953608113693e+01	-1.098477937115534819e-01	-1.280045325235799947e+00
3.020564234541690762e+00	1.146052946496092101e-02	-2.145376728632639521e-03
6.863320951082663157e+01	4.583384580805794917e-01	-5.399047629453057606e-01
8.695794247531716792e+01	1.057377509002846327e+00	5.526229579303725270e-01
9.921796214438137440e+01	3.327203736913419974e-01	1.389755903208714560e+00
8.637689692888143611e+01	1.654293713157556633e-01	-4.261596161789577564e-01
1.265355496765719323e+01	6.437645245462053113e-04	-4.417604264843174589e-01
3.080681046888946284e+01	-6.656785113387899688e-01	1.162477049360230441e-01
8.204564157854876782e+01	1.524287399122959963e-01	-1.571796477168233563e+00
8.161952558103742206e+01	6.373688128847325718e-01	3.657810416725517100e-01
4.566883252212743116e+01	-4.769485660583560604e-01	2.506669095662600322e-01
4.199416755667272128e+01	-1.126237936775877468e+00	2.613974418010775545e-03
5.476757989280582706e+01	-1.222179431422202089e+00	4.458953032249243081e-04
6.776940491233989405e+01	1.699075905523150520e-01	-1.612558306062488178e+00
1.920974151230821292e+01	2.093324851472155509e-02	1.054678166091822522e-01
7.084902188801680722e+01	2.413655611486048014e-01	-1.388740244921484956e+00
2.980786747345654319e+01	1.608064891688920986e-02	-9.847479401455608850e-01
5.741474044211146577e+01	-2.277141573615419981e-02	-2.060194183551180558e+00
6.929293611036101197e+01	-5.158691281155618480e-01	5.289913842019722257e-02
4.646753263532885825e+01	-1.392924996352617670e-02	-4.664339090431874335e-01
8.011881930439996324e+01	3.841313962499683932e-01	2.503547271436957766e-01
3.400141102694922868e+00	4.733703980427109094e-04	-1.023124240193053203e-02
4.624212713904226035e+01	1.347781568375964155e-02	-1.840961138384780149e+00
6.809519134088471048e+01	-9.194908582573693701e-02	-1.105187626783767696e+00
3.795725217057752121e-01	1.116375105366196688e-04	-8.326959389143160284e-05
8.751917938666227315e+01	-2.640060221456996814e-01	-9.495821685241788712e-01
7.398333698102101152e+01	2.009129164344161389e-01	-1.605324791820509578e+00
3.486129171622876299e+01	-7.251504342562866690e-01	1.326307867067540447e-01
6.333827762978705067e+01	-6.476699004744690402e-02	-1.628966077094050169e+00
5.412284470911304624e+01	-8.016170507125859324e-01	1.334348067996064258e-01
3.456075130794844963e+00	1.349006717638350037e-03	-6.212725106156785637e-02
4.313265537586334908e+00	2.648841237252592008e-03	6.538071057575582656e-03
7.627622702710343816e+00	2.231655679335574263e-03	-2.898725685653008033e-01
5.876902943445080041e+01	7.498664837935464789e-01	5.783216054260030825e-01
7.944271466427103690e+01	8.810552624566025948e-02	-5.807563839810282735e-02
5.743445359578556975e+01	5.606213411887125964e-02	-1.922601182193317992e+00
4.151992758384792381e+01	2.459840060869740441e-02	-1.516590079996795515e+00
6.383000274560917120e+01	-1.033850439752127093e+00	-3.796506750629970173e-02
1.818779157899480126e+01	-5.429677958096912338e-01	1.109573236518454978e-02
2.218826957195899841e+00	2.093641183376379979e-04	-6.138705059224539712e-02
3.051147384072557500e+01	-1.212006881654412171e-02	-7.055577080547044133e-01
8.647836740191612748e+00	2.148406743630563998e-01	-7.785332975510711115e-03
7.080843650997547911e+01	6.289259604402629433e-01	-1.431635415963010971e-01
3.042542785587751819e+00	6.366972113424356101e-04	-1.216701311976355615e-01
3.216410505827709820e-01	2.466795593529200214e-04	-7.462400716627589628e-05
2.445892305065200389e+01	1.156387972281392451e-01	-2.589851548697019168e-01
8.116934644130214593e+00	1.914041623342633376e-03	-3.566625697630231295e-01
3.088339911237662960e+01	1.262061410376073001e-01	-4.886994773679995130e-01
3.784710182500242936e+00	-1.232509565728174827e-01	1.691536129288574470e-04
2.391927102321740151e+01	-8.879050927032778109e-04	-1.064941994120002677e+00
3.316667545781338156e+00	4.196603704797030447e-04	-1.455456593547399813e-01
6.728383186973528041e+01	1.471598679910300633e-01	3.533623901532131351e-01
8.034539645063708235e+01	7.607888071389165008e-01	4.561671177345075767e-01
4.423261320685486453e+01	-1.011750809070789847e+00	8.141354758567928562e-02
3.922919179084505714e+01	3.365666038736267462e-02	-1.267946713879859244e+00
5.723042953206675776e+01	5.914123101967275198e-02	-1.893245867295320073e+00
7.501138574822672922e+01	-5.969280481020063089e-02	-2.164423988838941604e+00
8.112587805336491442e+01	6.171699213708906617e-01	-4.035239269426204034e-01
1.034276855377400040e+02	-3.599088699261109858e-01	1.323101866340600008e+00
6.518293629613442874e+01	-7.693888555569493304e-02	-1.420941429814454260e+00
7.838917819374194096e+01	-5.740028010923120538e-02	-2.084798740260983330e+00
3.128524055315864771e+01	-9.037651566838998951e-01	-6.063020830625269865e-04
1.652954946802650094e+00	-1.249601260708200004e-02	4.194286141556639977e-04
4.925236344262086163e+01	-6.866907146635335690e-02	-1.444792479344524816e+00
8.853755755597838117e+01	7.842682167590161457e-01	1.817368546831332199e-01
3.436701110227787570e+00	-1.131305778452760191e-04	2.116176549483000935e-02
5.923688488049868539e+01	6.543261004249447677e-01	6.624867509258445253e-01
5.480679912246705499e+01	6.071103135270783727e-03	-2.116839766123022493e+00
1.024573345631179961e+02	-1.210214753894039985e+00	-7.112618425670960143e-01
5.844652650125736670e+01	1.225074462278152865e-01	-1.492603202312766664e+00
8.007353123806785433e+00	2.022418560821716976e-03	-3.407708623040108797e-01
7.241146410761267305e+01	1.040437484097957777e+00	6.931571289762435972e-01
1.875748874761391960e+00	-1.387859577587483451e-03	-1.961031092941252258e-04
8.379314168495993442e+01	1.348370800457435181e-01	-1.506148448094393189e+00
1.525192463573853630e+01	1.505072531948375199e-03	-6.908611106679505287e-01
7.049616773184241936e+01	7.707970514378054139e-01	2.116226540798681888e-01
7.812965139178564300e+01	3.469292455910173989e-01	-1.132076901942928648e+00
5.038167803991007077e+01	-7.600684439853410135e-01	-2.711850893438848623e-02
2.775672128409909956e+00	4.414257369922579754e-04	-3.945464612619149769e-02
6.411300224340942577e+01	6.869238811914067655e-02	-2.035948258816562717e+00
7.919536119854359413e+01	1.013210157159279534e+00	4.413082674668711292e-01
2.462171777907530057e+00	-5.022957994569349910e-02	-4.592022908688339817e-04
1.546885069475838570e+01	1.986843540988866407e-03	-1.493935546218472243e-01
7.008185732431958570e+01	-4.435962123278009567e-02	-8.894938817049388158e-01
6.392618326374585536e+01	-1.648798033412996952e-02	-2.253698325421098048e+00
5.076193275075000955e+00	3.322680135643260244e-03	7.652062760484466472e-03
9.732156309818934403e+01	3.062600529743955136e-01	1.115249949033678689e+00
1.004737643868324994e+02	2.650271532160436427e-02	9.945333623225640629e-01
3.068011326206010381e+01	8.345137193614873827e-02	-6.209836657315492836e-01
2.986747934237100921e+01	2.958036023194674305e-02	-8.120545018355291855e-01
4.959507123836373665e+01	-1.076785286613016090e+00	-1.541943146405341455e-02
8.328594770645155521e+00	8.799450839659415458e-04	-2.375116465048011938e-01
1.167416826970774046e+01	6.470688713353320472e-03	-2.961972787139986463e-01
7.209555484374631362e+01	5.676179497900789572e-01	-3.527621344350926891e-01
4.981627979441570631e+01	4.151887111987444257e-02	-1.739075847243688244e+00
6.137281872258756721e+01	-5.104946655796199773e-02	-1.735390530370267692e+00
3.182850970774525612e-01	1.534953460852204454e-05	-3.682379939772750045e-05
3.249443109640125282e+00	-2.859997213649800082e-03	1.729903266995458030e-02
4.774896950683038099e+00	9.186969061521729242e-04	-2.214059433003816579e-01
8.210637860707973346e+01	3.442759937541602366e-01	-1.081962664065755142e+00
4.046600815240145010e+01	3.162882587181557389e-03	-1.682733874045264422e+00
1.008681234143213885e+02	-2.432332335783378985e-01	9.405635781238455562e-02
4.099196219028929988e+01	4.426128347771212529e-02	-1.239396862858982873e+00
7.476021092236389620e+01	-2.824135638038137719e-01	1.707818688483855873e-02
4.804203716467924323e+00	5.757376766499724833e-04	-1.123554407364925622e-01
3.083962036122953609e+00	-4.272930833559780532e-03	9.604298097127851597e-03
3.625211004991543007e+01	4.297000988373050889e-02	-1.007316452742898827e+00
5.106303422218804400e+01	1.784728181790294077e-01	-8.635351544353064845e-01
3.598985733915882435e+01	4.417637665373341793e-02	-9.867214443215548414e-01
4.023409137804945601e+01	7.215437938725806355e-02	-9.999451010196199752e-01
1.321393484010159991e+00	1.348337553226979977e-04	1.090882718247710055e-02
4.091060592219422887e+01	-1.144984427868200177e-02	-6.915934568924009263e-01
4.391802248095676475e+01	-6.936585649499598105e-01	-2.021292163355827010e-02
4.819391153744760459e+01	-8.678755945054246190e-01	1.263671397938725960e-01
6.539880948878666800e+01	3.428082427992584225e-01	-7.821791845003804866e-01
1.778231193290179979e+00	-2.368924191700829893e-02	4.025217031964949880e-04
2.647128517637496969e+01	1.503272664099414013e-01	-2.280595145865952633e-01
2.604606530657540375e+01	-7.853837643077756780e-01	-4.335089791435339443e-03
