3.219932306374320063e+01	0.000000000000000000e+00	2.665258445699079937e-02
-4.781191814030390397e+00	0.000000000000000000e+00	2.476593665078540063e+00
3.520753983166199674e+01	4.723911226402240231e-22	7.035731724052369795e-01
2.600458851028169960e+01	0.000000000000000000e+00	1.304439359735760084e-01
3.466126487075400320e+01	0.000000000000000000e+00	4.977236859048429773e-02
4.362798565192880318e+01	0.000000000000000000e+00	-3.246499266386269955e+00
4.300012244190799748e+01	-2.921314349520400221e-19	-3.524824096623590197e+00
3.469246418450450165e+01	0.000000000000000000e+00	4.608428566925210079e-02
3.735449700681610352e+01	0.000000000000000000e+00	-6.237780299318189670e-01
3.465498624668690297e+01	0.000000000000000000e+00	-1.766603998939249992e-02
2.649917643814880108e+01	0.000000000000000000e+00	7.255495284614700341e-04
2.220607980222009914e+01	0.000000000000000000e+00	-6.715113170806480489e-04
3.243988307793689785e+01	0.000000000000000000e+00	9.914891534500949732e-02
3.584694098385440242e+01	5.428950768980610379e-19	9.790056135929020797e+00
3.621477579631500276e+01	0.000000000000000000e+00	-7.938152076041510297e-01
2.387854964045340012e+01	0.000000000000000000e+00	6.487350003731669722e-03
4.334529817852889977e+01	2.073124314328690120e-19	4.071798376712999712e+00
3.462580925968060086e+01	0.000000000000000000e+00	1.268576259155770047e-01
3.468846188881219916e+01	0.000000000000000000e+00	4.714340200794780306e-02
3.990124495840860153e+00	0.000000000000000000e+00	-2.603599752108299858e-01
2.000527468871219838e+01	0.000000000000000000e+00	-1.995801473653199931e+00
3.733862056297890319e+01	0.000000000000000000e+00	-2.416194336863810133e+00
3.515171436085839929e+01	0.000000000000000000e+00	9.696571087801290290e+00
1.412069611894190047e+01	0.000000000000000000e+00	-1.567453668057779970e-01
2.334492290123930047e+01	0.000000000000000000e+00	-8.734128797541339684e-04
-3.109030272956439855e+00	7.238032432121065890e-36	1.726345864602290281e-01
3.468924787176580082e+01	0.000000000000000000e+00	3.865266187683209786e-02
1.801221581426370122e+01	-1.935667424369000116e-22	2.235386532380059972e-03
3.611673059675889874e+01	0.000000000000000000e+00	-9.744811660982659607e-01
1.952708685056029836e+01	0.000000000000000000e+00	6.578029668980710232e-04
1.086476646962019998e+01	-1.142159349114480007e-18	3.841655658583139843e+00
2.270640330713640154e+01	1.550253292382650114e-20	6.677535366720850352e-01
1.925966638119210117e+01	0.000000000000000000e+00	-1.802300403911849980e+00
3.301219233871280068e+01	0.000000000000000000e+00	9.879566731622340114e-01
3.324189611556879953e+01	0.000000000000000000e+00	3.570582001930590332e-02
1.958295655202509877e+01	0.000000000000000000e+00	5.925164165794530248e-05
-2.998603344115250202e+00	0.000000000000000000e+00	-1.896520161642099855e-02
3.563434493317289764e+01	0.000000000000000000e+00	-3.303220419434799826e+00
1.532895567457609909e+00	0.000000000000000000e+00	-2.535015047433700208e-01
3.378633547631650202e+01	0.000000000000000000e+00	9.144671099433049122e+00
4.484798909458029925e+01	1.647932401436949950e-20	-2.232888096846669945e-01
3.469600060432829736e+01	0.000000000000000000e+00	6.040490818372019899e-02
9.621516725793899383e+00	0.000000000000000000e+00	-1.023152972200599975e-01
2.433261132198339993e+01	0.000000000000000000e+00	3.016389960501479964e-03
3.145360786725629865e+01	-2.154983458287339846e-20	8.752246354203030876e+00
1.339683925694659905e+01	-6.390532659792341282e-19	3.575426129857429469e+00
4.439413627067979817e+00	-6.474376406743709841e-19	-3.658241051075959982e-01
3.467731692554659872e+01	0.000000000000000000e+00	3.971170818477289671e-02
3.706147729713160288e+01	0.000000000000000000e+00	2.655691127645080085e-01
3.788510900873099985e+01	1.361277616516039946e-18	6.715834892356880026e+00
1.766922165043740023e+01	0.000000000000000000e+00	-2.179534385440840005e-04
1.820884817160930069e+01	0.000000000000000000e+00	1.261875367458289900e-03
1.058211507233930071e+01	1.052433931916510040e-27	4.711156821642169951e-02
3.471105298247339732e+01	0.000000000000000000e+00	4.934130317837460283e-02
3.469473418129639697e+01	0.000000000000000000e+00	5.163289160158020252e-02
2.334082082113900114e+01	0.000000000000000000e+00	-9.143174334063139787e-04
4.440283067265669814e+01	-1.451037968764520090e-20	-1.906688343406360009e-01
3.467337371422860315e+01	0.000000000000000000e+00	5.633796525500690128e-02
4.062838505609109774e+01	-3.901831999821729703e-20	2.588892973217320037e+00
3.470243219223770126e+01	0.000000000000000000e+00	5.547609163590890013e-02
9.930478886838159935e-01	0.000000000000000000e+00	-2.327174201818809924e-03
3.143279991926300099e+01	0.000000000000000000e+00	1.818229967457600169e-02
-5.608306589354690175e+00	-1.132441162670679861e-19	3.672933834983709844e-01
2.371525845788429976e+01	0.000000000000000000e+00	-6.432517784368429645e-05
4.278490896665910270e+01	-2.584531010288950126e-19	-4.003725970478219764e+00
4.144537469650749983e+01	-2.865460915459480256e-20	-1.492064209168399991e+00
2.146817411404339992e+01	0.000000000000000000e+00	6.604534071938300381e-03
4.021342308514090291e+01	0.000000000000000000e+00	1.225872971870650030e+00
1.097744557330880077e+01	0.000000000000000000e+00	5.595426752307510257e-03
2.869048312035319626e+01	1.856958060631349510e-21	-6.647882787377868974e-01
1.114659441834120024e+01	0.000000000000000000e+00	-1.849267919155729967e+00
3.468067519058050152e+01	0.000000000000000000e+00	4.185656798897619685e-02
-4.299248284870570203e+00	0.000000000000000000e+00	2.056703233171090162e+00
2.393554830005700040e+01	0.000000000000000000e+00	1.113947183021000065e+01
2.879244669739239981e+01	0.000000000000000000e+00	4.949309314220169675e-03
3.707934342388639948e+01	0.000000000000000000e+00	-4.030366856935059805e-01
1.527045562676580026e+01	0.000000000000000000e+00	-1.388387730789999996e-01
3.634344193274360180e+01	3.972510624848699967e-19	9.665279177601320271e+00
4.434847971937330158e+01	0.000000000000000000e+00	3.099451882818160087e+00
2.879925543221209949e+01	0.000000000000000000e+00	2.358637843253169955e-02
4.000581718293820188e+01	0.000000000000000000e+00	3.992376333707269853e-01
3.155872320661940122e+01	0.000000000000000000e+00	5.558252330713939898e-02
1.771377856940589979e+01	0.000000000000000000e+00	1.061619108289530011e+01
2.363040786498210011e+01	-8.159729087241280320e-20	1.135074804384939995e+01
6.137708063984949725e+00	0.000000000000000000e+00	-1.308044806687510109e+00
2.327143512958970106e+01	0.000000000000000000e+00	7.873681729694848377e-03
2.508073411778499917e+01	0.000000000000000000e+00	-8.153475815386950322e-04
1.839914011408150074e+01	0.000000000000000000e+00	1.726609058464919906e-04
3.763417553120309833e+01	5.221266743426300198e-24	-4.819262472099600236e-02
3.248955256041779904e+01	0.000000000000000000e+00	-3.480776157766360068e+00
3.469811685385300137e+01	0.000000000000000000e+00	5.767912212692970220e-02
2.572531378395170165e+01	0.000000000000000000e+00	7.112857567280980210e-04
3.463382043563070312e+01	0.000000000000000000e+00	1.356188695248010112e-01
2.097818481281450076e+01	0.000000000000000000e+00	9.014903116092739914e-04
2.473597785602670029e+01	0.000000000000000000e+00	-9.697010055746289794e-04
3.875029243152430070e+01	-1.340107134038869975e-21	-1.067209415669079897e+00
2.096124819017940055e+01	0.000000000000000000e+00	-4.241429549409880123e-04
3.431640756823159677e+01	0.000000000000000000e+00	4.899322980325630100e-02
3.574700966377449873e+01	1.225512623209960064e-24	-7.308045472812240151e-01
4.830245277622630340e+00	0.000000000000000000e+00	-1.854190853156219898e+00
6.704789554317139633e+00	0.000000000000000000e+00	-1.081032879988510054e+00
3.998151146951060042e+01	0.000000000000000000e+00	-3.197687001063129753e-01
3.341704997675609690e+01	9.967310331469489484e-22	7.386439039105150428e+00
1.242182098016779968e+01	0.000000000000000000e+00	-1.878958662764719859e-02
-3.005812252145589891e+00	-1.593826259524310057e-18	2.547934837443570188e+00
1.656200581705509833e+01	0.000000000000000000e+00	-1.306396474853779965e+00
6.821229355356540403e+00	0.000000000000000000e+00	-1.763780090363779862e-01
4.454552632576510263e+01	1.374851998803419998e-19	2.344241160805780044e+00
1.021449226461979976e+01	0.000000000000000000e+00	-5.696542426544679710e-02
2.514362422366989946e+01	5.856562606691849768e-21	1.573635329232719871e-01
2.797070367961820025e+01	-6.903365750266479519e-19	1.724418730716489989e+00
3.990362156679059780e+01	-2.342818362446520004e-19	6.724233167911109810e+00
3.230190410003960011e+01	0.000000000000000000e+00	1.005896045887920032e+01
3.467171999928159920e+01	0.000000000000000000e+00	4.928295349291229865e-02
3.468864933462260325e+01	0.000000000000000000e+00	5.091389092236840025e-02
3.708478592326350309e+01	0.000000000000000000e+00	-8.828498212459719996e-01
3.651062931238399756e+01	0.000000000000000000e+00	-3.483280696114979813e-01
4.870968017606010392e+00	1.182975125443850002e-18	-4.331187268934459933e-01
-5.191904182085980146e+00	0.000000000000000000e+00	2.321345585220329966e+00
4.333809125324609823e+01	0.000000000000000000e+00	-2.975331223620320209e+00
2.927984011545660081e+01	0.000000000000000000e+00	5.313499567706999639e-03
3.276929528313920059e+01	0.000000000000000000e+00	3.089663236478309982e-02
1.905439135088710145e+01	-2.560909114816809878e-20	1.261218755551239967e+00
3.465949192487099850e+01	0.000000000000000000e+00	1.351624321211369883e-01
1.269322227896429922e+01	-1.427333317219140038e-27	1.540053913378579969e-02
2.992321429413269840e+01	-6.463656101168990237e-19	-2.103824842690539931e+00
2.707876630622559944e+01	0.000000000000000000e+00	4.481678483421960152e-02
1.955039335824420021e+01	0.000000000000000000e+00	-3.098059451284370129e-04
3.467264624834560038e+01	0.000000000000000000e+00	4.982509868738180248e-02
3.384419332900060340e+01	9.385640570832553967e-37	2.973512954662450025e-01
3.202333789079349913e+01	0.000000000000000000e+00	2.347856390850670133e-02
3.474233091778649651e+01	-1.585773604411011013e-38	-7.035476968002070119e-01
3.299198980426039896e+01	0.000000000000000000e+00	3.270460440580769818e-02
4.344117386891620214e+01	0.000000000000000000e+00	3.727844862143800064e+00
2.322216742057009853e+01	-2.714984551573839724e-26	6.832246007648059560e-01
4.330232757200089821e+01	-1.762089883964579967e-19	9.036036418993099728e-01
2.259021612497049958e+01	0.000000000000000000e+00	-7.322383969109879818e-04
3.454402141224660028e+01	0.000000000000000000e+00	7.277259893342200026e-02
3.468230858432710306e+01	0.000000000000000000e+00	2.373107417801249841e-02
3.471389741189160105e+01	0.000000000000000000e+00	5.509531283691160297e-02
3.491756925421069724e+01	2.113534046294749940e-22	4.097203047381329788e-01
2.440354758971070126e+01	0.000000000000000000e+00	-6.234151542381820071e-04
1.692978477177990015e+01	0.000000000000000000e+00	1.417056911340839904e-03
1.100206471930810004e+01	0.000000000000000000e+00	5.619757692506560307e-03
3.470504307681949996e+01	0.000000000000000000e+00	6.562530712378500386e-02
2.486803090148860029e+00	0.000000000000000000e+00	-3.029592572079200033e-02
2.571947434198809646e+01	-1.277570886978688959e-19	9.753227236508809739e+00
3.523381597724190328e+01	0.000000000000000000e+00	-9.401925191856740360e-01
3.048134974499949834e+01	0.000000000000000000e+00	1.549951154172399953e-02
3.461411443749720007e+01	-3.145427432275739935e-20	6.582872879045590153e+00
2.978852516165159869e+01	0.000000000000000000e+00	1.111981647842640031e-02
2.695523195953069973e+01	0.000000000000000000e+00	5.851227129200170171e-03
2.844000019881029928e+01	3.663315296676740905e-20	2.266527603627880083e+00
2.942213960705559828e+01	0.000000000000000000e+00	5.653527019715999871e-03
3.563090098151359797e+01	0.000000000000000000e+00	-2.137611731558330064e+00
1.691892010440430028e+01	-6.602605076352960015e-19	7.515969878997640130e+00
3.467145818629160203e+01	0.000000000000000000e+00	1.957005180212789963e-01
3.730343815803850305e+01	0.000000000000000000e+00	-4.120561203445229914e+00
1.834888516897079924e+01	2.034455120644662414e-34	-5.543701878324229781e+00
3.374105316229630347e+01	0.000000000000000000e+00	4.950912662425319827e-02
2.141335569773220016e+01	0.000000000000000000e+00	1.259628939753850091e-03
4.403335880027839977e+01	5.152004214916350234e-20	-7.690240399483050382e-01
3.587148771130720348e+01	0.000000000000000000e+00	-7.596767176386139964e-01
2.083949991864970031e+01	0.000000000000000000e+00	2.642519950955760175e-03
3.426189876620279762e+01	0.000000000000000000e+00	8.783029433797240326e-02
1.257845372336070078e+01	0.000000000000000000e+00	-5.827961005841099731e-03
1.441878892495729936e+01	2.308599124353619992e-27	1.102818290710450011e+00
3.570763541782339701e+01	0.000000000000000000e+00	-2.496279144568660069e+00
3.912779680366050172e+01	2.411676428802980027e-21	-5.347116972226250153e-01
3.460160437748449880e+01	5.460679702935910338e-27	5.496394318854540550e-01
3.469010623243040214e+01	0.000000000000000000e+00	4.753877302942070143e-02
3.169808639548649865e+01	0.000000000000000000e+00	-2.527039229042729929e+00
3.471067089033159903e+01	0.000000000000000000e+00	8.525721499267459313e-02
3.006894210570180093e+01	-1.175339727945659848e-25	2.355725514053350178e+00
3.241614884978459799e+01	0.000000000000000000e+00	5.089587233749200135e-02
2.603662391787759844e+01	7.422433042184210271e-22	3.819374099362100178e-02
2.473797477766609987e+01	0.000000000000000000e+00	-1.111921706635990046e-03
3.452531620033030180e+01	0.000000000000000000e+00	-1.868612240217079890e-01
3.017655755058089895e+01	0.000000000000000000e+00	9.405824935814729656e-03
2.342068334499800031e+01	0.000000000000000000e+00	-3.296844657931610190e+00
2.074188894878309952e+01	0.000000000000000000e+00	-1.776301284730749996e+00
2.541050800051409908e+01	0.000000000000000000e+00	1.581383565078639877e-02
3.977418118154770355e+01	1.833908726526510398e-20	-1.677011053123580009e+00
2.240399622368050014e+00	0.000000000000000000e+00	-1.618099726382160042e-01
3.715157505159039886e+01	0.000000000000000000e+00	7.026133275481360130e+00
2.524511385461080337e+00	0.000000000000000000e+00	-9.775989580387751433e-04
1.690321966738959958e+01	0.000000000000000000e+00	1.838954385992709975e-04
1.232252594599649953e+01	-9.005795773129870583e-20	1.549772907315789983e+00
2.439178345548619831e+01	0.000000000000000000e+00	-1.066017719996640049e-03
2.639146196465739891e+01	-1.190708709694249936e-18	1.099501657130089960e+01
2.386180648448780062e+01	-2.813553561387079213e-26	1.204704026957339913e+00
3.463241502011869954e+01	0.000000000000000000e+00	5.443714485063989861e-02
3.030043528759939875e+01	-2.231758353005849996e-26	3.745550322033249779e-01
3.839885020778780245e+01	4.666977525102010255e-20	-4.170822022217140379e+00
2.241133055358400128e+00	1.021611529354629964e-18	3.212551766384439955e-01
3.049713743440380043e+01	0.000000000000000000e+00	4.174970874703529816e-02
8.313780583485259612e+00	0.000000000000000000e+00	-6.683951312517599948e-03
3.016781958679370135e+01	4.401121795296459765e-21	2.597911578236469787e-01
-4.850684864551440434e+00	0.000000000000000000e+00	1.639188582367109959e+00
3.742683420256800275e+01	0.000000000000000000e+00	-1.698345090500749943e-01
3.469286054661849761e+01	0.000000000000000000e+00	5.527132169463919859e-02
4.099538266989529944e+01	-1.600926790889490069e-21	2.974978836063640220e+00
2.287113473603600156e+01	-8.046920691113880403e-27	1.143892932106009980e-01
1.955593804382230161e+01	0.000000000000000000e+00	-2.879211853383299800e-04
3.172383667123409978e+01	0.000000000000000000e+00	2.349160508103160031e-02
2.272883091661289967e+01	3.807063298273810169e-18	4.261584430100620047e+00
4.148630212550300200e+01	0.000000000000000000e+00	-1.424108180140329916e+00
-5.135452767002059993e+00	1.247841047133260051e-20	4.103140303632620001e-02
1.850257680323640130e+01	-3.345508361082650072e-20	-3.480656761161870172e+00
3.892902606173910129e+01	-2.672785067437079954e-21	5.804279346243520488e-01
-1.081252684424619970e+00	2.339340923811229793e-19	1.031415290871080082e+00
1.064668235786530026e+01	0.000000000000000000e+00	1.963125705845500057e+00
1.759022534238510005e+01	1.556749259024579948e-24	3.413111910366399826e-01
3.302845962408599689e+01	0.000000000000000000e+00	4.200294536267409895e-02
3.288544240419769693e+01	0.000000000000000000e+00	3.180610488279930065e-02
-4.741874035779050089e+00	0.000000000000000000e+00	1.674907800165609917e+00
4.150930402467869840e+01	-4.419403825293010972e-37	4.709398799846180039e-01
2.973081352273770150e+01	0.000000000000000000e+00	7.052148286005979587e-03
3.453349692982880015e+01	0.000000000000000000e+00	5.027023683477430116e-02
3.471149487873859840e+01	0.000000000000000000e+00	6.755511433885280637e-02
2.680252829405320014e+01	0.000000000000000000e+00	-3.843100169503769870e+00
4.208528123602020088e+01	0.000000000000000000e+00	-4.551187773501760070e+00
2.646560048057720138e+01	0.000000000000000000e+00	5.532511768057220281e-02
3.125394429696050125e+01	-4.297015411669000039e-18	6.033178550051509603e+00
1.597875290584330088e+01	0.000000000000000000e+00	-4.627594870799840178e-04
1.954255665545710130e+01	3.062842920629249937e-27	3.441176860723190067e+00
2.138673056823689933e+01	0.000000000000000000e+00	-1.322899297943050053e-04
3.567659722529379707e+01	0.000000000000000000e+00	-3.401625345705630021e+00
2.790659438874349974e+01	-1.629815937059629564e-20	1.216000270875849942e+00
3.752659521238120277e+01	-5.031943049693849988e-24	-4.058052214641160171e-01
1.720574959791040115e+01	0.000000000000000000e+00	1.266923300772299955e-02
3.135136982547210138e+01	0.000000000000000000e+00	3.678941037916690082e-02
2.951232175680640069e+01	0.000000000000000000e+00	6.702224645158120185e-03
3.109732959289939913e+01	0.000000000000000000e+00	6.404456773144770465e-02
3.456017248213869664e+01	-4.868462838145040153e-22	3.325762519009580198e-01
2.402908551667849935e+01	0.000000000000000000e+00	8.054047855991440215e-04
2.838601741863029915e+01	0.000000000000000000e+00	3.401252323084690086e-03
3.156472533104669864e+01	0.000000000000000000e+00	-3.019712112889730182e+00
2.504750957270379885e+01	0.000000000000000000e+00	1.373051823992349962e-03
3.569155360622980311e+01	9.136422433311760042e-22	2.647843806638370268e-01
2.042109161040160004e+01	0.000000000000000000e+00	1.954210205933230166e-03
2.718569995399100137e+01	0.000000000000000000e+00	-1.873957431788300036e-04
3.463245270843459878e+01	0.000000000000000000e+00	5.079894886656029923e-02
1.542660173830689985e+01	0.000000000000000000e+00	-3.036894088920270018e-01
2.438804230108360116e+01	0.000000000000000000e+00	8.182450303361839738e-04
2.035411157356870149e+01	0.000000000000000000e+00	2.654658586960490039e-03
2.810399457376740173e+01	0.000000000000000000e+00	2.712703684080939801e-03
7.809973755284249641e+00	0.000000000000000000e+00	-1.427711859966309949e-01
3.331874990349059829e+01	5.561635395582909837e-21	2.832480223782630091e+00
4.871031526766969932e+00	0.000000000000000000e+00	-1.649636917211299902e+00
2.600441270770710034e+01	0.000000000000000000e+00	-1.139089204150030010e+00
1.238960377209440011e+01	0.000000000000000000e+00	-1.422743073767850086e-02
3.891029578682950074e+01	-4.477458941470309920e-21	-2.258555383761070012e-01
-3.264434585669730104e+00	-6.813577485842589465e-20	3.202387336265229978e-01
3.567595860693649712e+01	-3.329504538659510131e-19	9.966708121435729595e+00
3.465083116904609994e+01	0.000000000000000000e+00	4.536781739803959906e-02
7.278584171770980049e+00	0.000000000000000000e+00	7.169930839401100417e-03
2.369939941440789966e+01	0.000000000000000000e+00	-3.209128628755570034e+00
3.172553471896830146e+01	0.000000000000000000e+00	-2.424377176066689898e+00
3.884011215636340353e+01	5.356358009315099670e-19	7.719239630055580115e+00
3.769977077117150088e+01	0.000000000000000000e+00	3.637274609404100190e+00
1.051762446324149991e+01	2.214513272882630064e-27	2.506282177662470106e-03
-6.280031672453639580e+00	0.000000000000000000e+00	1.324206595612680060e+00
2.555442186469920074e+01	-7.310914607223349279e-21	2.956848984734909980e-01
4.227998482167269856e+01	9.522834708631989565e-20	3.576825880617419795e+00
1.849683098497190059e+01	0.000000000000000000e+00	-2.040244414481379998e-01
5.287441537276089676e+00	0.000000000000000000e+00	1.189817466318400019e+00
1.096208118450890012e+01	0.000000000000000000e+00	5.592140323529119945e-03
1.729702904211870162e+01	0.000000000000000000e+00	-3.828803756328559849e-01
3.362405054049180109e+01	0.000000000000000000e+00	8.979593189935740349e-02
3.471365370316849663e+01	0.000000000000000000e+00	2.190020468874609993e-01
3.194065017942520157e+01	0.000000000000000000e+00	5.763418458230899766e-02
4.029323394975320127e+01	0.000000000000000000e+00	5.717166614577579686e+00
3.204931630761780070e+01	1.504065605762869922e-21	1.514489264423229953e-01
3.453449091910889734e+01	0.000000000000000000e+00	7.479090851166129983e-02
1.925490385832240037e+01	0.000000000000000000e+00	-7.012188281486090302e-01
2.336030149299600112e+01	0.000000000000000000e+00	2.481319654612039981e-04
3.925318321138480115e+01	0.000000000000000000e+00	-5.399385072248190198e+00
3.757713268258230244e+01	0.000000000000000000e+00	-7.723776886006450404e-01
3.471722498608369989e+01	0.000000000000000000e+00	6.214487924629189669e-02
3.083861021799319957e+01	-1.243612655441690001e-18	2.187577898959600198e+00
3.469949721292390166e+01	0.000000000000000000e+00	6.673780983979020476e-02
1.479174459281250087e+01	0.000000000000000000e+00	-1.954457522678879934e-03
1.418492181951610043e+01	-2.363346142748140133e-21	2.148435609715770161e-02
2.223511027876730051e-01	0.000000000000000000e+00	-3.334740933205889834e-03
3.282577472999889778e+01	0.000000000000000000e+00	6.112546183008760181e-01
3.468198478870459667e+01	0.000000000000000000e+00	4.884510074179829880e-02
1.026426919843659924e+01	1.063677048592469976e-22	6.133084917755600267e-03
2.591715802144209846e+01	-3.714718910858780223e-21	1.072677354144399992e-01
4.666127699282889729e+00	0.000000000000000000e+00	2.301118115757959937e-01
4.055020163164270031e+01	3.833253887079709978e-19	4.097413043433100199e+00
2.905162671860299994e+01	0.000000000000000000e+00	8.350226174038270430e-03
3.974242143392010007e+01	-4.552780564294020026e-19	7.795446609774000279e+00
1.898066074201609865e+01	0.000000000000000000e+00	4.722326273832570006e-04
-5.890761406069639605e+00	-3.674437102399180085e-19	1.946286807228180038e+00
1.482744808121249980e+00	0.000000000000000000e+00	8.708402823341250265e-01
2.439370352770480110e+01	2.518310307814549953e-19	6.075395916099079585e+00
1.523325494094600074e+01	1.022867249760630011e-19	-2.837020279677120005e+00
-3.516515418033660190e+00	-2.428107005514290098e-21	-3.504344019649799913e-01
2.705720558615989901e+01	0.000000000000000000e+00	1.460721544257619986e-03
1.476234735357610006e+01	0.000000000000000000e+00	-1.894696812550010099e-03
1.645472238323009861e+01	-3.580660578435159820e-25	-1.609780156560569886e-01
3.468108358874690111e+01	0.000000000000000000e+00	4.359110507750720009e-02
3.467219061562560256e+01	0.000000000000000000e+00	5.217232847129830292e-02
1.882644105346719954e+01	4.128610743099919924e-22	7.828782610792190538e-03
2.951385022015150028e+01	-6.505461440645979665e-21	3.491232207525050146e-01
3.467488639485299728e+01	0.000000000000000000e+00	4.558224360723919788e-02
2.237365848853470141e+01	0.000000000000000000e+00	5.901606252952439589e-03
3.267076675263290042e+01	0.000000000000000000e+00	6.552935222858359554e-02
2.007078319725620119e+01	0.000000000000000000e+00	4.608689976085229910e-04
2.915664192816399947e+01	0.000000000000000000e+00	2.430810697868189887e-02
2.849381651345930067e+01	0.000000000000000000e+00	9.012061773031520770e-03
3.337497008052550029e+01	0.000000000000000000e+00	3.680720501071760298e-02
-5.295489879134930078e+00	-1.409050640412012964e-37	-2.190386748700520053e-02
2.937326728714749891e+01	0.000000000000000000e+00	3.974610082483560208e-02
3.327272982123660228e+01	0.000000000000000000e+00	-3.937299818308829913e+00
2.868271311568570070e+01	-1.848893600474129696e-20	3.495763057782709904e+00
2.001235325340750038e+01	0.000000000000000000e+00	1.068890074678630064e+01
2.332154601762769985e+01	0.000000000000000000e+00	1.506378620170039945e-03
-3.056071837162149807e-01	0.000000000000000000e+00	-2.459178485699280159e-02
3.464068871804960281e+01	0.000000000000000000e+00	5.373448108486669761e-02
3.622312643811809729e-01	0.000000000000000000e+00	-2.349129734060700081e-01
1.725703817396950157e+01	0.000000000000000000e+00	1.919736304583520093e-03
2.875108878332790141e+01	0.000000000000000000e+00	5.715432858732990423e-03
3.484924036462899721e+01	-8.759534954813829342e-22	6.595129760374059957e-01
2.216748947235069878e+01	0.000000000000000000e+00	-9.939369323430129466e-01
3.689649060671889913e+01	0.000000000000000000e+00	-3.872457925220139874e+00
3.495259247718689721e+01	-2.924988809354530056e-22	1.480067168594630056e+00
3.773452733623499711e+01	0.000000000000000000e+00	-3.813390221829179971e+00
3.467845909802890247e+01	0.000000000000000000e+00	4.822532270080039790e-02
2.434273491484179885e+01	5.259418070881540084e-26	1.428708911565010009e+00
3.268906532336529835e+01	0.000000000000000000e+00	3.726124285397409974e-02
1.730018130754039873e+01	1.395587016852159910e-25	6.963727412531499697e-03
1.097460633294999965e+01	0.000000000000000000e+00	5.594523218084790361e-03
1.764883782877560137e+01	0.000000000000000000e+00	5.926786839406759916e-05
1.426596215324019923e+01	0.000000000000000000e+00	-8.012102612986600203e-01
4.339357344230590385e+00	0.000000000000000000e+00	-1.342230942468600023e-02
3.471029043375209966e+01	0.000000000000000000e+00	7.036177551547480313e-02
2.403062592567630062e+01	0.000000000000000000e+00	1.480610909418919987e-03
3.811751949851510091e+01	-4.677062787094370443e-19	-5.364258822139990279e+00
2.618039392289740164e+01	0.000000000000000000e+00	3.242423588915190058e-02
3.890289971642599909e+01	0.000000000000000000e+00	6.900928175142220233e+00
1.091165414520479970e+01	0.000000000000000000e+00	5.733636839474640264e-03
2.996829154819659990e+01	0.000000000000000000e+00	6.333712414437240312e-01
4.247847288855229664e+01	-2.861913967536559971e-20	2.028084439414150175e+00
1.360977566234249991e+01	1.245487062045468591e-27	1.755945631965509859e-02
1.975259667495370053e+01	2.348155047685309570e-20	9.562238111308639654e-01
4.274309024183600059e+01	-2.900073729790630009e-20	8.551596839719840526e-01
1.547257832928660015e+01	0.000000000000000000e+00	-9.919520656116800339e-01
-3.800624190398540048e+00	-9.473419195469459747e-19	2.664014896954039813e+00
3.449373473998719675e+01	0.000000000000000000e+00	1.880177649088780045e-01
1.007496310845139931e+01	0.000000000000000000e+00	-3.134181291244560186e-02
3.824869778235269990e+01	0.000000000000000000e+00	2.719305270261829777e-01
2.540395763616499991e+01	0.000000000000000000e+00	4.497391525099279974e+00
3.498322208994949989e+01	-3.410841982348682679e-41	3.713599800643330173e-01
3.707261458561119838e+01	6.682646125015849883e-22	-3.998883263673989941e+00
3.346399720579849912e+01	-5.668175191662719895e-19	1.459937700513650016e+00
1.229970586921520059e+01	0.000000000000000000e+00	-9.350759719195469999e-02
4.182871049167199828e+01	-3.876759182925049115e-35	3.892262251251870087e+00
3.464534247263309652e+01	0.000000000000000000e+00	1.538458212511670080e-03
8.491752551183260778e+00	0.000000000000000000e+00	-8.845812485262489686e-03
3.172248295238649973e+01	0.000000000000000000e+00	2.053619804022430162e-02
3.933287642595340117e+01	0.000000000000000000e+00	2.149072996516510070e+00
-3.802763684225260121e+00	0.000000000000000000e+00	1.039494335645819945e+00
3.460431666127509942e+01	0.000000000000000000e+00	5.186134564763100058e-02
3.465630638322439694e+01	0.000000000000000000e+00	-1.217404750345379982e-02
2.471882234719999971e+01	-2.589779333088700059e-25	4.156863853221420130e-02
2.508231799279190000e+01	0.000000000000000000e+00	-1.151115907786809996e-03
4.134590186141679879e+01	6.418870794922810354e-19	-4.874630128312960053e+00
3.614316774468409932e+01	0.000000000000000000e+00	-4.350940902706979863e+00
3.470135244556990273e+01	0.000000000000000000e+00	5.628991205051679658e-02
1.953221804765540170e+01	0.000000000000000000e+00	1.860852532192789829e-02
3.471645679692939979e+01	0.000000000000000000e+00	9.032060919672360577e-02
3.468756096551120294e+01	0.000000000000000000e+00	4.942467323062400136e-02
4.289330753009330266e+01	0.000000000000000000e+00	-1.820602303981230019e+00
2.875631854665839882e+01	0.000000000000000000e+00	6.819562871659440306e-01
1.486518315835530046e+01	-4.165680518500600128e-23	-3.928782396460379911e-02
3.462703514479750311e+01	0.000000000000000000e+00	1.671095547797319947e-01
-2.655699743883209951e+00	0.000000000000000000e+00	4.032800966880110138e-01
2.763703189838309981e+01	0.000000000000000000e+00	5.987922988389370038e-03
1.248925469355850026e+01	1.656469119818380110e-22	5.797196326495190379e-03
3.449682876114380292e+01	5.503274307629819649e-27	4.215393327759460185e-01
3.467345144025210146e+01	0.000000000000000000e+00	4.243490622978870336e-02
3.135002324113889927e+01	-1.924270793146309946e-20	5.385916872985969661e+00
3.540920157090710063e+01	0.000000000000000000e+00	1.001276939606649918e+01
2.140767785692990088e+01	0.000000000000000000e+00	1.068281098716560018e-03
2.564605833345099839e+01	-1.718483955636520179e-21	3.786885201934930140e-02
2.982597097190420143e+01	0.000000000000000000e+00	1.037384334060859926e-02
1.687047407055660031e+01	0.000000000000000000e+00	6.916771279014130645e-05
3.465774365640889698e+01	0.000000000000000000e+00	3.190066531945930095e-02
3.712902758886259846e+01	1.725938853577290056e-19	-4.390417208875399879e+00
2.300746904691489902e+01	3.353243612094139821e-26	2.748403786106640156e-02
3.469864684169009905e+01	0.000000000000000000e+00	4.909793452373090172e-02
2.288051456131760020e+01	2.211880033749060069e-26	2.460311631588960046e-01
3.464116755324769770e+01	0.000000000000000000e+00	5.306053106301680117e-02
-3.807516090801029929e+00	0.000000000000000000e+00	-2.887467861447999828e-01
-2.077792079432949635e+00	0.000000000000000000e+00	6.997051556932778471e-01
2.683660057371200125e+01	1.576534855778584109e-27	5.711568765222720112e-02
2.055923991926099959e+01	0.000000000000000000e+00	-3.030751295330740263e-04
3.048945647481779986e+01	0.000000000000000000e+00	1.630218810269659993e-02
3.928897209617829134e+01	8.576663188094840665e-21	-1.927031872121609757e+00
3.464499784317789732e+01	0.000000000000000000e+00	-3.795473957578709978e-02
3.465101082359900175e+01	0.000000000000000000e+00	2.700384877145529938e-02
2.828363957670289963e+01	0.000000000000000000e+00	9.052282720788510512e-03
3.086348337195499880e+01	0.000000000000000000e+00	1.690509609209450009e-02
2.074226472177459968e+01	0.000000000000000000e+00	3.808687338131320089e-03
3.516294877763139937e+01	0.000000000000000000e+00	-1.209952381494580065e+00
1.132105099734999953e+01	0.000000000000000000e+00	-5.035411563819040121e-03
2.605686206644369918e+01	0.000000000000000000e+00	1.958552759696419870e-02
3.918178490309689721e+01	-1.124392871079540563e-20	2.955750950232280072e+00
1.761443928319820174e+01	0.000000000000000000e+00	6.166341937879100000e-04
-4.598603444026569953e+00	0.000000000000000000e+00	1.119299515788390043e+00
9.775998864014930234e+00	0.000000000000000000e+00	-4.213648945365459919e-03
-3.576237050709900167e+00	0.000000000000000000e+00	2.639169693479729961e+00
1.799690534840069489e+01	2.007976041846620692e-27	2.554160724729619483e-02
4.069528517534769918e+01	-5.196743552699749736e-19	6.734295314371469665e+00
3.473743124060739973e+01	0.000000000000000000e+00	1.715544696805549885e-01
2.606068904710760137e+01	1.041051647503869934e-21	5.504113059488750098e-02
3.352545908576360034e+01	2.124826254941219925e-27	2.900166292233670173e-01
2.792731544518879971e+01	0.000000000000000000e+00	1.029353661164809962e-03
3.552923138198730157e+01	0.000000000000000000e+00	-3.001801674992199853e+00
5.369247424820899894e+00	-3.341828506119809730e-27	8.229624010604260145e-03
3.395961375137589755e+01	-7.147123410025890478e-26	3.376037694320289884e+00
4.055395398803479168e+01	1.106053011264900273e-18	-5.110540382865589315e+00
3.461978367571310145e+01	0.000000000000000000e+00	5.855019806665519994e-02
4.203045106595600089e+01	0.000000000000000000e+00	6.084600612438030076e+00
3.085263182381429914e+01	0.000000000000000000e+00	1.914390764908619966e-02
3.299857018855399815e+01	0.000000000000000000e+00	3.276911938563840249e-02
3.926316345504100269e+01	0.000000000000000000e+00	5.339181254486789818e+00
3.851102599632869783e+01	1.719148232985040120e-19	1.288912106404519919e+00
3.395606493736070064e+01	-5.294701360378080376e-19	9.681349390933460697e+00
1.457803989249079990e+01	0.000000000000000000e+00	-2.114827688944409978e+00
4.315354901459740233e+01	1.705208174341300115e-19	-2.485961945559440167e+00
3.204547995063259691e+01	-1.175003708786549999e-20	5.861605880455450501e-01
3.831502723008419764e+01	0.000000000000000000e+00	5.570209081759490033e+00
2.729490839390529899e+01	0.000000000000000000e+00	3.798537401439039830e-03
2.009658668254310143e+01	0.000000000000000000e+00	-4.258362913510459706e-05
3.310093048060590348e+01	0.000000000000000000e+00	8.438608798263700805e+00
4.212351864542070246e+01	-4.533359067853379818e-22	1.133190683688169997e+00
3.453227528345569652e+01	1.011810636442559904e-22	1.594793433762639934e+00
2.965554811665759871e+01	0.000000000000000000e+00	5.076949299695510121e-02
3.422057264642139529e+01	-2.663176313998249487e-19	9.493424197065477799e+00
-2.178972054971279881e+00	0.000000000000000000e+00	2.031359220016160094e+00
2.512752582343249941e+01	0.000000000000000000e+00	2.379113926791109890e-01
7.002179289485069624e+00	-6.399971670555540361e-20	-2.047683246643079880e+00
3.267993511750469793e+01	0.000000000000000000e+00	6.450604251625109697e-02
9.189848044779019176e+00	7.930480567016989379e-21	6.405891417450979564e-01
3.521532406436089957e+01	2.511203743694019807e-19	-1.240436922154019905e+00
4.378986988584149742e+01	0.000000000000000000e+00	2.452370711512609880e+00
1.630654548073970034e+00	0.000000000000000000e+00	-5.759641750207119548e-01
3.180948048902990166e+01	-2.552039544107700202e-22	-7.291394286976150552e-01
2.429750283834290059e+01	0.000000000000000000e+00	4.283343354860900433e-03
2.724934622809490037e+01	0.000000000000000000e+00	8.427276099243680152e-03
3.366565572990730004e+01	0.000000000000000000e+00	4.012982795778310269e-02
1.066985828418230042e+01	0.000000000000000000e+00	2.218523688454019944e-03
-9.793176503724290161e-01	0.000000000000000000e+00	-6.307890963298609655e-02
4.067771763504229909e+01	-2.549790160530710121e-19	5.873586300288139661e+00
1.693247134071620152e+01	0.000000000000000000e+00	-7.218237083069299718e-05
3.466495943165789839e+01	0.000000000000000000e+00	3.497554973750399698e-02
3.467553011035170130e+01	0.000000000000000000e+00	8.416604928115099804e-02
-5.477676782605080064e+00	-3.368522666821880012e-22	1.405732831226540025e+00
3.468601564337269849e+01	0.000000000000000000e+00	2.396247959761600016e-02
3.360622858558060244e+01	-1.160015736865310029e-20	8.568705454777919561e-01
3.468665840019230018e+01	0.000000000000000000e+00	5.093127035036949801e-02
-5.155199299369029875e-01	0.000000000000000000e+00	-1.541929745371329874e-01
1.749536524562899942e+01	-3.982201080607019838e-19	9.093259480031990805e+00
2.262468374945339988e+01	0.000000000000000000e+00	-5.230371103274420201e-04
1.531017096784940001e+01	0.000000000000000000e+00	-2.891252459358089943e+00
4.417566773151489912e+01	0.000000000000000000e+00	2.603516993317250172e+00
3.662975641661979864e+01	0.000000000000000000e+00	-2.520740243328229990e+00
4.142774818439320228e+01	-5.716885016086439864e-21	-3.986546421337239798e-01
3.641583125283720079e+01	0.000000000000000000e+00	6.473397709593760041e+00
1.481557894317939983e+01	0.000000000000000000e+00	-1.926053673497629898e-03
3.464397495651969905e+01	0.000000000000000000e+00	5.198516068690629821e-02
1.640650249621609902e+01	0.000000000000000000e+00	-5.868307545954749571e-01
3.100234179189909867e+01	0.000000000000000000e+00	-5.027349233121629624e+00
3.464849379156969889e+01	0.000000000000000000e+00	5.085601448660499735e-02
3.438113663299490241e+01	0.000000000000000000e+00	5.242109709131120149e-02
2.955055523176670107e+01	0.000000000000000000e+00	2.263536582544849879e-02
1.861075583223410135e+01	0.000000000000000000e+00	-8.021652562114970353e-01
2.011423962900759932e+01	-7.292342602909669717e-25	-4.468275648059900074e-01
2.383786168191450017e+01	0.000000000000000000e+00	7.789325874986220352e-03
1.584476302956439930e+01	0.000000000000000000e+00	-2.495992466399979959e-01
3.355693251070010064e+01	0.000000000000000000e+00	1.032305204254380104e+00
3.466343750852490047e+01	0.000000000000000000e+00	4.398302183430979895e-02
2.517756282523700051e+01	0.000000000000000000e+00	1.081342058479630060e-02
3.447412745738269990e+01	0.000000000000000000e+00	5.129293153903800168e-02
3.467653915486530281e+01	0.000000000000000000e+00	4.396805543267649774e-02
3.469223244725009891e+01	0.000000000000000000e+00	2.130625293164070122e-01
-5.581517590340659751e+00	-1.523651417261829953e-19	1.040071292261220082e+00
2.219745498830399910e+01	0.000000000000000000e+00	-3.547187702224149962e-04
3.771718627926519929e+01	0.000000000000000000e+00	-8.495124849216110219e-01
4.089441042953480121e+01	0.000000000000000000e+00	-2.517939656526639869e-01
4.092567923151460008e+01	-2.511316067602369988e-19	-3.945663177339290062e+00
2.831493118321260027e+01	-1.258627783452459473e-41	1.084326877388420041e+00
3.035895806640139938e+01	-1.757853852760480050e-18	8.961916022264649229e+00
3.486157571217260198e+01	-9.470545721399330623e-22	7.791669876162099495e-01
3.442280705714829736e+01	0.000000000000000000e+00	4.863836478724020002e-02
3.470341760489039729e+01	0.000000000000000000e+00	9.498692965352270590e-02
3.481763873748629834e+01	0.000000000000000000e+00	4.459526725640909905e-01
3.465583915259429659e+01	0.000000000000000000e+00	-5.410429879977250375e-03
2.546068170750960036e+01	0.000000000000000000e+00	6.281658029087740236e-02
3.469022269839099692e+01	0.000000000000000000e+00	4.764602660499780290e-02
2.727727448651630127e+01	0.000000000000000000e+00	6.795860002736560032e-03
1.697990376755370079e+01	3.479348455783120196e-25	-2.054402830485010101e-01
3.468559312560959995e+01	0.000000000000000000e+00	8.609167852137229737e-02
2.462221146630770008e+01	2.843124435601529820e-20	1.775760672498210013e+00
2.116262439532119899e+01	0.000000000000000000e+00	9.485363324892909578e-03
3.463121933597430058e+01	0.000000000000000000e+00	1.176424075629550065e-02
-1.694916166797129975e+00	2.528204069921440148e-20	-5.235015769313799971e-01
3.031817450153090121e+01	0.000000000000000000e+00	1.127652703644069915e-02
2.506599227082200088e+01	0.000000000000000000e+00	4.372472217528999882e-04
2.068407681935349984e+01	0.000000000000000000e+00	-7.246082768179940015e-01
3.425850579465139845e+01	0.000000000000000000e+00	4.937802037070829902e-02
2.645517683345800108e+01	0.000000000000000000e+00	1.605096670013700030e-02
3.463085264369720306e+01	0.000000000000000000e+00	5.046766627894629792e-02
1.019642843537759980e+01	0.000000000000000000e+00	-1.589438962242190057e+00
3.468277326682139972e+01	0.000000000000000000e+00	8.952229523149569934e-02
4.084782094418999776e+01	7.630679378959342061e-20	-1.742994649886140168e+00
3.464609767546689767e+01	0.000000000000000000e+00	5.055901703143220183e-02
2.073474451064230095e+01	2.558409625199340100e-24	-4.239024571009040177e-01
3.774044720497919769e+01	0.000000000000000000e+00	1.392031307822549691e+00
2.816497449413320098e+01	0.000000000000000000e+00	1.690347274039650030e-02
2.886227187343540024e+01	0.000000000000000000e+00	4.173886217242120042e-03
1.451687895746129975e+01	0.000000000000000000e+00	-7.847722020540580379e-02
3.914992776078869952e+01	1.388406054109747143e-39	9.086761285363920138e-01
-3.367297878873320105e+00	0.000000000000000000e+00	1.924045789732790057e+00
3.571289082622959654e+01	0.000000000000000000e+00	3.324717758471739781e+00
2.506804775057640100e+01	0.000000000000000000e+00	3.175961956895489969e-04
3.068682713018689867e+01	1.705321790208589918e-22	-3.966365914560189943e+00
1.671985265800800136e+01	0.000000000000000000e+00	-1.491304733822149897e+00
1.432955071240020040e+01	0.000000000000000000e+00	-8.227256186619590073e-02
4.226559453289979729e+01	-2.020841098352339882e-20	1.497759005949389932e+00
2.455044102571260112e+01	9.566018437773838016e-35	-4.458652476322810365e+00
3.469303749857699870e+01	0.000000000000000000e+00	4.785488366433920254e-02
4.265857695603440192e+01	2.872593509915940100e-19	4.555147138624589864e+00
3.710669283713289701e+01	0.000000000000000000e+00	5.820630968473560429e+00
1.808117805601440153e+01	-4.479541140866430337e-18	1.841524437166929928e+00
4.274802475157159876e+01	-3.742506043551839880e-20	-1.174676577433829916e+00
3.745271702272599867e+01	0.000000000000000000e+00	-2.488870788452040017e+00
3.462558768062209680e+01	-1.078632219859529985e-23	9.968890601779579752e-01
3.463535076911080068e+01	0.000000000000000000e+00	1.005576889386290002e-01
3.620643006133850150e+01	1.915895983940120069e-18	6.554075559885710334e+00
3.465534828448419802e+01	0.000000000000000000e+00	1.149732107856580032e-01
3.473721654581380136e+01	0.000000000000000000e+00	6.337494164841210587e-02
7.299668031446350014e+00	0.000000000000000000e+00	7.209109587323790300e-03
6.679569734655840030e+00	2.468776827205219945e-19	-1.263910344135839914e+00
3.952948345423399701e+01	-8.706673957193580181e-22	4.194684325530099733e-01
2.714495066854129846e+01	-5.218801077648580006e-19	1.134822472360500001e+01
2.640787234847439890e+01	-8.428565618382619863e-26	1.546909799206890090e+00
1.512759013281019982e+01	0.000000000000000000e+00	-1.618381768882879990e-01
3.400268924409620297e+01	0.000000000000000000e+00	4.630535770652020183e-02
1.090257196479620028e+01	0.000000000000000000e+00	-1.635111018797469895e-01
4.316023455478239867e+01	0.000000000000000000e+00	7.184124071668630540e-01
3.450712634461640249e+01	-1.104581816657889980e-21	2.152976649016170030e-01
2.717154651792250064e+01	0.000000000000000000e+00	1.127744427006770050e-01
3.372652740372930058e+00	0.000000000000000000e+00	-1.502435099185819967e+00
3.219418291150029887e+01	0.000000000000000000e+00	7.599401651342370390e-02
3.468300587865530105e+01	0.000000000000000000e+00	4.690223968635089807e-02
7.322425004066150045e+00	0.000000000000000000e+00	7.292791233287079615e-03
3.448317481713409904e+01	1.318523051339449917e-21	4.819231589010449790e-01
7.333305462182480028e+00	0.000000000000000000e+00	7.304598863261290397e-03
2.404532859756389840e+01	0.000000000000000000e+00	-1.048311061367829993e-03
1.537649243423619971e+01	0.000000000000000000e+00	-3.015980958579949842e-02
2.225385411649190104e+01	0.000000000000000000e+00	-1.803383993286510046e-04
3.577683593081660263e+01	0.000000000000000000e+00	-1.526104627711059925e+00
3.250397246724730138e+01	-8.648706644151900273e-21	1.232192854012450045e+00
2.992424491240279849e+01	0.000000000000000000e+00	2.340082751349279941e-02
1.305076588369560042e+01	0.000000000000000000e+00	3.880186257421779777e-02
4.315702233423220235e+01	0.000000000000000000e+00	3.572099775996190107e+00
2.956046412184939953e+01	0.000000000000000000e+00	7.345424965114209608e-03
2.825045995266830090e+01	0.000000000000000000e+00	1.641131918243500000e-03
2.482089099111049890e+01	0.000000000000000000e+00	3.530213940061739830e+00
2.744115094757230011e+01	0.000000000000000000e+00	8.995248220828949920e-04
2.139871297466039834e+01	0.000000000000000000e+00	7.450827771371719898e-04
3.008909500504509893e+00	0.000000000000000000e+00	-2.988025658198489865e-02
3.456851959245940265e+01	5.121352013907499942e-22	8.218955907705070008e-01
3.385826208958250305e+01	0.000000000000000000e+00	4.468428581480050177e+00
1.039838758490619952e+01	0.000000000000000000e+00	-1.738553505235080066e-01
2.170714929893729916e+01	0.000000000000000000e+00	-3.615398157639249987e+00
4.018791011663609680e+01	0.000000000000000000e+00	-3.105907034378000198e+00
2.045242573151390175e+01	0.000000000000000000e+00	1.623519133117470089e-03
3.467497581378739824e+01	0.000000000000000000e+00	4.969344003793550041e-02
3.421063101737640011e+01	0.000000000000000000e+00	5.362721509274460258e-02
1.225273301930000081e+01	0.000000000000000000e+00	-4.881050961920659764e-02
-6.759932508324009603e+00	1.439634248070579949e-18	1.282354333235300015e+00
3.601324425707230148e+01	0.000000000000000000e+00	-1.454932242071159898e+00
3.459189250556279660e+01	0.000000000000000000e+00	9.203667363523219958e-02
2.420205330247969400e+01	-7.182433513819886019e-34	6.200010113144898583e+00
2.806407844792829920e+01	0.000000000000000000e+00	1.001479516644769951e+01
2.646326794332859933e+01	0.000000000000000000e+00	6.778486275284640428e+00
3.466282787708659896e+01	0.000000000000000000e+00	6.228320408756349985e-02
-3.025561624728040133e+00	-2.000671543061150055e-23	8.156054384624720349e-03
3.463860919753440015e+01	0.000000000000000000e+00	2.252464614402870102e-02
3.283134191024780080e+01	0.000000000000000000e+00	4.024778127247979675e+00
3.456266936737299744e+01	0.000000000000000000e+00	4.995429584525769989e-02
1.840157575077369856e+01	0.000000000000000000e+00	-1.624371928062890043e-04
1.130586380408860059e+00	0.000000000000000000e+00	-3.191912870216680187e-02
3.466240892017920316e+01	0.000000000000000000e+00	3.401525150314010232e-02
2.406086205706940007e+01	0.000000000000000000e+00	-5.645519565316849640e-04
3.216854180873939839e+01	-3.138203142651199797e-22	1.681041643572390054e+00
3.944558746434049823e+01	4.127142893512299847e-20	4.150544207089519766e+00
2.720995781930690072e+01	5.415426126369280294e-21	3.357611901979840052e-01
2.818398257833549891e+01	0.000000000000000000e+00	-3.122854860163640112e+00
3.471398443560170222e+01	0.000000000000000000e+00	-6.083288454086950396e-03
2.504489370573769946e+01	0.000000000000000000e+00	1.494874331988269977e-03
1.099541689775949926e+01	0.000000000000000000e+00	5.605490420943219816e-03
4.100364848303080123e+01	-9.813979893172197224e-22	3.816559991760190007e-01
2.928634701229620063e+01	0.000000000000000000e+00	1.133370313057350046e-02
-1.449430822918120088e+00	0.000000000000000000e+00	-1.035008371588879983e-01
6.373814224090289748e+00	0.000000000000000000e+00	-1.913604110255310076e+00
3.504545287257109720e+01	-3.266592685959179990e-19	9.481582290997680573e+00
3.463612915491690103e+01	0.000000000000000000e+00	5.616853070349640126e-02
3.471350618235660335e+01	0.000000000000000000e+00	4.261146262409380020e-02
3.832449226718689772e+01	7.725489981596255643e-22	5.923067980843249813e+00
2.473818311852749829e+01	0.000000000000000000e+00	-1.119420422025090098e-03
-3.197591691613550058e+00	0.000000000000000000e+00	2.133678513286759948e+00
3.163334836264300165e+01	1.059811099603399976e-20	4.725259306655940073e-01
-3.080046110185359787e+00	0.000000000000000000e+00	2.471327416886869965e+00
1.383648554708859990e+01	0.000000000000000000e+00	-2.737670522057809919e+00
2.365329110460810114e+01	0.000000000000000000e+00	4.681483136645390314e-02
2.897645057145059866e+01	3.021481792212560086e-22	1.106234807693489941e+01
2.712824537821749971e+01	0.000000000000000000e+00	-3.350333791819069720e-05
1.176073870210860051e+01	0.000000000000000000e+00	-1.018303355507250013e-01
2.737150147954422152e+01	9.725603638363632825e-33	7.524108195603646188e+00
-4.425703592396310171e+00	0.000000000000000000e+00	1.966926525098930068e+00
4.390060299836149937e+01	-2.528471885376639877e-19	-3.092395019734699879e+00
2.150633715604530138e+01	0.000000000000000000e+00	-5.469152334622100486e-01
4.183541897160750267e+01	-4.209925271531329816e-19	-4.191733677793780366e+00
3.923061452071789290e+01	6.394262758085087856e-36	-3.719931015993780954e-01
3.479208926778539990e+01	0.000000000000000000e+00	-6.529825243279560598e-02
4.261440488169370155e+01	0.000000000000000000e+00	-4.242383688919500351e+00
2.680130952595479954e+01	0.000000000000000000e+00	-5.795659228957659786e-04
3.424606451135029772e+01	0.000000000000000000e+00	4.948138436617170038e-02
3.451069551885549913e+01	2.284994196889980233e-22	-1.219407031346060100e+00
2.590054242958240138e+01	1.823325451241761811e-20	6.180986592678630043e-01
3.280684091244909695e+01	0.000000000000000000e+00	-1.652902230847709930e+00
-3.928047233021309648e+00	-6.343926204711168926e-21	-1.154553544849949848e-01
4.064883085481370273e+01	-3.084599559572550143e-19	-4.200668895622319710e+00
3.464227365852079998e+01	0.000000000000000000e+00	4.581531466072379793e-02
3.471382596571739754e+01	0.000000000000000000e+00	6.825810764564960165e-02
3.090040260654710025e+01	2.215670817329239598e-20	8.860517631304270836e+00
3.469460000796569688e+01	0.000000000000000000e+00	5.367774348875029716e-02
1.763624897769119926e+01	-3.075920318571790064e-27	2.062621499845659900e-01
2.118732215275889885e+01	-2.406214389169170058e-21	5.753049428599799758e-02
3.470494064698730341e+01	0.000000000000000000e+00	6.040341836078520071e-02
-1.095410899405609984e+00	1.632044482423253242e-37	-7.647683105529849978e-01
3.352335160380909684e+01	0.000000000000000000e+00	-1.826307920457050038e+00
3.471588905740379971e+01	0.000000000000000000e+00	7.189749845112440585e-02
3.226985295575040169e+01	2.998894294133809804e-19	-5.720089843897320225e-01
3.466762125618880219e+01	0.000000000000000000e+00	4.748224180037460135e-02
4.098009172756940188e+01	-6.213545833385450363e-21	6.256129299438789593e-01
2.504126610581250034e+01	-1.695658518497340040e-21	-6.101277093417919462e-01
3.806034210477280055e+01	0.000000000000000000e+00	-5.716327583221420205e+00
2.778953611827339998e+01	0.000000000000000000e+00	4.939123012953840208e-02
1.222116697799940077e+01	0.000000000000000000e+00	-1.939580519611910026e+00
3.151182550327269993e+01	0.000000000000000000e+00	1.915162101822420054e-02
3.287231937552380145e+01	-1.115073409096130030e-22	4.053844134105270003e-01
2.745095055645619908e+01	0.000000000000000000e+00	7.466898936253160311e-04
4.888233296511139692e+00	0.000000000000000000e+00	-1.442029400862530064e+00
3.447944185916580295e+01	0.000000000000000000e+00	1.389339490294579926e-01
-1.372073496541059923e+00	5.800100694723130158e-19	1.650588786662819940e+00
3.414741409817580120e+01	3.452960022582720182e-21	1.206316879241509987e+00
3.466983767751919743e+01	0.000000000000000000e+00	4.950845361512110077e-02
2.444456825504279784e+00	0.000000000000000000e+00	-1.346711351678540024e-03
1.772223939714629992e+01	0.000000000000000000e+00	-8.347044452207149463e-05
2.475586599241189845e+01	0.000000000000000000e+00	1.402478112674230074e-02
3.471343421606110269e+01	0.000000000000000000e+00	5.726635415063020124e-02
4.017226050194899756e+01	4.305660582444870058e-19	-5.102954439122029839e+00
3.411297288642089853e+01	1.967267863693350026e-27	3.033681015390189972e-01
3.502019293728459814e+01	1.914794826401380109e-20	5.221634028907920388e+00
3.480924287891730273e+01	9.294622190131326892e-26	2.355427101645990007e+00
1.520789265958620007e+01	9.872087372312129736e-20	-2.864283380756170061e+00
-3.037256386923759877e+00	8.281591191881020186e-19	2.553367586647029785e+00
2.055481067224100045e+01	0.000000000000000000e+00	-3.382829151305769737e-04
2.258128287134390177e+01	0.000000000000000000e+00	7.013225408560769952e-03
2.316111677039840089e+01	0.000000000000000000e+00	5.859449731379070235e-03
3.568643600003329652e+01	0.000000000000000000e+00	-9.007831005671229629e-01
2.230424827875329896e+01	0.000000000000000000e+00	7.280459177928739860e-03
9.345452334683670870e+00	0.000000000000000000e+00	-2.307196988885079847e+00
3.573122771649139651e+01	0.000000000000000000e+00	7.258032995486639827e+00
2.411949019951109996e+00	0.000000000000000000e+00	-1.417009103662180075e-03
2.592907678324430165e+01	0.000000000000000000e+00	-1.185537007754559946e+00
1.759485357133030092e+01	0.000000000000000000e+00	-6.192226306088319809e-01
3.568118507030740005e+01	0.000000000000000000e+00	-9.539328806300140240e-01
2.193528836301380025e+01	0.000000000000000000e+00	8.648386731111580572e-02
1.379593751409669977e+01	0.000000000000000000e+00	-1.854672665306359991e-01
1.286514409699960027e+01	0.000000000000000000e+00	-1.536650884708909946e-03
2.665967213221610166e+01	0.000000000000000000e+00	3.748366452547560127e-03
2.932736010613849942e+01	2.275822537884810058e-18	-4.798897183237770037e+00
2.397164316764320091e+01	0.000000000000000000e+00	3.490564103228030110e-03
2.361108568366699956e+01	6.206239555074319327e-26	2.229207459868700170e+00
2.439316763189280124e+01	0.000000000000000000e+00	-1.093957726723519906e-03
2.423408588223619820e+00	0.000000000000000000e+00	-1.392056221817929932e-03
3.592749247468759677e+01	0.000000000000000000e+00	-2.103982948403869901e+00
1.554247303810359959e+01	0.000000000000000000e+00	-7.615086085809440464e-01
4.121428148268109659e+00	0.000000000000000000e+00	-1.375591043959759931e-02
2.756358670325759874e+01	0.000000000000000000e+00	-2.030932781959020161e+00
1.718858858937269929e+01	0.000000000000000000e+00	7.074187418485509582e+00
1.673354225698709996e+01	0.000000000000000000e+00	1.018530148653699996e+01
4.214307167978849833e+01	0.000000000000000000e+00	-3.641203287124679999e+00
4.122691044314299802e+01	0.000000000000000000e+00	2.679189095955389899e+00
1.428278471644929937e+01	0.000000000000000000e+00	1.017360008411499935e-03
3.463290969949169806e+01	0.000000000000000000e+00	1.379292475435859970e-02
2.440380431487769997e+01	0.000000000000000000e+00	-3.939106229352520210e-04
3.880857283796340340e+01	3.692629232948159847e-22	2.889612331289929781e+00
3.506096440134250258e+01	0.000000000000000000e+00	-2.660308080143429788e+00
3.132851523451050113e+01	0.000000000000000000e+00	3.856127925038860260e-02
3.017919240348490106e+01	0.000000000000000000e+00	1.269279020561600059e-02
2.057263702257120030e+01	0.000000000000000000e+00	1.466580816077840113e-04
3.199402161412099943e+01	0.000000000000000000e+00	5.201502173457660250e-02
1.047637998501359924e+01	0.000000000000000000e+00	-5.241685384402440251e-01
1.049583238426889942e+01	-1.974545167047889822e-21	5.940826108012779889e-03
5.994044643383859672e+00	0.000000000000000000e+00	-7.852713002472300197e-01
3.500321513051059696e+01	-1.871654817519839992e-19	-4.344631464605759774e+00
8.419636088716680788e+00	3.265636104568560179e-20	-2.253476899188080029e+00
1.754495167645010056e+01	0.000000000000000000e+00	9.279218702200640401e-04
3.463402479831349723e+01	0.000000000000000000e+00	-2.322166419681289895e+00
1.906874516154339894e-01	6.771748750321339808e-20	-6.371340247481279695e-01
2.012711917157719910e+01	-5.180941841495949694e-22	8.434923723127669276e-03
4.143092118865269669e+01	1.960965060013430035e-19	2.938627744153940125e+00
1.223023142397719454e+01	2.298426067529208927e-36	7.369409999273027090e+00
1.065600889114359973e+01	1.071344026217009901e-22	5.965346998660910754e-03
3.456517025997779768e+01	6.227778557208099772e-22	2.476733724692009864e-01
1.349895052443629950e+01	0.000000000000000000e+00	2.690157699317409739e-04
-3.776202840609649947e+00	-5.972416615593099932e-19	2.639217933190329823e+00
3.787399129944149934e+01	0.000000000000000000e+00	-2.702960199416859943e+00
3.186991584549830137e+01	0.000000000000000000e+00	8.730771759119699382e+00
2.248623956093439791e+00	6.925735293993150324e-23	-1.831531012057159916e-03
4.182925740302000150e+01	1.547245967694029978e-19	5.116706000784059682e+00
1.081012829936510045e+01	0.000000000000000000e+00	5.836471269456360196e-03
3.173191403371830077e+01	0.000000000000000000e+00	8.675338230530990624e-02
3.398883449468520013e+01	2.791794070482049776e-23	2.121012357059199882e-01
1.876183065518110027e+01	0.000000000000000000e+00	1.915513548839240096e-03
3.470232949984509929e+01	0.000000000000000000e+00	5.067585748855560346e-02
3.471460146473589958e+01	0.000000000000000000e+00	8.013110376354090625e-02
2.799815849363610099e+01	0.000000000000000000e+00	2.345031812372620154e-03
1.001534314945059911e+01	0.000000000000000000e+00	-1.958745633675190029e-02
1.891937591202569990e+01	0.000000000000000000e+00	-3.806658959736199943e-01
3.462838011067299959e+01	0.000000000000000000e+00	1.864398452863929917e-03
3.161283748002130167e+01	0.000000000000000000e+00	2.507116115093729891e-02
3.457845562476990153e+01	0.000000000000000000e+00	6.590636771479570222e-02
7.324122384325240098e+00	0.000000000000000000e+00	7.267937046655740391e-03
2.557377955643320178e+01	0.000000000000000000e+00	8.098723394225399233e-03
3.464281219224380237e+01	0.000000000000000000e+00	2.532870262470040060e-02
1.900715801219250167e+01	0.000000000000000000e+00	2.676660833808330083e-04
2.963078692456939933e+01	0.000000000000000000e+00	1.723056206138379870e-02
4.251475360822549732e+01	-2.755866098402069959e-20	1.923858404012130041e+00
2.664573126939690084e+01	2.348685899573050112e-20	2.635207934999300061e+00
-6.736019530518158938e+00	-1.126563444129757821e-35	9.350161419562819098e-01
9.184019170139960664e-02	0.000000000000000000e+00	-2.834087714818470105e-01
3.444888748801449907e+01	-5.413479008776659792e-23	3.712454157907350005e-01
3.397541764066080106e+01	5.347711515188770417e-22	1.577713521321949974e+00
3.466469021244159876e+01	0.000000000000000000e+00	1.138332302733949947e-01
1.684633669612589912e+01	0.000000000000000000e+00	-3.710483914375750092e-01
3.384058202973739782e+01	0.000000000000000000e+00	4.293791131597420041e-02
3.341555424335199831e+01	0.000000000000000000e+00	3.881248348014960242e-02
1.547124542718609952e+01	0.000000000000000000e+00	-2.264089047448739844e+00
2.792561654819629879e+01	1.214757282828770076e-21	6.444221444642020402e-02
3.463310449439690331e+01	0.000000000000000000e+00	2.769647284164259982e-01
3.407241115287889954e+01	6.710012062173610047e-21	7.148818356781140304e-01
1.306922001150669921e+01	0.000000000000000000e+00	-4.992196296447769938e-02
1.900744397046490164e+01	0.000000000000000000e+00	-2.177989264670949945e-04
3.457626454581659914e+01	-9.923755573244939618e-22	7.993892912396940442e-01
3.906552515280859694e+01	5.790448816090320015e-22	-7.638232967989259936e-02
3.399918415068209754e+01	0.000000000000000000e+00	5.484592020687960312e-02
1.746274163485199926e+00	-6.690093250426299791e-23	-2.069049800547140185e-03
9.735169862463850521e+00	0.000000000000000000e+00	-3.450231823745339987e-01
1.889208178042359876e+01	0.000000000000000000e+00	-1.586533734526479889e-01
1.662930597931849874e+01	-4.213087055398610071e-29	2.087573765741860057e-02
3.448254348174649664e+01	0.000000000000000000e+00	-2.346906968849840069e-01
1.406456293256199963e+01	0.000000000000000000e+00	-1.117669789894410043e-01
3.129678156430249913e+01	-7.145845846300420546e-21	6.618154039491680463e-01
2.214143684026349845e+01	0.000000000000000000e+00	1.098929418085540025e-02
3.464643621401300067e+01	0.000000000000000000e+00	4.917295001322519871e-02
1.463774056787880085e+01	6.949378537280840018e-22	4.970591171932089991e-03
3.466645509149579851e+01	0.000000000000000000e+00	5.009899418795339676e-02
2.057272062916500133e+01	0.000000000000000000e+00	-1.288905083429159868e-04
3.448396151291979805e+01	0.000000000000000000e+00	5.111332436502599719e-02
1.834016369741249974e+01	0.000000000000000000e+00	1.225446582199570119e-04
2.732359658621480136e+01	0.000000000000000000e+00	4.450281701462010381e-03
3.574405742098210226e+01	0.000000000000000000e+00	-7.063369004003180462e-01
3.970568924546468992e+01	0.000000000000000000e+00	-4.520376210284428709e+00
2.967164096745730006e+01	0.000000000000000000e+00	1.176515378829210041e-02
2.900210131431209870e+00	0.000000000000000000e+00	4.462868401767969978e-02
-4.883899303825249838e+00	-9.037970390639799534e-19	2.416335221679529965e+00
2.122721242710120038e+01	8.832003991844049581e-22	3.109192904720000164e-02
1.661582700185229911e+01	-1.151925156569568628e-34	1.011300013012430021e+01
2.070199955843240147e+01	-1.241807705158179934e-21	4.500568434870600321e+00
2.187622715888219815e+01	-5.558350607899490487e-26	2.068206725182569761e-02
2.101250426771730062e+01	0.000000000000000000e+00	-3.220721254880789825e-04
3.958839567658699821e+01	3.379891280683739801e-19	5.797318969993130011e+00
2.837321636145420101e+01	0.000000000000000000e+00	3.060681779446179900e-03
1.317158861193290065e+01	0.000000000000000000e+00	-1.017517615093709971e+00
4.307399024444139712e+01	0.000000000000000000e+00	1.885139580477440013e+00
2.677532845718770105e+01	0.000000000000000000e+00	-2.608410512222790142e-04
7.461308574742999689e+00	0.000000000000000000e+00	-1.619028281155640014e+00
3.467296183647989949e+01	0.000000000000000000e+00	1.127723225978120025e-01
3.464175113448669663e+01	0.000000000000000000e+00	2.533831045870960086e-02
1.612667240669340174e+01	0.000000000000000000e+00	-2.345533511438240015e-01
3.376515309109179697e+01	1.872054765064393003e-27	5.374208632766600324e+00
3.466500484734179821e+01	0.000000000000000000e+00	2.999613565213530078e-02
3.603224007617569669e+01	1.230024253339845992e-36	8.136355729392780844e+00
2.570754547922780020e+01	4.942380277553539843e-21	1.510202579344369911e-01
2.922559177919659845e+01	0.000000000000000000e+00	-1.853471665465749929e+00
2.138692778434219832e+01	0.000000000000000000e+00	-2.091172253158170128e-04
3.470338484529710144e+01	0.000000000000000000e+00	1.060004134527609970e-01
3.466103537465919970e+01	0.000000000000000000e+00	4.900327200002550093e-02
1.958004715605139978e+01	0.000000000000000000e+00	-1.174738966871010000e-04
3.464827555252409752e+01	0.000000000000000000e+00	5.063250949523030037e-02
-8.067916076054769681e-01	-9.368647189957079269e-22	-7.688765380383869585e-01
1.287245035987269937e+01	-1.455372958089450055e-22	6.063067319610019983e-03
1.813680652267969862e+01	0.000000000000000000e+00	4.203927309417639611e-03
3.468874775151179790e+01	0.000000000000000000e+00	3.516150922980870036e-02
4.341322709324710161e+01	0.000000000000000000e+00	3.059921441866729985e+00
2.531371254037329521e+01	-2.025479755746040234e-20	6.241116434163929139e-01
1.888232542568130157e+01	0.000000000000000000e+00	1.134606251949649754e-03
1.472013430998310035e+01	0.000000000000000000e+00	-7.557312874892739840e-01
4.192618056541620319e+01	0.000000000000000000e+00	6.459438224840839737e+00
-5.482305836424879786e+00	1.792464162282050061e-20	5.124902558592150242e-02
3.814174571926400148e+01	0.000000000000000000e+00	-1.405094385057570061e-01
4.008599581774579690e+01	0.000000000000000000e+00	-4.821437735948009617e+00
3.391701943308380152e+01	0.000000000000000000e+00	1.705859070247109921e-01
3.447502261545759694e+01	9.091730143695849483e-20	-4.398466090043140042e+00
3.466068456439639789e+01	0.000000000000000000e+00	3.887278983136910337e-02
2.141536256116649994e+01	0.000000000000000000e+00	-5.682909145347839978e-04
3.167439558557009960e+01	0.000000000000000000e+00	2.248737281127610038e-02
2.122137587039109974e+01	1.913415964697179265e-26	1.413452600943380100e+00
3.395418270021050233e+01	0.000000000000000000e+00	6.741797496739719620e+00
1.940934774160270138e+01	0.000000000000000000e+00	1.344999010651099988e-02
3.469314197323640059e+01	0.000000000000000000e+00	7.592892605609249945e-02
3.469368758218720217e+01	0.000000000000000000e+00	7.205415539201789898e-02
3.866076006305389967e+01	0.000000000000000000e+00	-2.914820468395650011e+00
2.368012837491610156e+01	0.000000000000000000e+00	-2.571210586346720081e-04
3.464867085322690343e+01	0.000000000000000000e+00	1.794649110183699908e-02
2.742548531819970137e+01	1.384294710196110082e-18	1.121920191145879997e+01
2.473949792454040164e+01	0.000000000000000000e+00	-9.609175637554449845e-05
7.334558530984080171e+00	0.000000000000000000e+00	7.305132201161300062e-03
3.368983451376580263e+01	2.270479596778140025e-21	-6.807784871529809489e-01
3.745502653762410006e+01	-2.203062321745440078e-20	4.689061918212230395e+00
4.296453361259639792e+01	1.318424752463160005e-21	1.352119273851569936e+00
3.554483692337409906e+01	4.262173679176710077e-19	9.646666059748060462e+00
6.362753809914970304e+00	0.000000000000000000e+00	-3.378842138778300197e-01
1.599751007159069971e+01	0.000000000000000000e+00	-3.802617043702950111e-04
3.470255397661850338e+01	0.000000000000000000e+00	1.578875471164229956e-04
3.053790283672460149e+01	0.000000000000000000e+00	3.758556308616670116e-02
-2.600993036220129895e+00	1.102539620538984662e-22	2.114822960979040101e+00
4.209681005465739645e+01	-1.863324805075079130e-37	-5.548779147884100316e-02
2.699567892507370104e+01	2.888702252645720137e-26	7.227216142882300076e-01
1.454963128668629935e+01	0.000000000000000000e+00	-2.031393736104840086e-01
2.656520641438959984e+01	0.000000000000000000e+00	-2.848469033349310120e+00
2.053217879273379864e+01	0.000000000000000000e+00	7.472963875415909903e-04
4.201253063886740335e+01	0.000000000000000000e+00	2.233417446291760200e+00
3.471143973321940024e+01	0.000000000000000000e+00	5.441000052309900165e-02
-2.940145962531540036e+00	0.000000000000000000e+00	-1.448867274037810016e-01
4.105273578256949918e+01	3.088879545445960108e-19	5.441095065069069925e+00
1.203248616406970051e+01	0.000000000000000000e+00	6.284854487911109899e+00
2.677212289525419919e+01	0.000000000000000000e+00	-1.456696677930489958e+00
2.367756583713419971e+01	0.000000000000000000e+00	6.351544440865740165e-04
3.765363067086209714e+00	-3.108658551517351102e-38	1.827890578190519534e-03
3.365667478948449798e+01	-5.650153723469149969e-21	1.162794917058179944e+00
3.280906748107339865e+01	0.000000000000000000e+00	3.528458738802690148e-02
-3.771259179063500167e+00	-1.663846811102539996e-21	-1.294679778452789976e-01
6.342928903565489662e+00	0.000000000000000000e+00	-1.409918712387319972e-01
2.040261620136569931e+01	0.000000000000000000e+00	-6.353934771889919730e-01
3.619644983063309951e+01	0.000000000000000000e+00	-2.436864586009530154e+00
5.788999602392180144e+00	0.000000000000000000e+00	-1.027017147880709969e+00
2.585360681056009824e+01	-2.069670309408909886e-20	1.077870157309670063e+01
4.256685202223000175e+01	0.000000000000000000e+00	4.004001396209989849e+00
3.468348721308740323e+01	0.000000000000000000e+00	1.502003123730940026e-01
2.077930482929430056e+01	1.428426440623720021e-21	6.821747374533460029e-02
3.869681498951950260e+01	-1.370779749880540077e-19	6.431291041519659579e+00
1.416914334330260061e+01	0.000000000000000000e+00	-1.094359493327610039e-01
3.467393086282069703e+01	0.000000000000000000e+00	2.210404544744579980e-01
2.050246749005529878e+01	0.000000000000000000e+00	-1.304098753273689960e-04
3.761632569575670004e+01	0.000000000000000000e+00	-7.952222635400649775e-01
3.075038197816079588e+01	1.980319617157019928e-21	-6.971257058808398854e-01
3.197708844443589982e+01	5.407465914533710438e-26	7.326410556110639627e-01
2.753746521636849920e+01	-1.751367362344298290e-36	2.384123836821110121e-01
3.471112299510500065e+01	0.000000000000000000e+00	7.762781879712329913e-02
3.468864747880220278e+01	0.000000000000000000e+00	5.198968983609009858e-02
3.058704674229840137e+01	0.000000000000000000e+00	1.193739166098760004e-02
-4.318994731230419326e+00	-1.770581587295000160e-18	2.591375681793969488e+00
1.682061589425699566e+01	2.124390970667950008e-27	1.342937625233229897e-02
4.330819039635819934e+00	0.000000000000000000e+00	6.985766919814119860e-03
3.472896295425349678e+01	0.000000000000000000e+00	5.825867643410510138e-02
1.051753547493209950e+01	0.000000000000000000e+00	-5.441836316601599693e-02
1.614427219073419906e+01	0.000000000000000000e+00	5.820434475384669959e+00
2.606173848492829848e+01	-4.441875111981629573e-25	3.715813632990450088e-02
1.918397296286039833e+01	-1.722668050324490046e-21	1.000635602248130078e-02
4.251036159207190224e+01	-6.137551286715269892e-19	-3.886706256781370161e+00
2.720741687353950056e+01	0.000000000000000000e+00	1.253989955925770023e-04
3.990370678535229843e+01	0.000000000000000000e+00	7.540305008265639763e+00
2.569560297625120171e+01	0.000000000000000000e+00	2.113626551694349886e-03
8.263990705291970329e+00	-1.011228905078790055e-18	-1.264364673837029995e+00
4.139495195952760298e+01	5.690334074084591437e-35	6.468400949380670006e+00
3.464613113546690215e+01	0.000000000000000000e+00	4.712869552330940098e-02
4.208829801446179886e+01	-4.286460458646279753e-35	-3.390615088633440077e+00
2.881328422669959721e+01	3.564880533282780554e-19	1.136583853992109816e+01
3.294804279552860038e+01	0.000000000000000000e+00	4.474782335171070130e-02
2.183967064033819838e+01	0.000000000000000000e+00	-5.406374523538459579e-04
3.362689199229959769e+01	0.000000000000000000e+00	5.370253852542959672e-02
2.122268235281029902e+01	0.000000000000000000e+00	-9.885465016381600467e-01
2.296207691186220146e+01	0.000000000000000000e+00	1.499294605744340078e-03
4.042212592243860314e+01	0.000000000000000000e+00	5.637794910189430020e+00
2.230373884752919977e+00	-9.300603509080710632e-18	6.924949179124539889e-01
3.460124683719870120e+01	0.000000000000000000e+00	5.203182712538120119e-02
2.419303858450140154e+01	0.000000000000000000e+00	1.065364955728719920e+01
1.297269399165809922e+01	1.953449100867629832e-18	5.130533861875880008e-01
4.174351219817049952e+01	0.000000000000000000e+00	1.711769189835240068e+00
2.508246659992139982e+01	0.000000000000000000e+00	-1.125236896788489984e-03
3.727465090103169132e+01	5.176727196920107489e-20	3.426845947323229336e-01
4.260031769756940179e+01	0.000000000000000000e+00	-1.843995809237199968e+00
3.462982904494860037e+01	0.000000000000000000e+00	1.138631724255550039e-03
3.470757076313559963e+01	0.000000000000000000e+00	6.519417924160339495e-02
3.907190274513170181e+01	0.000000000000000000e+00	-6.430934874762750386e-02
2.133720247055200048e+01	-2.806918526436410064e-22	7.811982278627439998e-03
8.918828740224380880e+00	0.000000000000000000e+00	-1.685180303521200074e+00
1.775390503708987566e+01	-2.268541970918107731e-32	3.335876592101395754e+00
2.184946696180119829e+01	0.000000000000000000e+00	-4.233411579830080075e-04
3.371126861175339684e+01	0.000000000000000000e+00	5.042553959831569621e+00
3.463912473624920096e+01	0.000000000000000000e+00	1.160146932415049986e-01
3.641870605758990109e+01	-1.338842915460520038e-18	5.102984511400229906e+00
3.881935674826770111e+01	0.000000000000000000e+00	3.559482384674280020e+00
2.145160245741699967e+01	0.000000000000000000e+00	1.493601299955270040e-04
2.097170344384660012e+01	0.000000000000000000e+00	-5.147155383353629486e-04
3.142379584417939853e+01	9.965899572496890752e-21	4.236288293955179918e-01
3.463233195802079933e+01	0.000000000000000000e+00	1.451732848411929969e-02
1.320217390308929950e+01	0.000000000000000000e+00	-2.719473532823560042e-03
2.290938561670400020e+01	8.910571164528740501e-19	1.108021048528349972e+01
1.075772192467839972e+01	0.000000000000000000e+00	-2.075406724443610074e+00
1.713243362211390064e+01	0.000000000000000000e+00	7.567375226787890000e-03
2.631151019387240098e+01	0.000000000000000000e+00	4.464971667528410022e-03
3.467578547931120170e+01	0.000000000000000000e+00	2.315259050205310115e-02
-6.393247285547849934e+00	0.000000000000000000e+00	6.825020423982069984e-01
3.409516424193760287e+01	0.000000000000000000e+00	7.756333278421729815e-01
3.473845686481679707e+01	0.000000000000000000e+00	2.084201152926890011e-01
3.243601622408939988e+01	-9.664959272354090057e-21	1.515104053294050068e+00
2.406190414823500134e+01	0.000000000000000000e+00	-2.519069819918770114e-04
2.299398515457329850e+01	0.000000000000000000e+00	-6.012050765513749949e-04
1.770814913937950053e+01	0.000000000000000000e+00	1.649780200983170045e-04
1.908888966078929883e+01	0.000000000000000000e+00	1.056960827834770023e-02
3.623665747606779775e+01	0.000000000000000000e+00	-1.015794137959080023e+00
3.432043567690480046e+01	-3.185181523546799720e-26	8.791062153888420383e-01
3.464840398899170282e+01	0.000000000000000000e+00	1.179023344498320025e-02
4.044263673422109662e+01	0.000000000000000000e+00	5.328323878612899911e+00
1.046206421932100028e+01	0.000000000000000000e+00	6.045517998588160330e-03
-4.238373117584759875e+00	0.000000000000000000e+00	3.466665143835019891e-01
1.841214555943189879e+01	0.000000000000000000e+00	-8.411008392852650187e-05
1.682887920049410013e+01	0.000000000000000000e+00	-4.794272740215420048e-01
4.321135465076719839e+01	2.218324163433909916e-19	5.003325306063720390e+00
2.783627434940740031e+01	0.000000000000000000e+00	9.843750627783909996e-04
2.576348519614510124e+01	0.000000000000000000e+00	-1.030215781571929912e-03
3.471231312107430256e+01	0.000000000000000000e+00	2.426204454697900026e-02
5.457338407397809732e+00	0.000000000000000000e+00	-9.540904366584129770e-01
2.724170917148380155e+01	0.000000000000000000e+00	8.897340034901630307e-03
1.852405781232929982e+01	-2.315846072839099855e-21	5.319512725680639736e-02
4.447045817763149955e+01	-3.811497341465660026e-20	-4.589802099398340163e-01
1.459417454893620025e+01	0.000000000000000000e+00	-1.128470816531649962e-01
2.263263238538349853e+01	1.917958503507669824e-21	8.065865550273690343e-02
3.400579885345540276e+01	0.000000000000000000e+00	-2.313652112849440001e-01
3.464602486730049691e+01	0.000000000000000000e+00	5.159938904898669909e-02
3.465810445549440288e+01	0.000000000000000000e+00	4.784651657847430184e-02
-6.673761756916380072e+00	-6.870271446452049914e-19	1.427101091411449918e+00
3.625356662638500183e+01	0.000000000000000000e+00	-8.463557069947800215e-01
3.184407545125520045e+01	0.000000000000000000e+00	3.305028464544910310e-02
2.615068521684250058e+01	0.000000000000000000e+00	1.372888583174389915e-02
3.846842380020299856e+01	5.863312246820730337e-19	7.415426895427270182e+00
-5.398715844678759979e+00	-1.240214418172159922e-18	4.786203253058179952e-01
3.260945057496819999e+01	0.000000000000000000e+00	3.966298560730169981e-02
2.541030939885990136e+01	0.000000000000000000e+00	1.662256404023240014e-02
-2.211911641076880208e+00	-7.089692478598850094e-19	2.087635270702839829e+00
1.062063512512709984e+01	0.000000000000000000e+00	-1.517521954993500122e-01
2.372615946603729853e+01	-4.553690334795839881e-27	5.953875168792940181e-02
1.982557690702000031e+01	1.583329492784160064e-21	4.426109159677209942e-02
2.390027627835380031e+01	0.000000000000000000e+00	-7.406763259830320134e-01
3.463156203507659825e+01	0.000000000000000000e+00	5.605007978345739883e-02
3.061967385657530016e+01	0.000000000000000000e+00	5.938590368516729612e-01
2.986535785615230054e+01	0.000000000000000000e+00	2.806900342535829929e-02
2.439774037058180411e+00	0.000000000000000000e+00	-1.358340468575768879e-03
3.038690501690449963e+01	0.000000000000000000e+00	1.245173897667050007e-02
2.880970884013590094e+01	0.000000000000000000e+00	4.704311439227259681e-03
3.634909220485109671e+01	0.000000000000000000e+00	-9.774612249814059739e-01
8.213058570749790732e+00	0.000000000000000000e+00	-2.277381566723029938e+00
1.801995323776869995e+01	0.000000000000000000e+00	-6.592479857970490187e-01
1.098548176670160004e+01	0.000000000000000000e+00	5.652686365498930249e-03
3.490151375796820332e+01	0.000000000000000000e+00	7.278683459030109437e-02
1.231790545775010060e+01	0.000000000000000000e+00	-2.502937843529889905e-02
2.474256405914659851e+01	0.000000000000000000e+00	-4.832762906793260267e-04
-3.973931854161249611e+00	6.869076527503740396e-20	5.230388949238808927e-01
3.332475737333869859e+01	-3.456334358905120095e-19	1.015713176640119997e+01
2.964195474940229857e+01	0.000000000000000000e+00	-7.968862114927020013e-01
4.048999371286169691e+01	-5.710824014566580042e-20	-1.478809142712490088e+00
3.295767438861199849e+01	0.000000000000000000e+00	7.860457976405089975e-02
2.332386414222300175e+01	0.000000000000000000e+00	1.573639809138309897e-03
3.381717611216799924e+01	-3.723767148805419990e-21	1.281940558802229901e+00
3.609499640909329798e+01	0.000000000000000000e+00	2.852915101539279963e+00
4.128293445866960099e+01	2.646967095279581734e-35	6.023823607247049239e+00
2.226783263046536732e+01	2.996638855597364382e-32	1.044292118465498476e+01
3.110871394572840032e+01	0.000000000000000000e+00	2.439945446989539857e+00
