6.695968889605515006e-02,2.278368961180625776e-03,0.000000000000000000e+00
6.023774903076053455e-01,1.657701011887909581e-01,0.000000000000000000e+00
6.538995266553241370e-01,-2.706247719693111696e-03,0.000000000000000000e+00
1.100551199419942172e+00,-3.858256748087175031e-02,0.000000000000000000e+00
8.872446955336179553e-01,-1.632259587499764256e-02,0.000000000000000000e+00
6.746930887938740184e-01,3.645204020738138095e-01,0.000000000000000000e+00
1.305367590169581593e+00,-4.079439904090931268e-02,0.000000000000000000e+00
-1.683466503776191447e-01,-2.365592455682691275e-02,0.000000000000000000e+00
1.303882816638132436e+00,2.826422881905230056e-01,0.000000000000000000e+00
8.091364900383725134e-01,-1.465506501800978474e-02,0.000000000000000000e+00
3.936152395646723701e-01,-1.129729944671505060e-01,0.000000000000000000e+00
7.737110062957081036e-01,1.915119242806653105e-03,0.000000000000000000e+00
8.807494957238362066e-01,2.804801540444836622e-02,0.000000000000000000e+00
1.360448178122421137e+00,-4.701052595780470800e-02,0.000000000000000000e+00
5.749201200692692915e-01,-6.957888151347287053e-02,0.000000000000000000e+00
7.754124661892679571e-01,7.320461908060168187e-03,0.000000000000000000e+00
3.744200692316570489e-01,-7.950821239335994009e-03,0.000000000000000000e+00
4.847796425579019575e-01,-3.750793023546800109e-02,0.000000000000000000e+00
6.726956564244800374e-01,-4.801821470503018878e-03,0.000000000000000000e+00
9.406580611513640777e-01,3.015700253794561039e-02,0.000000000000000000e+00
4.126062485799906754e-01,-4.333290846927062567e-02,0.000000000000000000e+00
6.691928907171625918e-01,-9.789334133976672001e-04,0.000000000000000000e+00
1.355581900908134907e+00,4.976029738723294210e-03,0.000000000000000000e+00
1.209411812712531287e+00,-7.853820335036983125e-02,0.000000000000000000e+00
6.137502146842431783e-01,-6.896385907561976628e-03,0.000000000000000000e+00
7.441246147744299266e-01,-4.291381360236062696e-03,0.000000000000000000e+00
1.230635420916895484e+00,-4.598692930235231957e-02,0.000000000000000000e+00
1.237050517868490296e+00,3.456870857862391708e-03,0.000000000000000000e+00
1.179330407191711449e+00,-4.783437454411060274e-02,0.000000000000000000e+00
5.372194381778095940e-01,-1.558510224971129503e-02,0.000000000000000000e+00
7.013975694693568297e-01,-3.752109377894164571e-02,0.000000000000000000e+00
6.058024194253868178e-01,-1.233169498745485641e-02,0.000000000000000000e+00
1.236056987247711847e+00,-3.331102865370566546e-02,0.000000000000000000e+00
7.466631547209365838e-01,-3.096055104608588619e-03,0.000000000000000000e+00
7.549815490374445215e-01,2.982657679896799988e-03,0.000000000000000000e+00
1.229750764413564568e+00,-1.095547497433071657e-02,0.000000000000000000e+00
9.186066510957069386e-01,-8.294401636207082706e-02,0.000000000000000000e+00
1.312306983010306904e+00,-2.308038583319619100e-02,0.000000000000000000e+00
5.307612345150231059e-01,-4.182354150248104169e-02,0.000000000000000000e+00
6.142168015647769819e-01,-1.144523460531271693e-02,0.000000000000000000e+00
1.292551685826200947e+00,-1.230893048159868372e-02,0.000000000000000000e+00
5.427486351990613578e-01,-1.052204385932879391e-02,0.000000000000000000e+00
8.736916722914963573e-01,-1.281094008735242373e-02,0.000000000000000000e+00
1.218904247491942039e+00,-1.978363727840271036e-02,0.000000000000000000e+00
8.037628091941949326e-02,-3.840872074014832840e-03,0.000000000000000000e+00
9.604561086591768548e-01,1.064568433842607263e-02,0.000000000000000000e+00
4.480933222975743146e-01,-8.456272447066166126e-03,0.000000000000000000e+00
2.592092824602011333e-02,-1.160000970905733682e-02,0.000000000000000000e+00
3.801842487930440911e-02,3.768316006882620629e-03,0.000000000000000000e+00
1.058901082320026887e+00,-4.145244528712255933e-02,0.000000000000000000e+00
1.363710184660973379e+00,-5.399464425576363386e-02,0.000000000000000000e+00
2.459709909617408541e-01,1.552105125904785013e-02,0.000000000000000000e+00
9.889641145438656800e-01,-1.001853846505826456e-01,0.000000000000000000e+00
1.279906625741178638e+00,-1.866446008825215289e-02,0.000000000000000000e+00
6.138726546611426027e-01,1.611953544325757035e-02,0.000000000000000000e+00
5.477013846310985201e-01,2.423047526917328498e-01,0.000000000000000000e+00
1.275804046217528853e+00,-4.505496309271544292e-02,0.000000000000000000e+00
6.111358026995948878e-01,-1.804688897428549654e-02,0.000000000000000000e+00
1.336876233681237647e+00,-5.379453872772689549e-02,0.000000000000000000e+00
6.081226028568698094e-01,-1.308447573603437747e-02,0.000000000000000000e+00
7.200763122449473919e-01,-4.511419843982514277e-02,0.000000000000000000e+00
4.445070998136755325e-01,1.996047438169332722e-01,0.000000000000000000e+00
4.246074070244341137e-01,-4.711280039733038022e-03,0.000000000000000000e+00
1.189185427452867649e-01,-1.075261681864825986e-02,0.000000000000000000e+00
4.089094756060049907e-01,-9.724375212615356256e-03,0.000000000000000000e+00
8.805893623375710133e-01,1.300056151197902764e-02,0.000000000000000000e+00
1.202840175124425759e+00,1.723412029311747751e-01,0.000000000000000000e+00
5.469575328664515457e-01,-4.116257754671553970e-02,0.000000000000000000e+00
5.156897909997993912e-01,-6.146712375002345505e-03,0.000000000000000000e+00
6.479371846332077078e-01,-2.464119740956804278e-02,0.000000000000000000e+00
2.852487365376921158e-01,-8.632038361466393139e-02,0.000000000000000000e+00
3.391425839359309968e-01,-1.125715190247866988e-02,0.000000000000000000e+00
1.057747792163492795e+00,-4.512084605486246097e-02,0.000000000000000000e+00
7.022174012578345781e-02,-1.639313713599435673e-02,0.000000000000000000e+00
2.219685913011939793e-01,-1.305385397712634059e-02,0.000000000000000000e+00
1.016028713527343585e+00,-5.576102441708803703e-02,0.000000000000000000e+00
1.421518474816119149e+00,1.600148197704972242e-01,0.000000000000000000e+00
7.871582216863104442e-01,-4.779786196469164999e-03,0.000000000000000000e+00
1.295517890961532803e+00,-4.647407115056127747e-02,0.000000000000000000e+00
8.159387661494263977e-01,7.406257786671378504e-03,0.000000000000000000e+00
5.981046581589641864e-01,-2.345200058418091954e-03,0.000000000000000000e+00
2.662232802534080234e-01,-4.232053833564691780e-02,0.000000000000000000e+00
2.868374187039904877e-01,-6.069435407480575084e-03,0.000000000000000000e+00
7.177603725992958150e-01,-1.606956147676035776e-03,0.000000000000000000e+00
7.599654166425573454e-01,1.068362246855952269e-01,0.000000000000000000e+00
5.417015399189604175e-01,1.669533229793408648e-03,0.000000000000000000e+00
7.930766330820681054e-01,-1.213025021520784674e-02,0.000000000000000000e+00
-8.256315746147900592e-02,5.833843625525817617e-02,0.000000000000000000e+00
8.464067744183603192e-01,-1.005494980690982074e-02,0.000000000000000000e+00
3.676529767318479358e-01,-9.801962605067601753e-02,0.000000000000000000e+00
7.284881277962944601e-01,2.133493834160633124e-02,0.000000000000000000e+00
1.342566630668840189e+00,3.874350889015792249e-02,0.000000000000000000e+00
9.242829817271718262e-01,-7.420422657626183846e-03,0.000000000000000000e+00
6.343825832965163114e-01,2.224438664343550420e-02,0.000000000000000000e+00
5.028730695358903935e-01,-1.976162970682684289e-02,0.000000000000000000e+00
3.141415347835546656e-01,-1.227461626984075252e-02,0.000000000000000000e+00
5.129205160825265342e-01,-5.389778795084775725e-02,0.000000000000000000e+00
3.088600451013561177e-01,-2.445313998441499964e-02,0.000000000000000000e+00
7.643773414640668840e-01,-7.419780268312519723e-03,0.000000000000000000e+00
4.961664861751738931e-01,-1.547792885281473740e-02,0.000000000000000000e+00
6.984629449493385822e-01,5.397151093992309800e-02,0.000000000000000000e+00
4.250300957515086853e-01,1.497394462787283997e-01,0.000000000000000000e+00
3.061140806104155065e-01,-8.222748074709740340e-02,0.000000000000000000e+00
7.693188100946334318e-01,1.627937498534244576e-02,0.000000000000000000e+00
1.460791343925997854e+00,4.871985529582913144e-02,0.000000000000000000e+00
1.163148414978821821e+00,-6.000658323146076251e-02,0.000000000000000000e+00
1.077478818759772139e+00,3.793644110783760126e-02,0.000000000000000000e+00
8.842327939277523363e-01,-8.542295964245119611e-03,0.000000000000000000e+00
8.386636130393478883e-01,-2.266808563666495441e-02,0.000000000000000000e+00
9.931291092458897074e-01,-2.855652727979253111e-02,0.000000000000000000e+00
9.740017532697361480e-01,-7.516290656201655637e-03,0.000000000000000000e+00
8.708856648413212387e-01,-1.141995077283417502e-02,0.000000000000000000e+00
3.794740057836920588e-02,-7.080747515145704822e-03,0.000000000000000000e+00
1.283666805929164934e+00,-1.452042957149916533e-02,0.000000000000000000e+00
6.720453183066760205e-01,4.631328446962471729e-02,0.000000000000000000e+00
7.605186946965577510e-01,-2.463411690721100528e-02,0.000000000000000000e+00
-1.847796963123232161e-01,9.852725975096676692e-02,0.000000000000000000e+00
5.703652833104969067e-02,-1.145848292640680964e-02,0.000000000000000000e+00
1.324460918155626388e+00,-4.827059841113767041e-03,0.000000000000000000e+00
1.375915071634423059e+00,-4.635654755397142224e-02,0.000000000000000000e+00
5.549987134505834918e-01,-3.459756897228511135e-03,0.000000000000000000e+00
4.499409724461460591e-01,-8.712881708932666489e-03,0.000000000000000000e+00
1.930140928314561799e-01,-8.999889132658934685e-03,0.000000000000000000e+00
1.286673222161262453e+00,-2.105950638427974211e-02,0.000000000000000000e+00
1.170827155934288877e+00,-1.151719040483702161e-02,0.000000000000000000e+00
6.687016938793977072e-01,1.362243185011337843e-01,0.000000000000000000e+00
5.701989743403675925e-01,7.353930037196821853e-03,0.000000000000000000e+00
9.418075476073616004e-02,-5.041138226644722303e-02,0.000000000000000000e+00
1.517604961842336508e-01,-6.691656356468458910e-02,0.000000000000000000e+00
4.045554093762526726e-01,5.181669255171612171e-02,0.000000000000000000e+00
1.748901682045158057e-01,-8.767708031550781878e-02,0.000000000000000000e+00
6.931048044898727722e-01,-7.302268047099778501e-04,0.000000000000000000e+00
6.956588280309906613e-01,3.255862293654134820e-01,0.000000000000000000e+00
8.449055877451769336e-02,-1.585804870933634619e-02,0.000000000000000000e+00
8.853012352230222870e-01,-1.020803337456963472e-01,0.000000000000000000e+00
5.771682841224343719e-01,-1.156850255578861786e-01,0.000000000000000000e+00
1.274894460140661767e+00,-2.116440678462252686e-02,0.000000000000000000e+00
6.866731738187501488e-01,-5.610572550791589896e-02,0.000000000000000000e+00
1.140906644764198008e+00,-4.296620977330138647e-02,0.000000000000000000e+00
7.725560595672299469e-01,1.202444438139458477e-02,0.000000000000000000e+00
6.914879571128728086e-01,1.800577290915464368e-01,0.000000000000000000e+00
1.132434329989506328e+00,-1.492050100733916494e-02,0.000000000000000000e+00
8.188731756557443564e-02,1.332747542402935859e-02,0.000000000000000000e+00
-1.071773265475210596e-01,4.982156986842532775e-02,0.000000000000000000e+00
7.681961928691356523e-01,-1.653850652718084902e-02,0.000000000000000000e+00
1.482802840611244233e-01,-1.170845284628464940e-02,0.000000000000000000e+00
7.551284964504338948e-01,-5.928621481658759122e-03,0.000000000000000000e+00
1.090737190212904162e+00,-1.499271159889247959e-02,0.000000000000000000e+00
1.136487865844308720e+00,-2.909614010724930269e-02,0.000000000000000000e+00
1.095525539948863258e+00,-6.141979495721668764e-02,0.000000000000000000e+00
1.303710454697143639e+00,2.025825852957426412e-02,0.000000000000000000e+00
4.928426833025966181e-01,-4.580600858835784492e-04,0.000000000000000000e+00
7.389933093828824351e-01,-5.715010509590579338e-03,0.000000000000000000e+00
3.164834262373347196e-01,-2.006112119284488536e-03,0.000000000000000000e+00
4.492645139253327313e-01,2.863098968448922130e-02,0.000000000000000000e+00
8.981031024465067070e-01,6.412055210258034432e-02,0.000000000000000000e+00
1.703784914620255081e-02,-2.818302988285184899e-02,0.000000000000000000e+00
8.069197862580703706e-01,8.890899589333697145e-03,0.000000000000000000e+00
1.026646033092331711e+00,2.541656526987779927e-02,0.000000000000000000e+00
7.151858132817274782e-01,4.734743383645449027e-02,0.000000000000000000e+00
9.254249259300760810e-01,-6.338649300938487691e-03,0.000000000000000000e+00
7.157009298506548101e-01,-5.186538006293546499e-03,0.000000000000000000e+00
6.021519950096528850e-01,-3.210495631693411397e-04,0.000000000000000000e+00
1.351960683607905667e+00,-2.498456596870303470e-02,0.000000000000000000e+00
1.261479547638204357e+00,-2.981526030292649954e-02,0.000000000000000000e+00
-1.402685023184553625e-01,9.649440621193194900e-02,0.000000000000000000e+00
1.960431221165263582e-01,-1.567947789447958137e-02,0.000000000000000000e+00
8.940002817681150793e-01,-1.698689540796301592e-02,0.000000000000000000e+00
3.224325364079139167e-01,-1.488953051319136939e-02,0.000000000000000000e+00
1.237165854159909761e+00,-2.184222555863006912e-02,0.000000000000000000e+00
3.229275042683259489e-01,-1.339059483514228044e-02,0.000000000000000000e+00
9.408168249707814512e-01,-8.284694824771092134e-03,0.000000000000000000e+00
7.217109163381806303e-01,2.805743759772058588e-02,0.000000000000000000e+00
-7.305795088933123016e-02,-1.933031248761247003e-02,0.000000000000000000e+00
5.179894856899021072e-01,-6.513248536516190457e-02,0.000000000000000000e+00
7.254316734526510269e-01,-6.491967434229216349e-03,0.000000000000000000e+00
1.203268763990562373e+00,-2.685450751185846502e-02,0.000000000000000000e+00
4.904605258003694734e-01,-1.643588503232411638e-02,0.000000000000000000e+00
1.302603368494486880e+00,1.970146733328564381e-01,0.000000000000000000e+00
7.748023895575787412e-01,-7.423226326966589003e-03,0.000000000000000000e+00
6.388065374425639931e-01,-3.850674375101240804e-02,0.000000000000000000e+00
4.359347465129479460e-01,-1.358038183363231063e-03,0.000000000000000000e+00
8.397853161751042128e-01,1.231431725425741371e-02,0.000000000000000000e+00
8.553648876675726820e-01,-1.498081857410235931e-02,0.000000000000000000e+00
1.224849169647078240e+00,1.832407819963728516e-03,0.000000000000000000e+00
8.780073736801161655e-01,4.816597263918272198e-02,0.000000000000000000e+00
9.435638902717952137e-01,-5.058868462584253933e-02,0.000000000000000000e+00
4.552864367526421319e-01,-5.099863405433525260e-02,0.000000000000000000e+00
2.087571473765323649e-01,-2.979021434498597271e-02,0.000000000000000000e+00
5.772804759301431998e-01,-1.033150021362685533e-03,0.000000000000000000e+00
1.298773605637741246e+00,-1.219979681260192732e-02,0.000000000000000000e+00
2.799818209286349946e-01,-4.872928825931864029e-03,0.000000000000000000e+00
7.772042335143436453e-02,-3.887397115293338146e-02,0.000000000000000000e+00
1.309816142760847457e+00,-1.435368631901322127e-02,0.000000000000000000e+00
5.270798411293894370e-01,-2.238961779363679745e-03,0.000000000000000000e+00
3.644394593126269455e-01,-8.652373452266909348e-03,0.000000000000000000e+00
6.429490507471603555e-01,-2.192316307230168793e-02,0.000000000000000000e+00
8.931244484489975211e-01,-8.248693315004586302e-03,0.000000000000000000e+00
1.397645172095981714e+00,1.042658701919440267e-01,0.000000000000000000e+00
7.645441968472810323e-01,-4.045286140668923926e-03,0.000000000000000000e+00
2.447070985730435966e-01,-1.143820310427365317e-02,0.000000000000000000e+00
4.212364562418340896e-01,-2.064683460252549757e-02,0.000000000000000000e+00
5.186708287903902814e-01,-4.076424005776353721e-02,0.000000000000000000e+00
5.002007928255911562e-01,-3.107346652523037753e-03,0.000000000000000000e+00
1.130538644334064369e+00,-1.661611618394817289e-02,0.000000000000000000e+00
1.288364731416514974e+00,-1.854748454404380603e-02,0.000000000000000000e+00
9.903758381686492696e-01,-3.059896868490393981e-02,0.000000000000000000e+00
7.879332900658569949e-01,-1.204869054450226351e-02,0.000000000000000000e+00
1.460105550186134193e+00,1.224526424841637096e-01,0.000000000000000000e+00
5.663319074959989319e-01,2.241656208571940201e-01,0.000000000000000000e+00
8.314409695795477173e-01,2.686617576562272958e-01,0.000000000000000000e+00
1.017538145940623640e+00,-1.737239586615595480e-02,0.000000000000000000e+00
8.058360051281564518e-01,-9.793211515531965658e-03,0.000000000000000000e+00
1.232429276814876351e+00,-4.470571024189077397e-02,0.000000000000000000e+00
7.609517503155495133e-01,1.355168644321839110e-02,0.000000000000000000e+00
7.580476481677831391e-01,5.161376668636328234e-03,0.000000000000000000e+00
6.423898125943297011e-01,-3.624144501017280418e-02,0.000000000000000000e+00
1.714084668482471763e-01,2.588426035764601965e-02,0.000000000000000000e+00
8.692921504059564208e-01,-3.437687151497462873e-02,0.000000000000000000e+00
6.789254146951738678e-01,-2.557672650507913144e-03,0.000000000000000000e+00
6.664654748712068866e-01,-4.651336790781218124e-03,0.000000000000000000e+00
6.079383255555907972e-01,-5.814216930144903463e-03,0.000000000000000000e+00
1.559418162716841305e-01,-9.967436496205527713e-03,0.000000000000000000e+00
7.085303432511427246e-01,3.923342092789978974e-02,0.000000000000000000e+00
5.114664340112631269e-01,-6.160585956165200508e-03,0.000000000000000000e+00
4.346275511042768658e-01,-1.259682532005269688e-02,0.000000000000000000e+00
1.149122157028067637e+00,-3.724120418673481508e-02,0.000000000000000000e+00
9.545512015142355589e-01,-1.438517005495081220e-05,0.000000000000000000e+00
7.322735515590544919e-01,-5.841821221560036803e-02,0.000000000000000000e+00
6.181237030307789038e-01,-9.425255383470949877e-03,0.000000000000000000e+00
6.910504932050892668e-01,-4.415044508703854995e-03,0.000000000000000000e+00
-9.647725728074237062e-02,4.714109096603423532e-02,0.000000000000000000e+00
8.504091614418869405e-01,5.860324964309960444e-02,0.000000000000000000e+00
7.379236838713361113e-01,4.166904562860929140e-02,0.000000000000000000e+00
1.368415492494631902e+00,3.136730505423084847e-01,0.000000000000000000e+00
3.773851360519447917e-01,-2.697917910324883900e-02,0.000000000000000000e+00
1.435243801853959056e+00,1.176278056457009807e-01,0.000000000000000000e+00
9.799366781861216236e-01,1.352569081299500320e-01,0.000000000000000000e+00
7.274278355475176649e-01,3.089981093212298413e-01,0.000000000000000000e+00
6.552840677696449845e-01,-9.730670525356061029e-02,0.000000000000000000e+00
5.035601163734720886e-01,-7.605174840810074999e-02,0.000000000000000000e+00
5.870920467368596629e-01,-9.644798915926118803e-04,0.000000000000000000e+00
5.528023685276807209e-01,-1.295251029058675646e-02,0.000000000000000000e+00
1.372648452258804719e+00,-1.393829161196346103e-02,0.000000000000000000e+00
8.945386159174679719e-01,-2.820689074929071116e-02,0.000000000000000000e+00
4.902968066528974322e-01,-5.339563319100858012e-03,0.000000000000000000e+00
5.781973515326748192e-01,-6.287491214775111845e-03,0.000000000000000000e+00
1.228201457310567513e+00,-2.229357476141531277e-02,0.000000000000000000e+00
-1.464534308757541314e-01,-2.719099044956370392e-02,0.000000000000000000e+00
7.287597909199018398e-01,-4.576930698198518853e-03,0.000000000000000000e+00
4.919073820626143068e-01,-1.267396160064704694e-02,0.000000000000000000e+00
1.058285278907519444e+00,2.680081799030551437e-01,0.000000000000000000e+00
2.751323250994087144e-01,-1.538828381579091659e-02,0.000000000000000000e+00
1.272548496757006875e+00,-2.267858362730145946e-02,0.000000000000000000e+00
6.894265056116781754e-01,-2.689657036459765140e-03,0.000000000000000000e+00
6.810344226590666628e-01,-3.197738231386165753e-02,0.000000000000000000e+00
6.839063745048457044e-01,-2.751125997542314128e-02,0.000000000000000000e+00
-8.119001678841686331e-02,3.197297064581747228e-02,0.000000000000000000e+00
7.496776944379102137e-01,-2.959076447479249013e-04,0.000000000000000000e+00
2.746646581386555930e-01,-1.391025142638634658e-02,0.000000000000000000e+00
1.433343246416041827e+00,2.350373544846013490e-02,0.000000000000000000e+00
1.252135371941853537e+00,-1.377188630990655582e-02,0.000000000000000000e+00
1.283665995344702049e+00,-5.336709450506413321e-02,0.000000000000000000e+00
5.650200966938618841e-01,-1.056697085845374230e-02,0.000000000000000000e+00
-1.505986279680155693e-01,-2.859483894954813546e-02,0.000000000000000000e+00
6.151936356850291610e-01,-1.895009323289639780e-02,0.000000000000000000e+00
1.200141044668010970e+00,-2.568134660578308762e-02,0.000000000000000000e+00
7.845364474537102062e-01,2.310637762653500529e-02,0.000000000000000000e+00
1.379447283298113947e+00,2.154579677364603513e-02,0.000000000000000000e+00
5.890774141672590059e-01,-1.986682289175460345e-02,0.000000000000000000e+00
-1.977578958760975447e-01,6.135189715260311316e-02,0.000000000000000000e+00
1.100021507769170181e+00,-4.976336776535511541e-02,0.000000000000000000e+00
8.259041435372496132e-01,1.138724646248477114e-02,0.000000000000000000e+00
1.280476007408758665e+00,-2.424434817600044229e-02,0.000000000000000000e+00
5.506425343131905459e-01,-1.436682915778174710e-02,0.000000000000000000e+00
1.782992264195957799e-01,-7.972589408759099550e-02,0.000000000000000000e+00
9.122638038529816695e-01,1.380095240995338479e-01,0.000000000000000000e+00
1.322918578242643362e+00,-1.167756475864632076e-02,0.000000000000000000e+00
5.845175007060453565e-01,-2.263115830016457566e-02,0.000000000000000000e+00
8.079473038843585364e-01,-6.877853788000664464e-03,0.000000000000000000e+00
9.123614454738624424e-01,2.049658548490699561e-01,0.000000000000000000e+00
5.166494635825695791e-01,1.806761641699678456e-01,0.000000000000000000e+00
2.265728577373304908e-01,-6.020079745330320781e-02,0.000000000000000000e+00
-2.443044598700067072e-03,4.162188105950756500e-02,0.000000000000000000e+00
6.729653543696548779e-01,-7.270777677032932984e-02,0.000000000000000000e+00
-1.240235867683062571e-01,8.271721771725401573e-02,0.000000000000000000e+00
6.661180398367283484e-01,-6.262239408455963670e-03,0.000000000000000000e+00
-1.959640991319400866e-02,-4.997719416768575673e-02,0.000000000000000000e+00
7.277888122786790870e-01,-4.973507168477215093e-03,0.000000000000000000e+00
7.817141415524211379e-01,-8.967693856524827298e-03,0.000000000000000000e+00
5.395504786194098568e-01,-1.338801582424684403e-02,0.000000000000000000e+00
1.041354320497094532e+00,-8.024923239599759950e-02,0.000000000000000000e+00
6.260355720067265484e-01,-1.644063180846850811e-03,0.000000000000000000e+00
7.807844598059063834e-01,1.425265922183661105e-01,0.000000000000000000e+00
-1.290135380747239602e-01,-1.308767699378685610e-02,0.000000000000000000e+00
4.894692143829409980e-01,-5.078176454311252898e-03,0.000000000000000000e+00
1.141944663516217373e+00,-3.217457360235504576e-02,0.000000000000000000e+00
-3.960508160950514805e-02,-2.920353444329936224e-02,0.000000000000000000e+00
3.761010276577759215e-01,-6.683095563140539416e-03,0.000000000000000000e+00
2.987579804658092586e-01,-2.898769611374974256e-02,0.000000000000000000e+00
1.028397421312248206e+00,-3.018820681343424572e-02,0.000000000000000000e+00
1.553889502844439108e-01,-5.111572413761583666e-02,0.000000000000000000e+00
5.936916527300494240e-01,-1.905461146686016072e-02,0.000000000000000000e+00
7.394073408660247759e-01,-3.247977206588587799e-03,0.000000000000000000e+00
1.026572214834641450e+00,-4.570493018042899591e-02,0.000000000000000000e+00
1.380748700262900641e+00,4.526153863466297889e-02,0.000000000000000000e+00
1.340430664376760950e+00,-2.213474998404894867e-02,0.000000000000000000e+00
7.349490091248745971e-01,7.159202010623586139e-03,0.000000000000000000e+00
2.921940873324374022e-01,1.154108886283923691e-01,0.000000000000000000e+00
3.017647295016299136e-01,-1.101953003538201116e-02,0.000000000000000000e+00
-4.912322539677008160e-02,-3.999605684623168400e-02,0.000000000000000000e+00
4.868545846086134721e-01,-4.734851430618840055e-03,0.000000000000000000e+00
2.194848372707359010e-02,-1.209925236830351400e-02,0.000000000000000000e+00
6.288867669477199440e-01,-1.137234736743061685e-02,0.000000000000000000e+00
9.663262128082388269e-01,-3.591053566169763456e-02,0.000000000000000000e+00
6.829866592366032885e-01,1.811899198412354195e-01,0.000000000000000000e+00
9.127228475472564106e-01,-3.143869685016624504e-02,0.000000000000000000e+00
5.653673096776016260e-01,-4.593913619370417617e-03,0.000000000000000000e+00
1.135737655308171501e+00,-3.648449077332307014e-03,0.000000000000000000e+00
1.164963756769151093e+00,-1.956066793961485500e-02,0.000000000000000000e+00
4.489789901939363337e-01,-1.043403798900242874e-03,0.000000000000000000e+00
6.862332896420175743e-01,3.364499169982420462e-03,0.000000000000000000e+00
5.300539099498052797e-01,-1.151978313551492022e-01,0.000000000000000000e+00
1.234914646432370589e+00,-2.498348049661629905e-02,0.000000000000000000e+00
5.890199369031219323e-01,9.100238832372567477e-02,0.000000000000000000e+00
5.870646621143420507e-01,-5.961386912981095354e-02,0.000000000000000000e+00
6.915580468101202305e-01,-9.809731341266451909e-02,0.000000000000000000e+00
3.683425699276380305e-01,-1.175248601932998155e-02,0.000000000000000000e+00
6.230328085231924273e-01,-6.615310347606608021e-02,0.000000000000000000e+00
5.932095867215604335e-01,-1.595451624747462258e-02,0.000000000000000000e+00
3.741483214424561887e-01,-4.805373249753641315e-03,0.000000000000000000e+00
4.243972522103406364e-01,-1.258662040503536264e-02,0.000000000000000000e+00
1.322559569432600224e+00,8.482094822665699196e-02,0.000000000000000000e+00
6.230924916527134094e-01,-3.661579191397000554e-02,0.000000000000000000e+00
7.507228666065911549e-01,5.301158446261521918e-03,0.000000000000000000e+00
1.301356071686099902e+00,-3.824744600884426998e-02,0.000000000000000000e+00
3.377132149851063692e-01,-4.180217145173878435e-02,0.000000000000000000e+00
8.494064818484008406e-01,-1.594428691911368642e-02,0.000000000000000000e+00
5.456385166206809689e-01,-1.080552372628556385e-02,0.000000000000000000e+00
6.539889461907926194e-01,3.039695602573842803e-02,0.000000000000000000e+00
1.073644045016216575e+00,-2.828983267081360345e-02,0.000000000000000000e+00
1.173571184622288710e+00,4.240218957053895066e-01,0.000000000000000000e+00
5.626031392305823609e-01,-6.179292976070243498e-02,0.000000000000000000e+00
5.079061690139899943e-01,-1.756320632492855633e-03,0.000000000000000000e+00
-1.108870327721854926e-01,-1.787675388628554322e-03,0.000000000000000000e+00
1.102433308828669967e+00,3.502610098469877142e-01,0.000000000000000000e+00
7.372559610792651652e-01,-1.182889488382433824e-01,0.000000000000000000e+00
7.146321948562874837e-01,-3.160451630015020073e-03,0.000000000000000000e+00
6.482016326733072153e-01,2.947216251787805885e-01,0.000000000000000000e+00
1.061222892143930840e+00,-4.431929811108581418e-02,0.000000000000000000e+00
9.826444422852057548e-01,-3.203680659488844507e-02,0.000000000000000000e+00
1.106893607008915037e+00,-8.954100777011508860e-02,0.000000000000000000e+00
2.519489404060034077e-01,-6.881545907336421471e-03,0.000000000000000000e+00
1.397041015416283116e+00,-4.026822434956222468e-02,0.000000000000000000e+00
5.733598359404468159e-01,-8.896040018294913351e-03,0.000000000000000000e+00
-1.240598727662534650e-01,2.012549602496359856e-03,0.000000000000000000e+00
3.239831175614685949e-02,-1.085419706903460561e-02,0.000000000000000000e+00
7.091631275548196944e-01,-8.136342424339104706e-02,0.000000000000000000e+00
6.625658744076237117e-01,-3.365740074489428392e-03,0.000000000000000000e+00
1.691706115530945964e-01,-2.829629405500133643e-02,0.000000000000000000e+00
2.583195450341045918e-01,-1.033449188771164845e-02,0.000000000000000000e+00
7.163676299053299834e-01,1.001190356962013833e-02,0.000000000000000000e+00
-1.184834468476002878e-01,6.594049189066358840e-02,0.000000000000000000e+00
7.545626343696106852e-01,-6.562646013230317987e-03,0.000000000000000000e+00
3.142765507134500647e-01,-1.699199374107011190e-02,0.000000000000000000e+00
1.045659780387105720e+00,-6.091238873144197430e-02,0.000000000000000000e+00
5.052471393298059166e-01,-9.254141015436551099e-02,0.000000000000000000e+00
6.886364107730201800e-01,-6.411997785705515415e-03,0.000000000000000000e+00
1.167214452146432047e+00,2.109004098525769366e-01,0.000000000000000000e+00
1.648851128003701039e-01,-1.094762480952563358e-02,0.000000000000000000e+00
8.165220503506019911e-01,1.467657193012410211e-01,0.000000000000000000e+00
8.975138280837435811e-01,8.061648885415441390e-02,0.000000000000000000e+00
8.003505269530345467e-01,2.913298516799273444e-02,0.000000000000000000e+00
1.150045276770791602e+00,-8.143371234274196513e-02,0.000000000000000000e+00
1.336407131858140973e+00,-1.720537241955795785e-02,0.000000000000000000e+00
-1.522517487874108510e-01,7.162186687427829143e-03,0.000000000000000000e+00
9.232097394712628358e-01,-2.184606975303990742e-02,0.000000000000000000e+00
5.496857081908802511e-01,2.748493304177039576e-02,0.000000000000000000e+00
7.990849521654764809e-01,-1.048029489996572632e-02,0.000000000000000000e+00
6.349749158944912875e-01,7.999798837017692375e-04,0.000000000000000000e+00
9.666400950271806236e-01,1.712247879012532004e-01,0.000000000000000000e+00
1.006058970825771670e+00,-3.868399290336911600e-02,0.000000000000000000e+00
1.024227661249779597e+00,-1.007007094600203059e-02,0.000000000000000000e+00
7.649136415237373088e-01,3.826402776732101829e-01,0.000000000000000000e+00
7.731209616063331458e-01,-5.382448021523043510e-03,0.000000000000000000e+00
6.742711968111555487e-01,-5.739094566627442155e-03,0.000000000000000000e+00
8.264835629713950249e-01,3.711419987154637168e-01,0.000000000000000000e+00
1.205085547402358515e+00,4.566338451419720001e-02,0.000000000000000000e+00
1.193668411063320223e+00,2.758048983390631523e-02,0.000000000000000000e+00
4.725265657699772026e-01,8.402399412285330507e-04,0.000000000000000000e+00
7.890373720225467569e-01,-1.038528018387355201e-02,0.000000000000000000e+00
1.088397268845485044e+00,5.535551396739506885e-02,0.000000000000000000e+00
2.974171711988700118e-01,-3.739701830371708335e-02,0.000000000000000000e+00
-1.247602688229035028e-01,-4.297457960901536478e-03,0.000000000000000000e+00
1.015162958420165046e-01,-1.753697024418159750e-02,0.000000000000000000e+00
6.049417955923641621e-01,-1.092292145884631981e-03,0.000000000000000000e+00
1.313102284433486089e+00,-1.276750548903948269e-02,0.000000000000000000e+00
8.177774068568983701e-01,-6.919937491326469230e-03,0.000000000000000000e+00
2.201952777012666229e-01,-1.091465425086938883e-02,0.000000000000000000e+00
4.910955881694150094e-01,3.810821866718305025e-03,0.000000000000000000e+00
7.672363101544003028e-01,5.225005711826397753e-02,0.000000000000000000e+00
5.208484202389562778e-01,-1.043146951327268181e-02,0.000000000000000000e+00
1.396287640009417741e+00,-3.884529996435455435e-02,0.000000000000000000e+00
9.660658981701645276e-01,-6.111684812379800796e-02,0.000000000000000000e+00
7.165310772726023458e-01,-4.121090619147572964e-02,0.000000000000000000e+00
8.499087992179775730e-01,-2.070749170187050764e-02,0.000000000000000000e+00
4.475024680499450902e-01,-4.772523972961250499e-02,0.000000000000000000e+00
5.579759422196157725e-01,-1.312511155465967763e-02,0.000000000000000000e+00
8.646992487620824841e-01,2.888147156520726178e-01,0.000000000000000000e+00
6.940941082897547076e-01,-1.928062128601736817e-03,0.000000000000000000e+00
6.391633569559926897e-01,-2.214507343364481486e-03,0.000000000000000000e+00
1.360635142801616571e+00,3.172625664686180152e-02,0.000000000000000000e+00
6.688678334812608872e-01,-2.123825319179448255e-03,0.000000000000000000e+00
6.189664654109776620e-01,-1.081320685096717055e-02,0.000000000000000000e+00
7.661260183796356760e-01,1.444386871178402615e-02,0.000000000000000000e+00
1.354130056340418831e+00,-1.354489888436111872e-02,0.000000000000000000e+00
-3.180694939141013450e-02,-4.554776559288279542e-02,0.000000000000000000e+00
1.213391723503409070e+00,4.998444702936782891e-02,0.000000000000000000e+00
-1.128260570620622516e-01,8.488467045347854179e-02,0.000000000000000000e+00
6.646597914352553316e-01,-1.113453271700392821e-01,0.000000000000000000e+00
4.813169889661985112e-01,-2.472609744626877264e-03,0.000000000000000000e+00
9.791165960640026977e-01,-7.567463892816091164e-02,0.000000000000000000e+00
5.843517834854125015e-01,1.137004571570206513e-01,0.000000000000000000e+00
4.950050072717446792e-01,1.627310545504909445e-01,0.000000000000000000e+00
3.006910342181858820e-01,-7.073648796731052749e-03,0.000000000000000000e+00
1.327774404557294785e+00,-2.996991337409221981e-02,0.000000000000000000e+00
1.396882942925181448e+00,-3.968770008500663304e-02,0.000000000000000000e+00
1.013849620069602553e+00,-1.213879155993444377e-02,0.000000000000000000e+00
9.150422468274463927e-01,-1.380093046786705878e-02,0.000000000000000000e+00
1.396631841022277998e+00,-4.507502545787273746e-02,0.000000000000000000e+00
6.666230224628477696e-01,-5.306150250146748210e-02,0.000000000000000000e+00
1.115331853461451334e-01,3.040821188751737306e-03,0.000000000000000000e+00
5.912428653035124437e-01,-1.473480718939314000e-03,0.000000000000000000e+00
1.096997904333470331e+00,-5.287997170345482001e-02,0.000000000000000000e+00
8.863224023195794832e-01,-9.575710051094621020e-03,0.000000000000000000e+00
-2.157030692294155949e-01,4.826117379410480718e-02,0.000000000000000000e+00
5.035904927033266754e-01,7.530723409394327050e-02,0.000000000000000000e+00
-1.899084524660620277e-01,9.345075163961930054e-02,0.000000000000000000e+00
7.901873690216567603e-01,2.851535276585135184e-02,0.000000000000000000e+00
1.545288366760698417e-01,-4.093545506364126168e-04,0.000000000000000000e+00
6.868250561054410896e-01,3.096532825868545391e-01,0.000000000000000000e+00
7.475912844323334694e-01,5.317457769644373666e-04,0.000000000000000000e+00
6.794098841552578261e-01,2.614086329305181488e-03,0.000000000000000000e+00
6.158052228974235653e-01,-1.239575207093449385e-02,0.000000000000000000e+00
9.521098906518633553e-01,-5.148558072539103497e-02,0.000000000000000000e+00
1.298050750012020860e+00,-1.393682572144839746e-02,0.000000000000000000e+00
9.876720976875156266e-01,-2.524873316750706961e-02,0.000000000000000000e+00
9.464144975756363376e-01,-8.930081454554719689e-02,0.000000000000000000e+00
1.084334176199685862e+00,-6.050623633551555081e-02,0.000000000000000000e+00
7.903726990982897771e-01,1.566159411531683338e-02,0.000000000000000000e+00
6.244530869186619704e-01,2.920673394964405298e-03,0.000000000000000000e+00
1.260158620321454537e+00,4.860012336179626163e-02,0.000000000000000000e+00
7.788468465451863221e-01,4.894880077057011487e-04,0.000000000000000000e+00
1.911210776199171180e-01,-1.200493645439670506e-02,0.000000000000000000e+00
8.722119237709298201e-01,2.635378818601533668e-01,0.000000000000000000e+00
5.241319366290192461e-01,-1.335912268962845262e-02,0.000000000000000000e+00
1.329718607790328910e+00,4.743616400053180665e-02,0.000000000000000000e+00
1.381088044916823077e-01,-1.140088970856732199e-02,0.000000000000000000e+00
-9.669702602601459862e-02,6.631104742891724690e-02,0.000000000000000000e+00
5.798304339585905742e-01,-3.543892836525990020e-02,0.000000000000000000e+00
9.819691506976875317e-01,-3.501808303016837320e-02,0.000000000000000000e+00
1.235658704670242747e+00,-4.343713939791922496e-02,0.000000000000000000e+00
6.850350665938469419e-01,-2.199776005865553778e-03,0.000000000000000000e+00
9.166372688842248095e-01,1.322178147721306263e-01,0.000000000000000000e+00
1.015323048511345139e+00,-8.868563607826793205e-02,0.000000000000000000e+00
7.727363028308510406e-01,1.468266594798848385e-02,0.000000000000000000e+00
5.747493713538324167e-01,-1.129246057706434908e-01,0.000000000000000000e+00
1.352903965915903450e+00,-6.898543337426675526e-02,0.000000000000000000e+00
7.306787792465098130e-01,9.613915751218225433e-03,0.000000000000000000e+00
3.446453582437440377e-01,-3.933593975568026521e-03,0.000000000000000000e+00
8.937934730319754273e-01,3.237622631522068528e-01,0.000000000000000000e+00
1.318092907318214602e+00,-1.136219328382689908e-02,0.000000000000000000e+00
9.886177090397646472e-01,-7.773962040764650049e-03,0.000000000000000000e+00
7.722941531240764546e-01,-2.298689978421680075e-02,0.000000000000000000e+00
7.143514204074932206e-01,9.152134450085404327e-02,0.000000000000000000e+00
7.282822113483168325e-01,-5.354033885348151445e-02,0.000000000000000000e+00
7.677310517957914859e-01,1.502747373671789628e-02,0.000000000000000000e+00
7.935067952891075027e-01,3.847915515152112303e-02,0.000000000000000000e+00
5.884472127612073722e-01,7.178600029066488364e-02,0.000000000000000000e+00
3.211105233945654724e-01,-1.069062844894458179e-02,0.000000000000000000e+00
1.261282536466570070e+00,-1.302886066005746850e-02,0.000000000000000000e+00
4.248750066688300464e-01,-3.957322578852832951e-02,0.000000000000000000e+00
6.384457292297596176e-01,-5.364696543934414398e-03,0.000000000000000000e+00
7.247084173155764475e-01,4.317228199021166946e-03,0.000000000000000000e+00
-1.450279023026192493e-01,4.228428545871033839e-02,0.000000000000000000e+00
3.996338988799690295e-01,-4.348301534959098796e-02,0.000000000000000000e+00
5.832122177440931532e-01,-6.963857921244139514e-03,0.000000000000000000e+00
6.789593121533762377e-01,-3.726494009114913043e-04,0.000000000000000000e+00
1.025381604874436636e+00,-5.684303452801191953e-02,0.000000000000000000e+00
5.557659136924502086e-01,-3.109283061928731773e-02,0.000000000000000000e+00
1.157477308434425423e+00,5.961183358724761461e-02,0.000000000000000000e+00
6.485319804375304642e-01,-7.537523087641260534e-03,0.000000000000000000e+00
5.432036280323336852e-01,-5.399398871467580088e-03,0.000000000000000000e+00
2.612082346817404255e-01,-2.150961700446470809e-02,0.000000000000000000e+00
4.839228540677256718e-01,1.146203351694814326e-01,0.000000000000000000e+00
7.619976443745030137e-01,1.380206124001525161e-02,0.000000000000000000e+00
1.081683440463808044e+00,-1.099447197735252402e-02,0.000000000000000000e+00
1.340316932150179552e+00,-4.129248240067115439e-02,0.000000000000000000e+00
1.367327548816786420e+00,2.317132532725019525e-02,0.000000000000000000e+00
8.356058103506262824e-02,-6.725501454725650585e-02,0.000000000000000000e+00
-1.040203952238066311e-02,-5.433347982315153007e-02,0.000000000000000000e+00
-4.344528014888168060e-02,-8.798646636666721324e-03,0.000000000000000000e+00
4.496744726887980659e-01,-7.989207344443917738e-03,0.000000000000000000e+00
3.930266225513051603e-01,-7.171881201680684916e-03,0.000000000000000000e+00
2.881248371382433282e-01,-7.094846823494332932e-02,0.000000000000000000e+00
6.936270471331577037e-01,-1.028023078050539210e-03,0.000000000000000000e+00
4.748683646134806979e-01,-5.528988407552827555e-02,0.000000000000000000e+00
-1.312801944650605623e-01,-2.521804823269590753e-02,0.000000000000000000e+00
4.541626535649646024e-01,-2.597780010940082401e-02,0.000000000000000000e+00
5.333363609628621882e-01,-1.396607105802368312e-02,0.000000000000000000e+00
7.458834454781431145e-01,3.068327806971663518e-01,0.000000000000000000e+00
1.064924517019714800e+00,-2.008622194310338144e-02,0.000000000000000000e+00
7.657585877498537252e-01,-6.232498378788552985e-03,0.000000000000000000e+00
3.702665574257286707e-01,-2.786149582457355701e-03,0.000000000000000000e+00
3.996262247821746882e-02,6.918200290822377032e-04,0.000000000000000000e+00
4.526327221269308976e-01,1.561218655657719556e-01,0.000000000000000000e+00
7.171841292853603500e-01,-4.078103301868963443e-03,0.000000000000000000e+00
5.851398025873886244e-01,-7.131189368771725413e-03,0.000000000000000000e+00
9.842112568205412249e-01,-4.794410545960185732e-02,0.000000000000000000e+00
4.599082925902433713e-03,2.762880512696282848e-02,0.000000000000000000e+00
8.301188034962587725e-01,-1.097224797316684840e-02,0.000000000000000000e+00
5.169727823769313391e-01,-5.648732219126163454e-03,0.000000000000000000e+00
-1.037535427468921773e-01,5.196273481293578467e-02,0.000000000000000000e+00
1.392490721129386433e+00,-1.996577130533130906e-02,0.000000000000000000e+00
7.595622175383487384e-01,-4.530550971805143677e-03,0.000000000000000000e+00
3.061091510731540066e-01,-1.030608027551371125e-02,0.000000000000000000e+00
1.349422027613539354e+00,-1.006747793906396723e-02,0.000000000000000000e+00
1.074542037315909804e+00,3.645550611097092553e-02,0.000000000000000000e+00
2.228048011145027651e-01,-1.257520580835311610e-02,0.000000000000000000e+00
6.095901091352970980e-01,-1.894314778352970685e-02,0.000000000000000000e+00
2.970946739293071071e-01,-1.060618887404797539e-02,0.000000000000000000e+00
8.393469184657250670e-01,-2.061333545731331221e-02,0.000000000000000000e+00
7.409606001478724613e-01,5.251918513419450568e-02,0.000000000000000000e+00
4.900518142388434750e-01,-9.391535612604837852e-03,0.000000000000000000e+00
9.087948002821474303e-01,-1.543011278370810119e-02,0.000000000000000000e+00
4.084482155074237175e-01,-2.334138913737713022e-03,0.000000000000000000e+00
4.806033847283766036e-01,-1.101343379772889153e-01,0.000000000000000000e+00
1.164744081662633768e+00,-4.796275425294590361e-02,0.000000000000000000e+00
-1.681042091331914901e-01,-2.810257265528188705e-02,0.000000000000000000e+00
6.391822218276085321e-01,-2.873669960786866002e-03,0.000000000000000000e+00
3.729363521938327541e-01,-5.704771715667449061e-02,0.000000000000000000e+00
1.579942897290146364e-01,-3.933179319918807260e-02,0.000000000000000000e+00
6.462114872552983114e-01,-9.460018516315919432e-03,0.000000000000000000e+00
1.042907690761706752e+00,3.587370246278802355e-02,0.000000000000000000e+00
7.131417137438924581e-01,-5.082086595844881934e-05,0.000000000000000000e+00
4.440937746664695984e-01,-8.240788318832126258e-03,0.000000000000000000e+00
1.275222235025011697e-01,-9.835077763486152133e-03,0.000000000000000000e+00
7.569098666843380174e-01,1.129398926654387805e-02,0.000000000000000000e+00
7.886023660211416431e-01,-6.795260242638737069e-02,0.000000000000000000e+00
4.061638200980379754e-01,-1.044857207797928733e-01,0.000000000000000000e+00
7.397409083364936411e-01,8.229730278464434876e-03,0.000000000000000000e+00
7.731030488146853896e-01,-5.724224454983240298e-03,0.000000000000000000e+00
1.284302203545836019e+00,-1.847200487719272144e-02,0.000000000000000000e+00
7.549429637310690611e-01,2.208615538332457315e-02,0.000000000000000000e+00
7.746934047522104905e-01,-4.226287199878650536e-03,0.000000000000000000e+00
7.184304912818603173e-01,-7.299121221165172542e-03,0.000000000000000000e+00
9.796632690873128269e-01,9.840438098135802225e-02,0.000000000000000000e+00
8.773195307601366899e-01,-1.696351635977187688e-02,0.000000000000000000e+00
7.784622372131945189e-01,-5.165579069441324223e-03,0.000000000000000000e+00
6.754634213676971033e-01,7.734038944547752883e-03,0.000000000000000000e+00
8.148569255147569690e-01,4.577619942686005430e-03,0.000000000000000000e+00
4.170040009408153558e-01,-1.300075465233291316e-02,0.000000000000000000e+00
1.198645055345482976e-02,6.718513625388905508e-02,0.000000000000000000e+00
1.568200180086682938e-01,-8.535404819481362537e-02,0.000000000000000000e+00
9.330954411149890992e-01,-2.944621021689138723e-02,0.000000000000000000e+00
1.197105330432578496e+00,-4.018309875694922595e-02,0.000000000000000000e+00
6.468397971904038535e-01,-5.252517991631703350e-04,0.000000000000000000e+00
7.504947199244906830e-01,-9.349164969824170709e-03,0.000000000000000000e+00
6.936208983141874951e-01,-1.103824654355612007e-02,0.000000000000000000e+00
2.016861581217705146e-01,-7.262514538349738868e-02,0.000000000000000000e+00
1.241439929886831939e+00,-2.246688160598057579e-02,0.000000000000000000e+00
1.238192211159635292e+00,-7.047495767679012868e-02,0.000000000000000000e+00
1.013964952561536403e+00,-8.982120127622650330e-02,0.000000000000000000e+00
-6.449070600146631499e-03,-3.732103317520802516e-02,0.000000000000000000e+00
1.001802673801397869e+00,3.109659800678143959e-02,0.000000000000000000e+00
1.001371653843625698e+00,-7.911170938830286437e-02,0.000000000000000000e+00
8.649242785443793657e-01,-2.158883416947822431e-02,0.000000000000000000e+00
5.489687288390714404e-01,2.127167090998554333e-01,0.000000000000000000e+00
4.515019293540875611e-01,-1.576785780100655940e-02,0.000000000000000000e+00
4.978759266779823056e-01,-3.914001117753623804e-02,0.000000000000000000e+00
1.295655679810550298e+00,-1.635917776774557450e-02,0.000000000000000000e+00
7.884969131216515992e-01,2.872666972028904350e-02,0.000000000000000000e+00
9.410920695018670790e-01,-3.770578853052568291e-02,0.000000000000000000e+00
1.076359380244289676e+00,1.737637901427742382e-01,0.000000000000000000e+00
5.834894568829993577e-01,1.214801324438144342e-01,0.000000000000000000e+00
1.337794205245555146e+00,-2.139237068959303975e-02,0.000000000000000000e+00
6.911799486075633769e-01,4.358221591637143760e-02,0.000000000000000000e+00
4.747560690053571064e-01,-2.247437163162802412e-03,0.000000000000000000e+00
1.126010592735577465e+00,-4.025465414282117238e-02,0.000000000000000000e+00
2.676748168324738497e-01,-4.209818703531038875e-02,0.000000000000000000e+00
1.102322929679189878e+00,-1.073260090469684708e-02,0.000000000000000000e+00
1.017566122855350086e-01,-9.378417753639879673e-03,0.000000000000000000e+00
9.038857664394817082e-02,-1.974189402844100244e-02,0.000000000000000000e+00
4.391133742148203289e-01,-1.810988159978765832e-02,0.000000000000000000e+00
1.270327536720947115e-01,-8.345283369583227084e-03,0.000000000000000000e+00
-4.825035639112497388e-02,-4.023251757003393908e-02,0.000000000000000000e+00
2.477910083817851800e-02,-1.281028017449300192e-02,0.000000000000000000e+00
1.267255703281222168e+00,3.627964589903900222e-02,0.000000000000000000e+00
2.527807971543831744e-01,-2.954640392043188929e-02,0.000000000000000000e+00
9.810149702645759584e-01,-2.848237317697041235e-02,0.000000000000000000e+00
6.688962846934709550e-01,-2.699221297345003566e-03,0.000000000000000000e+00
1.331406582036422481e+00,-2.605175993145449759e-02,0.000000000000000000e+00
6.608557424279793979e-01,5.662513164722116467e-04,0.000000000000000000e+00
7.153294530002302087e-01,-1.401239981673653694e-03,0.000000000000000000e+00
-6.638087235922447704e-02,-2.495668827454160243e-02,0.000000000000000000e+00
4.492822167852536519e-01,-1.797861841077710854e-02,0.000000000000000000e+00
7.017134059019438652e-01,-1.216831598262200879e-02,0.000000000000000000e+00
1.471741650407615953e+00,1.775799081469219554e-01,0.000000000000000000e+00
8.815800244671868624e-01,-9.743676293923702811e-03,0.000000000000000000e+00
1.084424637771126410e+00,-8.734061616395311090e-02,0.000000000000000000e+00
1.019869924585527832e+00,-9.735868893591774487e-02,0.000000000000000000e+00
6.680493339355243476e-01,-5.199442991949716070e-02,0.000000000000000000e+00
1.047268860786590317e+00,-9.723089349102723156e-02,0.000000000000000000e+00
5.827245209534981374e-01,1.670277186550347126e-01,0.000000000000000000e+00
5.178162261851740888e-01,-8.654936638157393475e-03,0.000000000000000000e+00
6.555411156795102334e-01,-1.698107608133870650e-04,0.000000000000000000e+00
5.743854038868019263e-01,-3.257739995652713001e-03,0.000000000000000000e+00
-1.349471086531026098e-01,6.323764472830804839e-02,0.000000000000000000e+00
5.904172953112134525e-01,6.479002431341591116e-03,0.000000000000000000e+00
1.239373798861326925e+00,-1.866861372410217115e-02,0.000000000000000000e+00
6.863201286644580179e-01,-2.049440020400023627e-02,0.000000000000000000e+00
1.085705455183956447e+00,-5.094102628354709589e-02,0.000000000000000000e+00
1.004406527978630503e+00,7.438581775350554259e-02,0.000000000000000000e+00
7.172259003545560230e-01,-3.633585258955635954e-03,0.000000000000000000e+00
-1.332148802802663734e-01,7.090536913408289343e-02,0.000000000000000000e+00
4.905716129361663569e-01,-3.154735964952560395e-02,0.000000000000000000e+00
1.669613742067676820e-01,-4.740118848515234573e-02,0.000000000000000000e+00
1.076869937979054725e+00,3.497686115759685022e-02,0.000000000000000000e+00
7.067682799123252702e-01,5.167355722939841883e-03,0.000000000000000000e+00
2.626969498132967762e-01,-2.259840837352297682e-02,0.000000000000000000e+00
3.888485787973782193e-01,-8.200018189226344900e-02,0.000000000000000000e+00
7.759647501700628336e-01,4.927704196860933569e-03,0.000000000000000000e+00
9.682682606636412448e-01,6.796925877758022705e-02,0.000000000000000000e+00
2.428668569152041823e-01,-1.194614673411868722e-02,0.000000000000000000e+00
7.543640157544914127e-01,-2.458685123708196415e-03,0.000000000000000000e+00
6.177645252960554112e-01,-4.998424923957303471e-03,0.000000000000000000e+00
6.839464883870759460e-01,-2.064043350592828160e-02,0.000000000000000000e+00
9.186781389784498542e-01,-5.205817135713540489e-02,0.000000000000000000e+00
-1.468362764023111999e-01,8.479559885046987489e-02,0.000000000000000000e+00
1.439709234682626515e-01,-1.341369220591709724e-02,0.000000000000000000e+00
7.587226689902667465e-01,1.837954392710351992e-01,0.000000000000000000e+00
9.748497709573902270e-01,-7.824422520341562520e-03,0.000000000000000000e+00
4.366089215190072648e-01,-1.307952408133786736e-02,0.000000000000000000e+00
8.121244094075256159e-01,4.268529590863457540e-02,0.000000000000000000e+00
4.286293289194031408e-01,-1.049005622165973539e-01,0.000000000000000000e+00
-5.553079181236882100e-02,-9.967235771989628110e-03,0.000000000000000000e+00
7.887864041866090581e-01,1.989494129356572383e-01,0.000000000000000000e+00
4.695971994249545367e-01,-7.143128250510976870e-03,0.000000000000000000e+00
3.305173042623826829e-01,-3.408144007672832959e-02,0.000000000000000000e+00
3.492093741391466555e-01,-2.086462163220994051e-02,0.000000000000000000e+00
1.102022395297841850e+00,-7.737449693226780556e-02,0.000000000000000000e+00
1.030549919953498206e+00,-4.844523516611275171e-02,0.000000000000000000e+00
1.389172178829932491e+00,-2.925290989593811938e-02,0.000000000000000000e+00
7.151554094445743415e-01,-3.794397871272374911e-04,0.000000000000000000e+00
6.003996166642702192e-01,3.876490239426857304e-02,0.000000000000000000e+00
7.231880610784107155e-01,-1.913797419641336504e-03,0.000000000000000000e+00
-4.048829012149941786e-02,-1.178037598267834413e-02,0.000000000000000000e+00
5.364625562736102804e-01,-2.015523437420835978e-02,0.000000000000000000e+00
5.298384815544205928e-01,2.828804197800346421e-01,0.000000000000000000e+00
4.175325361463217422e-01,-4.344139512663981045e-03,0.000000000000000000e+00
1.336552419412164738e-01,-1.133501130941464742e-02,0.000000000000000000e+00
3.799356811918694343e-01,-9.445253012810987323e-03,0.000000000000000000e+00
7.780916712176874084e-01,-7.658499508298219523e-03,0.000000000000000000e+00
-3.828295835540071468e-02,-1.982982363854102117e-03,0.000000000000000000e+00
6.094950354547585825e-01,1.074012993292062512e-01,0.000000000000000000e+00
7.798605741524776702e-01,-2.085693134170770596e-02,0.000000000000000000e+00
1.278117084448381069e-01,-4.327093273410511504e-02,0.000000000000000000e+00
2.252674786759352454e-01,-5.552085612417190751e-03,0.000000000000000000e+00
1.015029580306613166e+00,-2.713690549113518743e-02,0.000000000000000000e+00
1.659245497907564995e-02,-1.376198615522130318e-02,0.000000000000000000e+00
-2.241887660208841948e-01,1.711008720792782725e-02,0.000000000000000000e+00
3.591374245228847184e-01,-6.452696591918093486e-03,0.000000000000000000e+00
5.370714405260126334e-01,-5.224306100305722844e-02,0.000000000000000000e+00
1.368115270737126909e+00,9.667820520682551474e-03,0.000000000000000000e+00
1.361801723012261656e+00,-5.465174236123088169e-02,0.000000000000000000e+00
9.100451289970781232e-01,-1.056416396653569872e-01,0.000000000000000000e+00
1.259057116220898831e-01,-5.078092141169267271e-02,0.000000000000000000e+00
5.243535978004290055e-01,-1.134437383985912456e-02,0.000000000000000000e+00
6.495092478706987471e-01,-5.908717555186710629e-02,0.000000000000000000e+00
5.126405324934869556e-01,-4.266553018144118165e-02,0.000000000000000000e+00
1.325227395038758083e+00,4.722731014394668247e-02,0.000000000000000000e+00
7.963727842415032621e-01,-5.910693073930631432e-03,0.000000000000000000e+00
6.787591269283753670e-01,-1.826684845711433469e-02,0.000000000000000000e+00
1.387637416381757305e+00,9.214273751749846308e-02,0.000000000000000000e+00
4.782266605096089501e-02,-1.516482311446508760e-02,0.000000000000000000e+00
8.062679330150770429e-01,-7.352236588335372448e-03,0.000000000000000000e+00
7.629326058964966961e-01,1.893239362855938992e-03,0.000000000000000000e+00
6.083926618824807564e-01,-5.118062021022993721e-03,0.000000000000000000e+00
-2.168056251709506513e-02,-1.045560188561803043e-02,0.000000000000000000e+00
9.760077918518281770e-01,-6.422995023182635765e-02,0.000000000000000000e+00
8.000822932129513232e-01,3.138783990350663133e-01,0.000000000000000000e+00
1.450583762686710187e+00,6.538660912197455377e-02,0.000000000000000000e+00
3.555904713019473196e-01,-7.035139654374663112e-03,0.000000000000000000e+00
1.361225820764710992e+00,-2.556483942480726468e-02,0.000000000000000000e+00
6.067898443461138269e-01,-4.523477004945985168e-03,0.000000000000000000e+00
7.320899536149902964e-01,-5.361913488740412126e-03,0.000000000000000000e+00
8.391709730916381282e-01,-1.348190272417803745e-02,0.000000000000000000e+00
1.133701286173259826e+00,-1.553679475927481103e-02,0.000000000000000000e+00
1.270235661785456660e+00,8.208609373541873172e-03,0.000000000000000000e+00
3.752584814855147721e-01,-4.615609107133989732e-03,0.000000000000000000e+00
1.119713645903284371e+00,5.599675391586023815e-02,0.000000000000000000e+00
1.328940691574759247e+00,-1.387884600579280224e-02,0.000000000000000000e+00
5.588388175242382516e-01,-1.898561089563728307e-02,0.000000000000000000e+00
1.033078053188567047e+00,-9.867182136592117514e-02,0.000000000000000000e+00
7.071457116822899014e-01,-7.916169240663797901e-02,0.000000000000000000e+00
8.422105931583312444e-01,1.471891215157059563e-01,0.000000000000000000e+00
6.112625143485520551e-01,-3.166846052358042451e-03,0.000000000000000000e+00
8.174277777875829099e-01,-1.821620026925929031e-02,0.000000000000000000e+00
4.610633207637487296e-01,-5.340857697752858166e-03,0.000000000000000000e+00
1.193766630721946331e+00,4.243336290989165871e-01,0.000000000000000000e+00
6.428949931437960563e-01,-7.925114482330601270e-03,0.000000000000000000e+00
1.434915932377562875e+00,1.741161573107845306e-01,0.000000000000000000e+00
8.209619577624268638e-01,-9.746939161821397898e-03,0.000000000000000000e+00
4.856409842887007833e-01,-1.011984171953116823e-02,0.000000000000000000e+00
7.241024839971560434e-01,-1.950837064727698269e-04,0.000000000000000000e+00
-4.336372943164409216e-02,-2.798469530847798314e-02,0.000000000000000000e+00
3.023273616486768511e-01,1.071891142209051295e-01,0.000000000000000000e+00
7.512306442658789329e-01,1.018004097007920057e-02,0.000000000000000000e+00
5.120015616557029026e-02,-1.632832040237702786e-02,0.000000000000000000e+00
9.591756676723806052e-01,-1.041459682718404167e-01,0.000000000000000000e+00
1.164866537602480046e+00,-1.873628819773895046e-02,0.000000000000000000e+00
6.383306021304442357e-01,1.167527502745111523e-01,0.000000000000000000e+00
7.306111439224843851e-01,-4.537563984004672549e-03,0.000000000000000000e+00
7.880651909889462292e-01,-9.893796145331801989e-03,0.000000000000000000e+00
5.133550903225557738e-01,4.168326233729542640e-02,0.000000000000000000e+00
4.079152255904876512e-01,-8.448204369476568221e-02,0.000000000000000000e+00
9.051428920769485353e-01,-2.427935887013266125e-02,0.000000000000000000e+00
4.580247717845735700e-01,-1.158765364305343742e-01,0.000000000000000000e+00
4.682007961505351146e-01,-7.354613490121605923e-02,0.000000000000000000e+00
3.788870506174935038e-01,5.341547309111054770e-02,0.000000000000000000e+00
6.155073288484045335e-01,-8.345439591727940587e-03,0.000000000000000000e+00
1.566952058792439040e-01,-1.236822315162383439e-02,0.000000000000000000e+00
1.374428496527724475e+00,3.167100048536715118e-01,0.000000000000000000e+00
8.159526307253514021e-01,3.954300973296076549e-02,0.000000000000000000e+00
1.444227332974086675e+00,6.517848487795928347e-02,0.000000000000000000e+00
4.311489593679469490e-01,-1.060437317499472037e-03,0.000000000000000000e+00
7.022706838395544882e-01,-3.908993551420046272e-03,0.000000000000000000e+00
1.740499636875330047e-01,-3.232939832129328762e-03,0.000000000000000000e+00
1.340408425457804587e+00,-2.159398201540731080e-04,0.000000000000000000e+00
8.033373466238005189e-01,1.540080873719248955e-01,0.000000000000000000e+00
1.061506843275939360e+00,-1.310928938060792331e-02,0.000000000000000000e+00
8.592991613117170191e-01,-1.687027944670809951e-02,0.000000000000000000e+00
3.305449661493270463e-01,-1.159307430277231078e-02,0.000000000000000000e+00
7.225037444536968056e-01,3.442736336412803057e-03,0.000000000000000000e+00
8.696982390844179012e-01,-1.005505299736450670e-01,0.000000000000000000e+00
5.974102991801425455e-01,1.939936221107140327e-02,0.000000000000000000e+00
3.831291633236880712e-01,-7.587804025300397270e-02,0.000000000000000000e+00
7.297770961121679001e-01,-5.834873778838994135e-03,0.000000000000000000e+00
7.699932198046437470e-01,-1.155848272435283514e-01,0.000000000000000000e+00
7.199737204248457534e-01,-1.498075946383490946e-02,0.000000000000000000e+00
7.619796184573179865e-01,-5.735385169332343075e-02,0.000000000000000000e+00
6.147509703840376982e-01,-1.840195472596175760e-02,0.000000000000000000e+00
1.026875967421170682e-01,-1.258386725993459153e-02,0.000000000000000000e+00
7.407756791026608445e-01,-3.109479959760053785e-02,0.000000000000000000e+00
7.639416866783075299e-01,-3.271297353643743897e-03,0.000000000000000000e+00
1.222032420794028518e+00,4.178670346134668589e-01,0.000000000000000000e+00
7.277193915859506701e-01,-2.357240156307026380e-03,0.000000000000000000e+00
1.196136113148523750e-01,-3.013876691367010571e-02,0.000000000000000000e+00
7.685804339294306509e-01,-2.585112679687449097e-04,0.000000000000000000e+00
1.468461517916320291e+00,1.383846254042796209e-02,0.000000000000000000e+00
6.829622118022032895e-01,-1.669718440131168213e-03,0.000000000000000000e+00
1.276826937521483574e+00,-3.465677254908685473e-02,0.000000000000000000e+00
7.362553559328510744e-01,2.740803062812258162e-02,0.000000000000000000e+00
6.426645829837484003e-01,-8.570743851365919194e-03,0.000000000000000000e+00
7.092177102299244140e-01,1.897065131696546109e-03,0.000000000000000000e+00
6.323322486357843553e-02,-6.461477658787186454e-03,0.000000000000000000e+00
9.227145314084584937e-01,-8.136955825090941286e-02,0.000000000000000000e+00
7.332608758519465475e-01,-7.686359403422876081e-03,0.000000000000000000e+00
8.149149510647241135e-02,6.942354106749478587e-03,0.000000000000000000e+00
1.200473067530915650e+00,7.022494930197992202e-02,0.000000000000000000e+00
3.014895785024280794e-01,-1.006769180107536070e-02,0.000000000000000000e+00
1.313287463305670366e+00,6.853985180463464943e-02,0.000000000000000000e+00
-1.988242951386926527e-01,6.868318669881937066e-02,0.000000000000000000e+00
9.474843950230866785e-01,6.890852168306998982e-02,0.000000000000000000e+00
1.223025974537555793e+00,-1.442154621944786302e-02,0.000000000000000000e+00
1.148910291678086448e+00,-2.687480995683386512e-02,0.000000000000000000e+00
8.666874091986849216e-01,1.170460030581681743e-01,0.000000000000000000e+00
5.063965702594090956e-01,-5.677597648185544674e-03,0.000000000000000000e+00
4.075979122300181778e-01,-2.117370476025222728e-02,0.000000000000000000e+00
7.380665853333227000e-01,-6.195131783087110336e-03,0.000000000000000000e+00
6.395300166629340755e-01,-3.674335024565902625e-03,0.000000000000000000e+00
1.061092644883371072e+00,-9.463572272771374194e-02,0.000000000000000000e+00
6.634307533775316568e-01,-3.489920113287273747e-03,0.000000000000000000e+00
1.001161879608973848e+00,-3.263032002007656973e-02,0.000000000000000000e+00
7.907166928336021305e-01,4.061398759796594482e-02,0.000000000000000000e+00
1.322040592831015271e+00,-6.913216859982416682e-03,0.000000000000000000e+00
1.027228140683738911e+00,-4.186978109007106347e-02,0.000000000000000000e+00
3.217133889786615020e-02,-7.581738426234492338e-03,0.000000000000000000e+00
9.683628549438062505e-01,-1.501566201638243614e-02,0.000000000000000000e+00
7.261576248477785711e-01,-3.253693779600397989e-02,0.000000000000000000e+00
6.243649609238817177e-01,-5.745363790574306573e-02,0.000000000000000000e+00
6.639663577473775558e-01,1.163949602707487485e-01,0.000000000000000000e+00
1.167501469532923331e+00,-3.619190796728751630e-02,0.000000000000000000e+00
6.329896320907817397e-01,-1.288620013674355788e-02,0.000000000000000000e+00
1.398072876308599222e+00,6.086041912934381931e-02,0.000000000000000000e+00
3.334643821424251309e-01,-1.189417858381656284e-02,0.000000000000000000e+00
5.234878103527240700e-01,-7.581645262252535364e-03,0.000000000000000000e+00
5.610326068045702330e-01,-7.991833534913483569e-04,0.000000000000000000e+00
5.583880280570434618e-01,-1.001178583225324423e-02,0.000000000000000000e+00
1.333786815707138640e+00,-2.976119360476980891e-02,0.000000000000000000e+00
3.363757379817876314e-02,-1.052644567403923127e-02,0.000000000000000000e+00
4.498871579155619971e-01,-4.105277802533990883e-02,0.000000000000000000e+00
6.641386569770871828e-01,-2.219482550002388737e-03,0.000000000000000000e+00
4.182270657686470994e-01,-3.613799363724287672e-02,0.000000000000000000e+00
2.471860812739261892e-01,-7.438201663201243763e-02,0.000000000000000000e+00
2.795608951607963522e-01,-1.144454805017148732e-02,0.000000000000000000e+00
1.920902064387547958e-01,-1.683794051518242019e-02,0.000000000000000000e+00
6.628285210668319882e-01,-2.680046223342187357e-03,0.000000000000000000e+00
8.595057405341588463e-01,4.384068356532386940e-02,0.000000000000000000e+00
7.657456645692751751e-01,-8.426818483879652474e-03,0.000000000000000000e+00
4.093554363766852555e-01,1.096575440869595927e-04,0.000000000000000000e+00
5.332025451408848316e-01,-1.352042381172006980e-02,0.000000000000000000e+00
1.195370543245864781e+00,6.169616494327375550e-02,0.000000000000000000e+00
2.102875418414404049e-02,-7.125304250523144603e-03,0.000000000000000000e+00
7.167362094907433478e-01,-4.688991524680509101e-03,0.000000000000000000e+00
5.928800741880926317e-01,-1.187925089791701423e-02,0.000000000000000000e+00
1.314767520321588057e+00,-1.040105440882781868e-02,0.000000000000000000e+00
-1.102030235414529769e-01,5.745326910113932040e-02,0.000000000000000000e+00
7.068385855476945201e-01,1.743469758886518617e-01,0.000000000000000000e+00
7.297547411337310663e-01,-6.480107672766710972e-03,0.000000000000000000e+00
6.869857583921384382e-03,-4.114877190597681159e-03,0.000000000000000000e+00
3.476035266657115375e-01,-1.788109832267452404e-02,0.000000000000000000e+00
1.042170988026179579e+00,-3.452865017508698064e-02,0.000000000000000000e+00
7.531597195157356817e-01,1.222843620013665256e-02,0.000000000000000000e+00
4.554418532412817244e-01,8.534905976037825831e-06,0.000000000000000000e+00
4.808875040727241812e-01,-5.545739514400677139e-02,0.000000000000000000e+00
7.970439648543573563e-01,-2.316306689902020849e-02,0.000000000000000000e+00
7.864679738946767085e-02,-2.462575565592640958e-02,0.000000000000000000e+00
1.237283160636088342e+00,4.013652741558569603e-02,0.000000000000000000e+00
9.202267423256434986e-01,7.366399803534871837e-02,0.000000000000000000e+00
6.711812178777614157e-01,-6.748367146225048296e-02,0.000000000000000000e+00
1.235083514402764315e+00,-5.679704929357382026e-02,0.000000000000000000e+00
1.222738321912567594e+00,-3.105055597157486968e-02,0.000000000000000000e+00
7.641077807365238561e-01,1.601036376456107385e-02,0.000000000000000000e+00
5.485773156379383231e-01,1.597838732192768951e-01,0.000000000000000000e+00
7.696846027874090224e-01,-1.883010452435331886e-03,0.000000000000000000e+00
2.351824715936046695e-01,-1.316958120081108442e-02,0.000000000000000000e+00
-5.945056751026076003e-02,2.140889873952321956e-02,0.000000000000000000e+00
1.163584334393155784e+00,-3.080255864428181611e-02,0.000000000000000000e+00
9.619646781834040317e-01,-3.961047192020939606e-02,0.000000000000000000e+00
9.343305295025090551e-01,-7.601054242673749295e-02,0.000000000000000000e+00
1.138676497165200585e+00,-3.969408857036094140e-02,0.000000000000000000e+00
6.693508691093799090e-01,-1.958286346765022654e-02,0.000000000000000000e+00
5.957595243750937186e-01,-3.385479873852169364e-02,0.000000000000000000e+00
4.721087110752253402e-01,-7.163525232209741467e-03,0.000000000000000000e+00
1.323411092182487314e+00,8.351397176304824893e-03,0.000000000000000000e+00
-1.413708558645158098e-01,3.396956439787086977e-03,0.000000000000000000e+00
-1.004930951619692758e-01,4.675156522871358467e-02,0.000000000000000000e+00
6.190322633656036855e-01,6.104893236024316883e-02,0.000000000000000000e+00
3.846583914273373761e-01,-4.786230123972841366e-02,0.000000000000000000e+00
6.623824895255669976e-01,-3.404993395810252451e-03,0.000000000000000000e+00
3.184544585936076033e-01,-7.333844742814860790e-03,0.000000000000000000e+00
5.696400833911681449e-02,-9.939878025663038616e-03,0.000000000000000000e+00
1.164320911467050523e+00,2.320562277235662385e-01,0.000000000000000000e+00
7.996467372574719290e-01,2.703697767951676045e-01,0.000000000000000000e+00
1.057509861778267446e+00,-1.479926999738787746e-02,0.000000000000000000e+00
8.117296486443972281e-01,-1.463260220533862607e-02,0.000000000000000000e+00
9.609746632728332072e-01,-9.386493963630188758e-03,0.000000000000000000e+00
4.319594587874971414e-01,-6.000795140840760322e-02,0.000000000000000000e+00
-1.843831940572335792e-01,1.109467172611770941e-01,0.000000000000000000e+00
8.267062214894278505e-01,7.161795617485858245e-02,0.000000000000000000e+00
1.438404965340332353e+00,1.903248180367967182e-02,0.000000000000000000e+00
1.409216196655786568e+00,3.493976208048873433e-01,0.000000000000000000e+00
1.430088297691361587e+00,1.001601619889031999e-02,0.000000000000000000e+00
5.896243714282820569e-01,-4.380370958725207479e-03,0.000000000000000000e+00
7.334666267279059682e-01,3.633746935800160616e-01,0.000000000000000000e+00
1.286591512844480256e+00,-6.201803737832453645e-02,0.000000000000000000e+00
3.174666956506340676e-01,-1.365379830199413107e-02,0.000000000000000000e+00
3.459992756746131382e-01,-1.021186365878236774e-01,0.000000000000000000e+00
2.143602676269258656e-02,-3.683051315961149291e-02,0.000000000000000000e+00
1.251861360470114093e+00,1.479662386030830834e-01,0.000000000000000000e+00
-6.439519556149411739e-02,2.505945127254393875e-02,0.000000000000000000e+00
7.441164937230078102e-01,3.232895680929795575e-03,0.000000000000000000e+00
1.224002990554628051e-01,-1.375843230327550293e-02,0.000000000000000000e+00
7.360368222979750685e-01,-4.018107746623218041e-03,0.000000000000000000e+00
-4.529349385970327796e-02,-2.921861652179909286e-02,0.000000000000000000e+00
-1.307220896107151309e-01,-3.125197284864367903e-02,0.000000000000000000e+00
3.173597055999684002e-01,-4.293185296623419980e-03,0.000000000000000000e+00
1.400884977395368824e-01,1.849058164440080688e-03,0.000000000000000000e+00
-9.648348956892636996e-02,-3.497178586741638007e-02,0.000000000000000000e+00
2.494033435253007469e-01,-1.354115484130169987e-02,0.000000000000000000e+00
5.731903984266185637e-01,-2.328763170921272635e-02,0.000000000000000000e+00
5.590172952777821003e-01,3.069433317775352443e-01,0.000000000000000000e+00
6.573772984533570174e-01,-6.749822233558301979e-03,0.000000000000000000e+00
1.118791989018299127e+00,-2.812285928607343582e-02,0.000000000000000000e+00
1.328852087681337224e+00,-1.053321908258294561e-02,0.000000000000000000e+00
3.938041477039134763e-01,-6.714406384563609276e-03,0.000000000000000000e+00
1.239650664311319872e+00,4.103787660775473634e-03,0.000000000000000000e+00
1.007672940467683187e+00,4.051677765215024735e-02,0.000000000000000000e+00
9.688699884728471101e-01,3.208311239442693807e-01,0.000000000000000000e+00
5.422668183170232803e-01,-9.038530490021672026e-03,0.000000000000000000e+00
1.404335134650454113e-02,-4.471322615560305996e-02,0.000000000000000000e+00
6.376717611511585337e-01,-4.650945189129201962e-02,0.000000000000000000e+00
8.086319990118484569e-01,3.103378733666102285e-01,0.000000000000000000e+00
-1.060314119633368468e-01,-2.389961515026422026e-02,0.000000000000000000e+00
3.874643321625388381e-01,-1.388899001284521310e-02,0.000000000000000000e+00
2.702384650883833395e-01,-6.667347234383847951e-03,0.000000000000000000e+00
5.558079758929359571e-01,-5.098506770803319654e-02,0.000000000000000000e+00
2.519083563854624397e-01,-1.360644282179862205e-02,0.000000000000000000e+00
3.932216220306751220e-01,-9.930669324475697654e-03,0.000000000000000000e+00
9.448556535514949228e-01,1.009805268584367671e-02,0.000000000000000000e+00
7.745826527242204440e-01,-7.844430992476285336e-02,0.000000000000000000e+00
-7.955895782757953227e-02,-2.994229331542483385e-02,0.000000000000000000e+00
7.827373594000069934e-01,2.692859392935853264e-03,0.000000000000000000e+00
4.851932624035114605e-01,-2.611698698895901713e-02,0.000000000000000000e+00
8.177495814181500178e-01,2.847806496331113310e-02,0.000000000000000000e+00
3.382077680985617896e-02,-4.580315768933036769e-02,0.000000000000000000e+00
3.321748716977789839e-01,1.557338048478233428e-01,0.000000000000000000e+00
6.966254263689934945e-01,-3.323131599513007815e-03,0.000000000000000000e+00
8.732445682128077147e-01,-8.526069414080239550e-03,0.000000000000000000e+00
-1.880311261284327018e-01,2.511029296359644503e-02,0.000000000000000000e+00
2.510586340764602298e-01,-1.302797404623719235e-02,0.000000000000000000e+00
1.185789185896567011e+00,-4.053228025946552238e-02,0.000000000000000000e+00
1.359408259054900592e+00,1.889918906377084998e-02,0.000000000000000000e+00
6.815247239134216706e-01,1.122508771327353043e-03,0.000000000000000000e+00
9.828501200791807113e-01,-3.112029371595026461e-02,0.000000000000000000e+00
6.598159567968414629e-01,2.955316706300868401e-01,0.000000000000000000e+00
1.049038992330877662e-01,3.534151939206162194e-03,0.000000000000000000e+00
8.175580993192905765e-01,4.153784782995940950e-02,0.000000000000000000e+00
1.002855528670383745e+00,-3.774235162765241652e-02,0.000000000000000000e+00
8.990437702160479772e-01,1.637990514941158049e-01,0.000000000000000000e+00
8.626404369217307577e-01,-2.576267753608046246e-02,0.000000000000000000e+00
6.757251412463816109e-01,3.576246397210744998e-01,0.000000000000000000e+00
1.044983609326375573e+00,-2.528538876297269783e-02,0.000000000000000000e+00
1.253366506499437039e+00,1.715388791062792684e-02,0.000000000000000000e+00
7.472694863280622268e-01,5.051850637682536727e-02,0.000000000000000000e+00
7.577391946389788746e-01,-5.108417688513678008e-03,0.000000000000000000e+00
4.012865625515140700e-01,-7.585134611514864067e-02,0.000000000000000000e+00
6.036507931833483553e-01,-3.231721751222383504e-02,0.000000000000000000e+00
2.524483657510240286e-01,-1.234985904893557383e-02,0.000000000000000000e+00
4.942927084378442304e-01,-1.023259827067207924e-02,0.000000000000000000e+00
1.354173711977660233e+00,-3.203986719985189163e-02,0.000000000000000000e+00
7.548465801472014070e-01,-5.728082592588621194e-03,0.000000000000000000e+00
7.614798623719488679e-01,-6.247285407246824795e-03,0.000000000000000000e+00
1.610191837206322585e-01,-1.021422919673002638e-02,0.000000000000000000e+00
6.240590053641582591e-01,-4.525296363863496457e-02,0.000000000000000000e+00
5.568677525045723220e-01,-3.334649047828899815e-02,0.000000000000000000e+00
6.716874996847971291e-01,2.659974671611740242e-04,0.000000000000000000e+00
-1.604752590747679508e-01,9.376156502015869920e-02,0.000000000000000000e+00
5.627455536460913565e-01,-6.927556157526949462e-03,0.000000000000000000e+00
1.342592232525162244e+00,5.812041889900624453e-02,0.000000000000000000e+00
6.496868770485484390e-01,-7.745074076802135193e-03,0.000000000000000000e+00
8.926584739088141429e-01,3.514790390601872649e-02,0.000000000000000000e+00
4.625189802003425166e-02,4.657582248908356121e-03,0.000000000000000000e+00
6.514494392750838081e-01,-3.867260628531213329e-02,0.000000000000000000e+00
5.162783482438091376e-01,-6.320212292545860332e-03,0.000000000000000000e+00
2.458236234424797939e-01,-9.771670396550508064e-02,0.000000000000000000e+00
3.819942134019240210e-01,1.080966503015715896e-01,0.000000000000000000e+00
6.417574204320968256e-01,1.808812966850217308e-01,0.000000000000000000e+00
4.918955032649531822e-01,-9.853067182434036703e-03,0.000000000000000000e+00
5.166605261131139715e-01,-6.500936584775927028e-03,0.000000000000000000e+00
1.292162771614080219e+00,-2.109609765746796317e-02,0.000000000000000000e+00
6.471961042397695874e-01,-1.292787330451741767e-02,0.000000000000000000e+00
7.805577057720817225e-01,-4.527374450618845865e-03,0.000000000000000000e+00
1.019505711164766071e+00,1.575908115664801518e-02,0.000000000000000000e+00
2.288106374005714483e-01,9.736140185660043661e-03,0.000000000000000000e+00
-1.247309150371563868e-01,7.019483995094696893e-02,0.000000000000000000e+00
1.321158229757118718e+00,3.469732296965410967e-01,0.000000000000000000e+00
3.201123653095543364e-01,6.126082768791313304e-04,0.000000000000000000e+00
7.366269971017453955e-01,3.094011710836136464e-01,0.000000000000000000e+00
6.080966544187590417e-01,2.397761997756888697e-01,0.000000000000000000e+00
5.566076994815216672e-01,-4.508866408800882297e-03,0.000000000000000000e+00
5.757133925915550732e-01,1.740700077965550707e-01,0.000000000000000000e+00
-1.659857491442539856e-01,1.386679808089511488e-02,0.000000000000000000e+00
1.271799038100589252e+00,-2.029769214805992109e-02,0.000000000000000000e+00
6.182803023128813358e-01,-2.221839113852684330e-02,0.000000000000000000e+00
1.312460994593638075e+00,-1.473430760561075283e-02,0.000000000000000000e+00
9.779837912591619054e-01,7.352049150751044371e-02,0.000000000000000000e+00
5.793621695491887325e-01,6.667444628126109737e-04,0.000000000000000000e+00
1.671228195201755196e-01,-5.995398663300771820e-03,0.000000000000000000e+00
6.035581954968367580e-01,9.116456680157453141e-02,0.000000000000000000e+00
1.121252935737718337e+00,3.997041443374204084e-01,0.000000000000000000e+00
6.251165002801433168e-01,-1.992077698623353696e-02,0.000000000000000000e+00
-1.298017421224077483e-01,8.061840986972630685e-02,0.000000000000000000e+00
1.035585154519232276e+00,-3.094389118956726581e-02,0.000000000000000000e+00
1.187498188042195535e+00,4.790495595907563742e-02,0.000000000000000000e+00
7.883297967600492173e-01,1.365223346654239334e-01,0.000000000000000000e+00
1.227272848306347974e+00,-1.799520117864661720e-02,0.000000000000000000e+00
1.344592478716409190e+00,2.504624335582757988e-01,0.000000000000000000e+00
1.190550090592654264e+00,1.384234339764205957e-01,0.000000000000000000e+00
4.821605529202931950e-01,-6.018312456161020469e-04,0.000000000000000000e+00
2.996788432759026621e-01,-1.065472472033925228e-01,0.000000000000000000e+00
3.735753887922953903e-02,-1.270679241943337145e-02,0.000000000000000000e+00
1.317788374934920848e+00,-1.376192650796892979e-02,0.000000000000000000e+00
1.370498699585754210e+00,-4.916022666659233820e-02,0.000000000000000000e+00
4.931511994770099716e-01,2.626777898917104226e-01,0.000000000000000000e+00
7.189255408897196054e-01,-4.097223348038743322e-03,0.000000000000000000e+00
8.127604117814375417e-01,4.967988501882498326e-02,0.000000000000000000e+00
1.338456739108014437e+00,-2.962745001161059058e-02,0.000000000000000000e+00
6.282712781117014700e-01,-1.145321505336167750e-01,0.000000000000000000e+00
1.075604560854565461e+00,4.173489007450286725e-01,0.000000000000000000e+00
5.567613916051749046e-01,-8.093218818134613121e-03,0.000000000000000000e+00
7.124210809100579578e-01,-2.749753407792334542e-02,0.000000000000000000e+00
4.692948722090138358e-01,-1.005609589521017089e-01,0.000000000000000000e+00
1.412516300846577089e+00,-2.038434523127083745e-02,0.000000000000000000e+00
5.295324273848966978e-01,-1.376269853786092623e-02,0.000000000000000000e+00
4.094575324306595765e-01,2.141163849043155321e-01,0.000000000000000000e+00
7.669010570356165069e-01,1.645304986100378864e-04,0.000000000000000000e+00
6.484528166255388859e-01,-8.544182424943119747e-03,0.000000000000000000e+00
6.408166271577349082e-01,-6.226569171928572448e-03,0.000000000000000000e+00
